0 verbose cli /usr/local/bin/node /usr/local/bin/npm
1 info using npm@11.6.2
2 info using node@v24.12.0
3 silly config load:file:/usr/local/lib/node_modules/npm/npmrc
4 silly config load:file:/Users/chiragyogeshpednekar/Documents/0987654321/next-app/.npmrc
5 silly config load:file:/Users/chiragyogeshpednekar/Documents/0987654321/.npmrc
6 silly config load:file:/usr/local/etc/npmrc
7 verbose title npm install
8 verbose argv "install"
9 verbose logfile logs-max:10 dir:/Users/chiragyogeshpednekar/Documents/0987654321/.npm/_logs/2026-08-17T17_30_54_915Z-
10 verbose logfile /Users/chiragyogeshpednekar/Documents/0987654321/.npm/_logs/2026-08-17T17_30_54_915Z-debug-0.log
11 silly logfile done cleaning log files
12 silly packumentCache heap:4496293888 maxSize:1124073472 maxEntrySize:562036736
13 silly idealTree buildDeps
14 silly fetch manifest next@16.3.1
15 silly packumentCache full:https://registry.npmjs.org/next cache-miss
16 http fetch GET 200 https://registry.npmjs.org/next 5160ms (cache miss)
17 silly packumentCache full:https://registry.npmjs.org/next set size:undefined disposed:false
18 silly fetch manifest @opentelemetry/api@^1.1.0
19 silly packumentCache full:https://registry.npmjs.org/@opentelemetry%2fapi cache-miss
20 http fetch GET 200 https://registry.npmjs.org/@opentelemetry%2fapi 109ms (cache miss)
21 silly packumentCache full:https://registry.npmjs.org/@opentelemetry%2fapi set size:undefined disposed:false
22 silly fetch manifest @playwright/test@^1.51.1
23 silly packumentCache full:https://registry.npmjs.org/@playwright%2ftest cache-miss
24 http fetch GET 200 https://registry.npmjs.org/@playwright%2ftest 752ms (cache miss)
25 silly packumentCache full:https://registry.npmjs.org/@playwright%2ftest set size:undefined disposed:false
26 silly fetch manifest babel-plugin-react-compiler@*
27 silly packumentCache full:https://registry.npmjs.org/babel-plugin-react-compiler cache-miss
28 http fetch GET 200 https://registry.npmjs.org/babel-plugin-react-compiler 108ms (cache miss)
29 silly packumentCache full:https://registry.npmjs.org/babel-plugin-react-compiler set size:undefined disposed:false
30 silly fetch manifest react@19.2.8
31 silly packumentCache full:https://registry.npmjs.org/react cache-miss
32 http fetch GET 200 https://registry.npmjs.org/react 447ms (cache miss)
33 silly packumentCache full:https://registry.npmjs.org/react set size:undefined disposed:false
34 silly fetch manifest react-dom@19.2.8
35 silly packumentCache full:https://registry.npmjs.org/react-dom cache-miss
36 http fetch GET 200 https://registry.npmjs.org/react-dom 404ms (cache miss)
37 silly packumentCache full:https://registry.npmjs.org/react-dom set size:undefined disposed:false
38 silly fetch manifest sass@^1.3.0
39 silly packumentCache full:https://registry.npmjs.org/sass cache-miss
40 http fetch GET 200 https://registry.npmjs.org/sass 108ms (cache miss)
41 silly packumentCache full:https://registry.npmjs.org/sass set size:undefined disposed:false
42 silly fetch manifest @types/node@^20
43 silly packumentCache full:https://registry.npmjs.org/@types%2fnode cache-miss
44 http fetch GET 200 https://registry.npmjs.org/@types%2fnode 5921ms (cache miss)
45 silly packumentCache full:https://registry.npmjs.org/@types%2fnode set size:undefined disposed:false
46 silly fetch manifest @types/react@^19
47 silly packumentCache full:https://registry.npmjs.org/@types%2freact cache-miss
48 http fetch GET 200 https://registry.npmjs.org/@types%2freact 168ms (cache miss)
49 silly packumentCache full:https://registry.npmjs.org/@types%2freact set size:undefined disposed:false
50 silly fetch manifest @types/react-dom@^19
51 silly packumentCache full:https://registry.npmjs.org/@types%2freact-dom cache-miss
52 http fetch GET 200 https://registry.npmjs.org/@types%2freact-dom 473ms (cache miss)
53 silly packumentCache full:https://registry.npmjs.org/@types%2freact-dom set size:undefined disposed:false
54 silly fetch manifest eslint@^9
55 silly packumentCache full:https://registry.npmjs.org/eslint cache-miss
56 http fetch GET 200 https://registry.npmjs.org/eslint 112ms (cache miss)
57 silly packumentCache full:https://registry.npmjs.org/eslint set size:undefined disposed:false
58 silly fetch manifest jiti@*
59 silly packumentCache full:https://registry.npmjs.org/jiti cache-miss
60 http fetch GET 200 https://registry.npmjs.org/jiti 72ms (cache miss)
61 silly packumentCache full:https://registry.npmjs.org/jiti set size:undefined disposed:false
62 silly fetch manifest eslint-config-next@16.3.1
63 silly packumentCache full:https://registry.npmjs.org/eslint-config-next cache-miss
64 http fetch GET 200 https://registry.npmjs.org/eslint-config-next 259ms (cache miss)
65 silly packumentCache full:https://registry.npmjs.org/eslint-config-next set size:undefined disposed:false
66 silly fetch manifest typescript@^5
67 silly packumentCache full:https://registry.npmjs.org/typescript cache-miss
68 http fetch GET 200 https://registry.npmjs.org/typescript 473ms (cache miss)
69 silly packumentCache full:https://registry.npmjs.org/typescript set size:undefined disposed:false
70 silly placeDep ROOT @types/node@20.19.43 OK for: next-app@0.1.0 want: ^20
71 silly placeDep ROOT @types/react@19.2.18 OK for: next-app@0.1.0 want: ^19
72 silly placeDep ROOT @types/react-dom@19.2.4 OK for: next-app@0.1.0 want: ^19
73 silly placeDep ROOT eslint@9.39.5 OK for: next-app@0.1.0 want: ^9
74 silly placeDep ROOT eslint-config-next@16.3.1 OK for: next-app@0.1.0 want: 16.3.1
75 silly placeDep ROOT next@16.3.1 OK for: next-app@0.1.0 want: 16.3.1
76 silly placeDep ROOT react@19.2.8 OK for: next@16.3.1 want: ^18.2.0 || 19.0.0-rc-de68d2f4-20241204 || ^19.0.0
77 silly placeDep ROOT react-dom@19.2.8 OK for: next@16.3.1 want: ^18.2.0 || 19.0.0-rc-de68d2f4-20241204 || ^19.0.0
78 silly placeDep ROOT typescript@5.9.3 OK for: next-app@0.1.0 want: ^5
79 silly fetch manifest undici-types@~6.21.0
80 silly packumentCache full:https://registry.npmjs.org/undici-types cache-miss
81 silly fetch manifest csstype@^3.2.2
82 silly packumentCache full:https://registry.npmjs.org/csstype cache-miss
83 silly fetch manifest ajv@^6.14.0
84 silly packumentCache full:https://registry.npmjs.org/ajv cache-miss
85 silly fetch manifest chalk@^4.0.0
86 silly packumentCache full:https://registry.npmjs.org/chalk cache-miss
87 silly fetch manifest debug@^4.3.2
88 silly packumentCache full:https://registry.npmjs.org/debug cache-miss
89 silly fetch manifest espree@^10.4.0
90 silly packumentCache full:https://registry.npmjs.org/espree cache-miss
91 silly fetch manifest ignore@^5.2.0
92 silly packumentCache full:https://registry.npmjs.org/ignore cache-miss
93 silly fetch manifest esquery@^1.5.0
94 silly packumentCache full:https://registry.npmjs.org/esquery cache-miss
95 silly fetch manifest esutils@^2.0.2
96 silly packumentCache full:https://registry.npmjs.org/esutils cache-miss
97 http fetch GET 200 https://registry.npmjs.org/undici-types 62ms (cache miss)
98 silly packumentCache full:https://registry.npmjs.org/undici-types set size:undefined disposed:false
99 silly fetch manifest find-up@^5.0.0
100 silly packumentCache full:https://registry.npmjs.org/find-up cache-miss
101 http fetch GET 200 https://registry.npmjs.org/csstype 76ms (cache miss)
102 silly packumentCache full:https://registry.npmjs.org/csstype set size:undefined disposed:false
103 silly fetch manifest is-glob@^4.0.0
104 silly packumentCache full:https://registry.npmjs.org/is-glob cache-miss
105 http fetch GET 200 https://registry.npmjs.org/esquery 77ms (cache miss)
106 silly packumentCache full:https://registry.npmjs.org/esquery set size:undefined disposed:false
107 silly fetch manifest minimatch@^3.1.5
108 silly packumentCache full:https://registry.npmjs.org/minimatch cache-miss
109 http fetch GET 200 https://registry.npmjs.org/esutils 1566ms (cache miss)
110 silly packumentCache full:https://registry.npmjs.org/esutils set size:undefined disposed:false
111 silly fetch manifest @eslint/js@9.39.5
112 silly packumentCache full:https://registry.npmjs.org/@eslint%2fjs cache-miss
113 http fetch GET 200 https://registry.npmjs.org/ignore 1568ms (cache miss)
114 silly packumentCache full:https://registry.npmjs.org/ignore set size:undefined disposed:false
115 silly fetch manifest optionator@^0.9.3
116 silly packumentCache full:https://registry.npmjs.org/optionator cache-miss
117 http fetch GET 200 https://registry.npmjs.org/debug 2894ms (cache miss)
118 silly packumentCache full:https://registry.npmjs.org/debug set size:undefined disposed:false
119 silly fetch manifest cross-spawn@^7.0.6
120 silly packumentCache full:https://registry.npmjs.org/cross-spawn cache-miss
121 http fetch GET 200 https://registry.npmjs.org/chalk 2898ms (cache miss)
122 silly packumentCache full:https://registry.npmjs.org/chalk set size:undefined disposed:false
123 silly fetch manifest glob-parent@^6.0.2
124 silly packumentCache full:https://registry.npmjs.org/glob-parent cache-miss
125 http fetch GET 200 https://registry.npmjs.org/espree 2901ms (cache miss)
126 silly packumentCache full:https://registry.npmjs.org/espree set size:undefined disposed:false
127 silly fetch manifest imurmurhash@^0.1.4
128 silly packumentCache full:https://registry.npmjs.org/imurmurhash cache-miss
129 http fetch GET 200 https://registry.npmjs.org/is-glob 3558ms (cache miss)
130 silly packumentCache full:https://registry.npmjs.org/is-glob set size:undefined disposed:false
131 silly fetch manifest @eslint/core@^0.17.0
132 silly packumentCache full:https://registry.npmjs.org/@eslint%2fcore cache-miss
133 http fetch GET 200 https://registry.npmjs.org/find-up 3574ms (cache miss)
134 silly packumentCache full:https://registry.npmjs.org/find-up set size:undefined disposed:false
135 silly fetch manifest eslint-scope@^8.4.0
136 silly packumentCache full:https://registry.npmjs.org/eslint-scope cache-miss
137 http fetch GET 200 https://registry.npmjs.org/ajv 3637ms (cache miss)
138 silly packumentCache full:https://registry.npmjs.org/ajv set size:undefined disposed:false
139 silly fetch manifest lodash.merge@^4.6.2
140 silly packumentCache full:https://registry.npmjs.org/lodash.merge cache-miss
141 http fetch GET 200 https://registry.npmjs.org/minimatch 4278ms (cache miss)
142 silly packumentCache full:https://registry.npmjs.org/minimatch set size:undefined disposed:false
143 silly fetch manifest @humanfs/node@^0.16.6
144 silly packumentCache full:https://registry.npmjs.org/@humanfs%2fnode cache-miss
145 http fetch GET 200 https://registry.npmjs.org/glob-parent 2902ms (cache miss)
146 silly packumentCache full:https://registry.npmjs.org/glob-parent set size:undefined disposed:false
147 silly fetch manifest @types/estree@^1.0.6
148 silly packumentCache full:https://registry.npmjs.org/@types%2festree cache-miss
149 http fetch GET 200 https://registry.npmjs.org/imurmurhash 2901ms (cache miss)
150 silly packumentCache full:https://registry.npmjs.org/imurmurhash set size:undefined disposed:false
151 silly fetch manifest fast-deep-equal@^3.1.3
152 silly packumentCache full:https://registry.npmjs.org/fast-deep-equal cache-miss
153 http fetch GET 200 https://registry.npmjs.org/@eslint%2fcore 2173ms (cache miss)
154 silly packumentCache full:https://registry.npmjs.org/@eslint%2fcore set size:undefined disposed:false
155 silly fetch manifest natural-compare@^1.4.0
156 silly packumentCache full:https://registry.npmjs.org/natural-compare cache-miss
157 http fetch GET 200 https://registry.npmjs.org/optionator 4238ms (cache miss)
158 silly packumentCache full:https://registry.npmjs.org/optionator set size:undefined disposed:false
159 silly fetch manifest @eslint/eslintrc@^3.3.6
160 silly packumentCache full:https://registry.npmjs.org/@eslint%2feslintrc cache-miss
161 http fetch GET 200 https://registry.npmjs.org/lodash.merge 2166ms (cache miss)
162 silly packumentCache full:https://registry.npmjs.org/lodash.merge set size:undefined disposed:false
163 silly fetch manifest file-entry-cache@^8.0.0
164 silly packumentCache full:https://registry.npmjs.org/file-entry-cache cache-miss
165 http fetch GET 200 https://registry.npmjs.org/eslint-scope 2175ms (cache miss)
166 silly packumentCache full:https://registry.npmjs.org/eslint-scope set size:undefined disposed:false
167 silly fetch manifest @eslint/plugin-kit@^0.4.1
168 silly packumentCache full:https://registry.npmjs.org/@eslint%2fplugin-kit cache-miss
169 http fetch GET 200 https://registry.npmjs.org/cross-spawn 2916ms (cache miss)
170 silly packumentCache full:https://registry.npmjs.org/cross-spawn set size:undefined disposed:false
171 silly fetch manifest eslint-visitor-keys@^4.2.1
172 silly packumentCache full:https://registry.npmjs.org/eslint-visitor-keys cache-miss
173 http fetch GET 200 https://registry.npmjs.org/@eslint%2fjs 4247ms (cache miss)
174 silly packumentCache full:https://registry.npmjs.org/@eslint%2fjs set size:undefined disposed:false
175 silly fetch manifest @eslint/config-array@^0.21.2
176 silly packumentCache full:https://registry.npmjs.org/@eslint%2fconfig-array cache-miss
177 http fetch GET 200 https://registry.npmjs.org/@humanfs%2fnode 1485ms (cache miss)
178 silly packumentCache full:https://registry.npmjs.org/@humanfs%2fnode set size:undefined disposed:false
179 silly fetch manifest @humanwhocodes/retry@^0.4.2
180 silly packumentCache full:https://registry.npmjs.org/@humanwhocodes%2fretry cache-miss
181 http fetch GET 200 https://registry.npmjs.org/@types%2festree 1192ms (cache miss)
182 silly packumentCache full:https://registry.npmjs.org/@types%2festree set size:undefined disposed:false
183 silly fetch manifest escape-string-regexp@^4.0.0
184 silly packumentCache full:https://registry.npmjs.org/escape-string-regexp cache-miss
185 http fetch GET 200 https://registry.npmjs.org/natural-compare 1193ms (cache miss)
186 silly packumentCache full:https://registry.npmjs.org/natural-compare set size:undefined disposed:false
187 silly fetch manifest @eslint/config-helpers@^0.4.2
188 silly packumentCache full:https://registry.npmjs.org/@eslint%2fconfig-helpers cache-miss
189 http fetch GET 200 https://registry.npmjs.org/fast-deep-equal 1197ms (cache miss)
190 silly packumentCache full:https://registry.npmjs.org/fast-deep-equal set size:undefined disposed:false
191 silly fetch manifest @eslint-community/regexpp@^4.12.1
192 silly packumentCache full:https://registry.npmjs.org/@eslint-community%2fregexpp cache-miss
193 http fetch GET 200 https://registry.npmjs.org/file-entry-cache 1217ms (cache miss)
194 silly packumentCache full:https://registry.npmjs.org/file-entry-cache set size:undefined disposed:false
195 silly fetch manifest @eslint-community/eslint-utils@^4.8.0
196 silly packumentCache full:https://registry.npmjs.org/@eslint-community%2feslint-utils cache-miss
197 http fetch GET 200 https://registry.npmjs.org/eslint-visitor-keys 1577ms (cache miss)
198 silly packumentCache full:https://registry.npmjs.org/eslint-visitor-keys set size:undefined disposed:false
199 silly fetch manifest @humanwhocodes/module-importer@^1.0.1
200 silly packumentCache full:https://registry.npmjs.org/@humanwhocodes%2fmodule-importer cache-miss
201 http fetch GET 200 https://registry.npmjs.org/@eslint%2fplugin-kit 1579ms (cache miss)
202 silly packumentCache full:https://registry.npmjs.org/@eslint%2fplugin-kit set size:undefined disposed:false
203 silly fetch manifest json-stable-stringify-without-jsonify@^1.0.1
204 silly packumentCache full:https://registry.npmjs.org/json-stable-stringify-without-jsonify cache-miss
205 http fetch GET 200 https://registry.npmjs.org/@eslint%2fconfig-array 1578ms (cache miss)
206 silly packumentCache full:https://registry.npmjs.org/@eslint%2fconfig-array set size:undefined disposed:false
207 silly fetch manifest globals@16.4.0
208 silly packumentCache full:https://registry.npmjs.org/globals cache-miss
209 http fetch GET 200 https://registry.npmjs.org/@eslint%2feslintrc 1585ms (cache miss)
210 silly packumentCache full:https://registry.npmjs.org/@eslint%2feslintrc set size:undefined disposed:false
211 silly fetch manifest typescript-eslint@^8.46.0
212 silly packumentCache full:https://registry.npmjs.org/typescript-eslint cache-miss
213 http fetch GET 200 https://registry.npmjs.org/@humanwhocodes%2fretry 1910ms (cache miss)
214 silly packumentCache full:https://registry.npmjs.org/@humanwhocodes%2fretry set size:undefined disposed:false
215 silly fetch manifest eslint-plugin-react@^7.37.0
216 silly packumentCache full:https://registry.npmjs.org/eslint-plugin-react cache-miss
217 http fetch GET 200 https://registry.npmjs.org/escape-string-regexp 925ms (cache miss)
218 silly packumentCache full:https://registry.npmjs.org/escape-string-regexp set size:undefined disposed:false
219 silly fetch manifest eslint-plugin-import@^2.32.0
220 silly packumentCache full:https://registry.npmjs.org/eslint-plugin-import cache-miss
221 http fetch GET 200 https://registry.npmjs.org/@eslint%2fconfig-helpers 969ms (cache miss)
222 silly packumentCache full:https://registry.npmjs.org/@eslint%2fconfig-helpers set size:undefined disposed:false
223 silly fetch manifest eslint-plugin-jsx-a11y@^6.10.0
224 silly packumentCache full:https://registry.npmjs.org/eslint-plugin-jsx-a11y cache-miss
225 http fetch GET 200 https://registry.npmjs.org/@eslint-community%2fregexpp 1831ms (cache miss)
226 silly packumentCache full:https://registry.npmjs.org/@eslint-community%2fregexpp set size:undefined disposed:false
227 silly fetch manifest @next/eslint-plugin-next@16.3.1
228 silly packumentCache full:https://registry.npmjs.org/@next%2feslint-plugin-next cache-miss
229 http fetch GET 200 https://registry.npmjs.org/json-stable-stringify-without-jsonify 1519ms (cache miss)
230 silly packumentCache full:https://registry.npmjs.org/json-stable-stringify-without-jsonify set size:undefined disposed:false
231 silly fetch manifest eslint-plugin-react-hooks@^7.0.0
232 silly packumentCache full:https://registry.npmjs.org/eslint-plugin-react-hooks cache-miss
233 http fetch GET 200 https://registry.npmjs.org/@eslint-community%2feslint-utils 1887ms (cache miss)
234 silly packumentCache full:https://registry.npmjs.org/@eslint-community%2feslint-utils set size:undefined disposed:false
235 silly fetch manifest eslint-import-resolver-node@^0.3.6
236 silly packumentCache full:https://registry.npmjs.org/eslint-import-resolver-node cache-miss
237 http fetch GET 200 https://registry.npmjs.org/@humanwhocodes%2fmodule-importer 1750ms (cache miss)
238 silly packumentCache full:https://registry.npmjs.org/@humanwhocodes%2fmodule-importer set size:undefined disposed:false
239 silly fetch manifest eslint-import-resolver-typescript@^3.5.2
240 silly packumentCache full:https://registry.npmjs.org/eslint-import-resolver-typescript cache-miss
241 http fetch GET 200 https://registry.npmjs.org/globals 1751ms (cache miss)
242 silly packumentCache full:https://registry.npmjs.org/globals set size:undefined disposed:false
243 silly fetch manifest postcss@8.5.23
244 silly packumentCache full:https://registry.npmjs.org/postcss cache-miss
245 http fetch GET 200 https://registry.npmjs.org/eslint-plugin-import 19150ms (cache miss)
246 silly packumentCache full:https://registry.npmjs.org/eslint-plugin-import set size:undefined disposed:false
247 silly fetch manifest @next/env@16.3.1
248 silly packumentCache full:https://registry.npmjs.org/@next%2fenv cache-miss
249 http fetch GET 200 https://registry.npmjs.org/eslint-plugin-react 19323ms (cache miss)
250 silly packumentCache full:https://registry.npmjs.org/eslint-plugin-react set size:undefined disposed:false
251 silly fetch manifest styled-jsx@5.1.6
252 silly packumentCache full:https://registry.npmjs.org/styled-jsx cache-miss
253 http fetch GET 200 https://registry.npmjs.org/eslint-import-resolver-node 18170ms (cache miss)
254 silly packumentCache full:https://registry.npmjs.org/eslint-import-resolver-node set size:undefined disposed:false
255 silly fetch manifest @swc/helpers@0.5.23
256 silly packumentCache full:https://registry.npmjs.org/@swc%2fhelpers cache-miss
257 http fetch GET 200 https://registry.npmjs.org/eslint-plugin-jsx-a11y 19117ms (cache miss)
258 silly packumentCache full:https://registry.npmjs.org/eslint-plugin-jsx-a11y set size:undefined disposed:false
259 silly fetch manifest caniuse-lite@^1.0.30001579
260 silly packumentCache full:https://registry.npmjs.org/caniuse-lite cache-miss
261 http fetch GET 200 https://registry.npmjs.org/eslint-import-resolver-typescript 20398ms (cache miss)
262 silly packumentCache full:https://registry.npmjs.org/eslint-import-resolver-typescript set size:undefined disposed:false
263 silly fetch manifest baseline-browser-mapping@^2.9.19
264 silly packumentCache full:https://registry.npmjs.org/baseline-browser-mapping cache-miss
265 http fetch GET 200 https://registry.npmjs.org/postcss 27514ms (cache miss)
266 silly packumentCache full:https://registry.npmjs.org/postcss set size:undefined disposed:false
267 silly fetch manifest sharp@^0.35.3
268 silly packumentCache full:https://registry.npmjs.org/sharp cache-miss
269 http fetch GET 200 https://registry.npmjs.org/styled-jsx 10712ms (cache miss)
270 silly packumentCache full:https://registry.npmjs.org/styled-jsx set size:undefined disposed:false
271 silly fetch manifest @next/swc-darwin-x64@16.3.1
272 silly packumentCache full:https://registry.npmjs.org/@next%2fswc-darwin-x64 cache-miss
273 http fetch GET 200 https://registry.npmjs.org/@swc%2fhelpers 10724ms (cache miss)
274 silly packumentCache full:https://registry.npmjs.org/@swc%2fhelpers set size:undefined disposed:false
275 silly fetch manifest @next/swc-darwin-arm64@16.3.1
276 silly packumentCache full:https://registry.npmjs.org/@next%2fswc-darwin-arm64 cache-miss
277 http fetch GET 200 https://registry.npmjs.org/baseline-browser-mapping 11315ms (cache miss)
278 silly packumentCache full:https://registry.npmjs.org/baseline-browser-mapping set size:undefined disposed:false
279 silly fetch manifest @next/swc-linux-x64-gnu@16.3.1
280 silly packumentCache full:https://registry.npmjs.org/@next%2fswc-linux-x64-gnu cache-miss
281 http fetch GET 200 https://registry.npmjs.org/typescript-eslint 33979ms (cache miss)
282 silly packumentCache full:https://registry.npmjs.org/typescript-eslint set size:undefined disposed:false
283 silly fetch manifest @next/swc-linux-x64-musl@16.3.1
284 silly packumentCache full:https://registry.npmjs.org/@next%2fswc-linux-x64-musl cache-miss
285 http fetch GET 200 https://registry.npmjs.org/sharp 11706ms (cache miss)
286 silly packumentCache full:https://registry.npmjs.org/sharp set size:undefined disposed:false
287 silly fetch manifest @next/swc-win32-x64-msvc@16.3.1
288 silly packumentCache full:https://registry.npmjs.org/@next%2fswc-win32-x64-msvc cache-miss
289 http fetch GET 200 https://registry.npmjs.org/caniuse-lite 32193ms (cache miss)
290 silly packumentCache full:https://registry.npmjs.org/caniuse-lite set size:undefined disposed:false
291 silly fetch manifest @next/swc-linux-arm64-gnu@16.3.1
292 silly packumentCache full:https://registry.npmjs.org/@next%2fswc-linux-arm64-gnu cache-miss
293 http fetch GET 200 https://registry.npmjs.org/eslint-plugin-react-hooks 90669ms (cache miss)
294 silly packumentCache full:https://registry.npmjs.org/eslint-plugin-react-hooks set size:undefined disposed:false
295 silly fetch manifest @next/swc-linux-arm64-musl@16.3.1
296 silly packumentCache full:https://registry.npmjs.org/@next%2fswc-linux-arm64-musl cache-miss
297 http fetch GET 200 https://registry.npmjs.org/@next%2feslint-plugin-next 91028ms (cache miss)
298 silly packumentCache full:https://registry.npmjs.org/@next%2feslint-plugin-next set size:undefined disposed:false
299 silly fetch manifest @next/swc-win32-arm64-msvc@16.3.1
300 silly packumentCache full:https://registry.npmjs.org/@next%2fswc-win32-arm64-msvc cache-miss
301 http fetch GET 200 https://registry.npmjs.org/@next%2fswc-darwin-x64 64016ms (cache miss)
302 silly packumentCache full:https://registry.npmjs.org/@next%2fswc-darwin-x64 set size:undefined disposed:false
303 silly fetch manifest scheduler@^0.27.0
304 silly packumentCache full:https://registry.npmjs.org/scheduler cache-miss
305 http fetch GET 200 https://registry.npmjs.org/@next%2fswc-darwin-arm64 64198ms (cache miss)
306 silly packumentCache full:https://registry.npmjs.org/@next%2fswc-darwin-arm64 set size:undefined disposed:false
307 http fetch GET 200 https://registry.npmjs.org/@next%2fenv 75586ms (cache miss)
308 silly packumentCache full:https://registry.npmjs.org/@next%2fenv set size:undefined disposed:false
309 http fetch GET 200 https://registry.npmjs.org/@next%2fswc-linux-x64-gnu 63065ms (cache miss)
310 silly packumentCache full:https://registry.npmjs.org/@next%2fswc-linux-x64-gnu set size:undefined disposed:false
311 http fetch GET 200 https://registry.npmjs.org/@next%2fswc-linux-x64-musl 63018ms (cache miss)
312 silly packumentCache full:https://registry.npmjs.org/@next%2fswc-linux-x64-musl set size:undefined disposed:false
313 http fetch GET 200 https://registry.npmjs.org/@next%2fswc-win32-x64-msvc 57920ms (cache miss)
314 silly packumentCache full:https://registry.npmjs.org/@next%2fswc-win32-x64-msvc set size:undefined disposed:false
315 http fetch GET 200 https://registry.npmjs.org/@next%2fswc-linux-arm64-gnu 50343ms (cache miss)
316 silly packumentCache full:https://registry.npmjs.org/@next%2fswc-linux-arm64-gnu set size:undefined disposed:false
317 http fetch GET 200 https://registry.npmjs.org/@next%2fswc-linux-arm64-musl 14706ms (cache miss)
318 silly packumentCache full:https://registry.npmjs.org/@next%2fswc-linux-arm64-musl set size:undefined disposed:false
319 http fetch GET 200 https://registry.npmjs.org/@next%2fswc-win32-arm64-msvc 14443ms (cache miss)
320 silly packumentCache full:https://registry.npmjs.org/@next%2fswc-win32-arm64-msvc set size:undefined disposed:false
321 http fetch GET 200 https://registry.npmjs.org/scheduler 13027ms (cache miss)
322 silly packumentCache full:https://registry.npmjs.org/scheduler set size:undefined disposed:false
323 silly placeDep ROOT undici-types@6.21.0 OK for: @types/node@20.19.43 want: ~6.21.0
324 silly placeDep ROOT csstype@3.2.3 OK for: @types/react@19.2.18 want: ^3.2.2
325 silly fetch manifest eslint@^6.0.0 || ^7.0.0 || >=8.0.0
326 silly packumentCache full:https://registry.npmjs.org/eslint cache-miss
327 http cache https://registry.npmjs.org/eslint 7ms (cache hit)
328 silly packumentCache full:https://registry.npmjs.org/eslint set size:2048190 disposed:false
329 silly placeDep ROOT @eslint-community/eslint-utils@4.10.1 OK for: eslint@9.39.5 want: ^4.8.0
330 silly placeDep ROOT @eslint-community/regexpp@4.12.2 OK for: eslint@9.39.5 want: ^4.12.1
331 silly placeDep ROOT @eslint/config-array@0.21.2 OK for: eslint@9.39.5 want: ^0.21.2
332 silly placeDep ROOT @eslint/config-helpers@0.4.2 OK for: eslint@9.39.5 want: ^0.4.2
333 silly placeDep ROOT @eslint/core@0.17.0 OK for: eslint@9.39.5 want: ^0.17.0
334 silly placeDep ROOT @eslint/eslintrc@3.3.6 OK for: eslint@9.39.5 want: ^3.3.6
335 silly placeDep ROOT @eslint/js@9.39.5 OK for: eslint@9.39.5 want: 9.39.5
336 silly placeDep ROOT @eslint/plugin-kit@0.4.1 OK for: eslint@9.39.5 want: ^0.4.1
337 silly placeDep ROOT @humanfs/node@0.16.8 OK for: eslint@9.39.5 want: ^0.16.6
338 silly placeDep ROOT @humanwhocodes/module-importer@1.0.1 OK for: eslint@9.39.5 want: ^1.0.1
339 silly placeDep ROOT @humanwhocodes/retry@0.4.3 OK for: eslint@9.39.5 want: ^0.4.2
340 silly placeDep ROOT @types/estree@1.0.9 OK for: eslint@9.39.5 want: ^1.0.6
341 silly placeDep ROOT ajv@6.15.0 OK for: eslint@9.39.5 want: ^6.14.0
342 silly placeDep ROOT chalk@4.1.2 OK for: eslint@9.39.5 want: ^4.0.0
343 silly placeDep ROOT cross-spawn@7.0.6 OK for: eslint@9.39.5 want: ^7.0.6
344 silly placeDep ROOT debug@4.4.3 OK for: eslint@9.39.5 want: ^4.3.2
345 silly placeDep ROOT escape-string-regexp@4.0.0 OK for: eslint@9.39.5 want: ^4.0.0
346 silly placeDep ROOT eslint-scope@8.4.0 OK for: eslint@9.39.5 want: ^8.4.0
347 silly placeDep ROOT eslint-visitor-keys@4.2.1 OK for: eslint@9.39.5 want: ^4.2.1
348 silly placeDep ROOT espree@10.4.0 OK for: eslint@9.39.5 want: ^10.4.0
349 silly placeDep ROOT esquery@1.7.0 OK for: eslint@9.39.5 want: ^1.5.0
350 silly placeDep ROOT esutils@2.0.3 OK for: eslint@9.39.5 want: ^2.0.2
351 silly placeDep ROOT fast-deep-equal@3.1.3 OK for: eslint@9.39.5 want: ^3.1.3
352 silly placeDep ROOT file-entry-cache@8.0.0 OK for: eslint@9.39.5 want: ^8.0.0
353 silly placeDep ROOT find-up@5.0.0 OK for: eslint@9.39.5 want: ^5.0.0
354 silly placeDep ROOT glob-parent@6.0.2 OK for: eslint@9.39.5 want: ^6.0.2
355 silly placeDep ROOT ignore@5.3.2 OK for: eslint@9.39.5 want: ^5.2.0
356 silly placeDep ROOT imurmurhash@0.1.4 OK for: eslint@9.39.5 want: ^0.1.4
357 silly placeDep ROOT is-glob@4.0.3 OK for: eslint@9.39.5 want: ^4.0.0
358 silly placeDep ROOT json-stable-stringify-without-jsonify@1.0.1 OK for: eslint@9.39.5 want: ^1.0.1
359 silly placeDep ROOT lodash.merge@4.6.2 OK for: eslint@9.39.5 want: ^4.6.2
360 silly placeDep ROOT minimatch@3.1.5 OK for: eslint@9.39.5 want: ^3.1.5
361 silly placeDep ROOT natural-compare@1.4.0 OK for: eslint@9.39.5 want: ^1.4.0
362 silly placeDep ROOT optionator@0.9.4 OK for: eslint@9.39.5 want: ^0.9.3
363 silly fetch manifest eslint-visitor-keys@^3.4.3
364 silly packumentCache full:https://registry.npmjs.org/eslint-visitor-keys cache-miss
365 silly fetch manifest debug@^4.3.1
366 silly packumentCache full:https://registry.npmjs.org/debug cache-miss
367 silly fetch manifest @eslint/object-schema@^2.1.7
368 silly packumentCache full:https://registry.npmjs.org/@eslint%2fobject-schema cache-miss
369 silly fetch manifest @types/json-schema@^7.0.15
370 silly packumentCache full:https://registry.npmjs.org/@types%2fjson-schema cache-miss
371 silly fetch manifest espree@^10.0.1
372 silly packumentCache full:https://registry.npmjs.org/espree cache-miss
373 silly fetch manifest globals@^14.0.0
374 silly packumentCache full:https://registry.npmjs.org/globals cache-miss
375 silly fetch manifest import-fresh@^3.2.1
376 silly packumentCache full:https://registry.npmjs.org/import-fresh cache-miss
377 silly fetch manifest js-yaml@^4.3.0
378 silly packumentCache full:https://registry.npmjs.org/js-yaml cache-miss
379 silly fetch manifest strip-json-comments@^3.1.1
380 silly packumentCache full:https://registry.npmjs.org/strip-json-comments cache-miss
381 http cache https://registry.npmjs.org/eslint-visitor-keys 4ms (cache hit)
382 silly packumentCache full:https://registry.npmjs.org/eslint-visitor-keys set size:69949 disposed:false
383 silly fetch manifest levn@^0.4.1
384 silly packumentCache full:https://registry.npmjs.org/levn cache-miss
385 http cache https://registry.npmjs.org/debug 5ms (cache hit)
386 silly packumentCache full:https://registry.npmjs.org/debug set size:195840 disposed:false
387 silly fetch manifest @humanwhocodes/retry@^0.4.0
388 silly packumentCache full:https://registry.npmjs.org/@humanwhocodes%2fretry cache-miss
389 http cache https://registry.npmjs.org/globals 5ms (cache hit)
390 silly packumentCache full:https://registry.npmjs.org/globals set size:335107 disposed:false
391 silly fetch manifest @humanfs/core@^0.19.2
392 silly packumentCache full:https://registry.npmjs.org/@humanfs%2fcore cache-miss
393 http cache https://registry.npmjs.org/espree 8ms (cache hit)
394 silly packumentCache full:https://registry.npmjs.org/espree set size:326080 disposed:false
395 silly fetch manifest @humanfs/types@^0.15.0
396 silly packumentCache full:https://registry.npmjs.org/@humanfs%2ftypes cache-miss
397 http cache https://registry.npmjs.org/@humanwhocodes%2fretry 5ms (cache hit)
398 silly packumentCache full:https://registry.npmjs.org/@humanwhocodes%2fretry set size:42348 disposed:false
399 silly fetch manifest uri-js@^4.2.2
400 silly packumentCache full:https://registry.npmjs.org/uri-js cache-miss
401 http fetch GET 200 https://registry.npmjs.org/import-fresh 80ms (cache miss)
402 silly packumentCache full:https://registry.npmjs.org/import-fresh set size:undefined disposed:false
403 silly fetch manifest fast-deep-equal@^3.1.1
404 silly packumentCache full:https://registry.npmjs.org/fast-deep-equal cache-miss
405 http fetch GET 200 https://registry.npmjs.org/@eslint%2fobject-schema 82ms (cache miss)
406 silly packumentCache full:https://registry.npmjs.org/@eslint%2fobject-schema set size:undefined disposed:false
407 silly fetch manifest json-schema-traverse@^0.4.1
408 silly packumentCache full:https://registry.npmjs.org/json-schema-traverse cache-miss
409 http cache https://registry.npmjs.org/fast-deep-equal 2ms (cache hit)
410 silly packumentCache full:https://registry.npmjs.org/fast-deep-equal set size:48634 disposed:false
411 silly fetch manifest fast-json-stable-stringify@^2.0.0
412 silly packumentCache full:https://registry.npmjs.org/fast-json-stable-stringify cache-miss
413 http fetch GET 200 https://registry.npmjs.org/levn 112ms (cache miss)
414 silly packumentCache full:https://registry.npmjs.org/levn set size:undefined disposed:false
415 silly fetch manifest ansi-styles@^4.1.0
416 silly packumentCache full:https://registry.npmjs.org/ansi-styles cache-miss
417 http fetch GET 200 https://registry.npmjs.org/js-yaml 170ms (cache miss)
418 silly packumentCache full:https://registry.npmjs.org/js-yaml set size:undefined disposed:false
419 silly fetch manifest supports-color@^7.1.0
420 silly packumentCache full:https://registry.npmjs.org/supports-color cache-miss
421 http fetch GET 200 https://registry.npmjs.org/strip-json-comments 180ms (cache miss)
422 silly packumentCache full:https://registry.npmjs.org/strip-json-comments set size:undefined disposed:false
423 silly fetch manifest which@^2.0.1
424 silly packumentCache full:https://registry.npmjs.org/which cache-miss
425 http fetch GET 200 https://registry.npmjs.org/uri-js 194ms (cache miss)
426 silly packumentCache full:https://registry.npmjs.org/uri-js set size:undefined disposed:false
427 silly fetch manifest path-key@^3.1.0
428 silly packumentCache full:https://registry.npmjs.org/path-key cache-miss
429 http fetch GET 200 https://registry.npmjs.org/@types%2fjson-schema 294ms (cache miss)
430 silly packumentCache full:https://registry.npmjs.org/@types%2fjson-schema set size:undefined disposed:false
431 silly fetch manifest shebang-command@^2.0.0
432 silly packumentCache full:https://registry.npmjs.org/shebang-command cache-miss
433 http fetch GET 200 https://registry.npmjs.org/@humanfs%2ftypes 289ms (cache miss)
434 silly packumentCache full:https://registry.npmjs.org/@humanfs%2ftypes set size:undefined disposed:false
435 silly fetch manifest ms@^2.1.3
436 silly packumentCache full:https://registry.npmjs.org/ms cache-miss
437 http fetch GET 200 https://registry.npmjs.org/@humanfs%2fcore 292ms (cache miss)
438 silly packumentCache full:https://registry.npmjs.org/@humanfs%2fcore set size:undefined disposed:false
439 silly fetch manifest esrecurse@^4.3.0
440 silly packumentCache full:https://registry.npmjs.org/esrecurse cache-miss
441 http fetch GET 200 https://registry.npmjs.org/fast-json-stable-stringify 215ms (cache miss)
442 silly packumentCache full:https://registry.npmjs.org/fast-json-stable-stringify set size:undefined disposed:false
443 silly fetch manifest estraverse@^5.2.0
444 silly packumentCache full:https://registry.npmjs.org/estraverse cache-miss
445 http fetch GET 200 https://registry.npmjs.org/json-schema-traverse 218ms (cache miss)
446 silly packumentCache full:https://registry.npmjs.org/json-schema-traverse set size:undefined disposed:false
447 silly fetch manifest acorn@^8.15.0
448 silly packumentCache full:https://registry.npmjs.org/acorn cache-miss
449 http fetch GET 200 https://registry.npmjs.org/ansi-styles 203ms (cache miss)
450 silly packumentCache full:https://registry.npmjs.org/ansi-styles set size:undefined disposed:false
451 silly fetch manifest acorn-jsx@^5.3.2
452 silly packumentCache full:https://registry.npmjs.org/acorn-jsx cache-miss
453 http fetch GET 200 https://registry.npmjs.org/supports-color 185ms (cache miss)
454 silly packumentCache full:https://registry.npmjs.org/supports-color set size:undefined disposed:false
455 silly fetch manifest estraverse@^5.1.0
456 silly packumentCache full:https://registry.npmjs.org/estraverse cache-miss
457 http fetch GET 200 https://registry.npmjs.org/which 186ms (cache miss)
458 silly packumentCache full:https://registry.npmjs.org/which set size:undefined disposed:false
459 silly fetch manifest flat-cache@^4.0.0
460 silly packumentCache full:https://registry.npmjs.org/flat-cache cache-miss
461 http fetch GET 200 https://registry.npmjs.org/path-key 203ms (cache miss)
462 silly packumentCache full:https://registry.npmjs.org/path-key set size:undefined disposed:false
463 silly fetch manifest locate-path@^6.0.0
464 silly packumentCache full:https://registry.npmjs.org/locate-path cache-miss
465 http fetch GET 200 https://registry.npmjs.org/shebang-command 116ms (cache miss)
466 silly packumentCache full:https://registry.npmjs.org/shebang-command set size:undefined disposed:false
467 silly fetch manifest path-exists@^4.0.0
468 silly packumentCache full:https://registry.npmjs.org/path-exists cache-miss
469 http fetch GET 200 https://registry.npmjs.org/ms 166ms (cache miss)
470 silly packumentCache full:https://registry.npmjs.org/ms set size:undefined disposed:false
471 silly fetch manifest is-glob@^4.0.3
472 silly packumentCache full:https://registry.npmjs.org/is-glob cache-miss
473 http fetch GET 200 https://registry.npmjs.org/esrecurse 167ms (cache miss)
474 silly packumentCache full:https://registry.npmjs.org/esrecurse set size:undefined disposed:false
475 silly fetch manifest is-extglob@^2.1.1
476 silly packumentCache full:https://registry.npmjs.org/is-extglob cache-miss
477 http cache https://registry.npmjs.org/is-glob 3ms (cache hit)
478 silly packumentCache full:https://registry.npmjs.org/is-glob set size:40530 disposed:false
479 silly fetch manifest brace-expansion@^1.1.7
480 silly packumentCache full:https://registry.npmjs.org/brace-expansion cache-miss
481 http fetch GET 200 https://registry.npmjs.org/estraverse 182ms (cache miss)
482 silly packumentCache full:https://registry.npmjs.org/estraverse set size:undefined disposed:false
483 silly fetch manifest prelude-ls@^1.2.1
484 silly packumentCache full:https://registry.npmjs.org/prelude-ls cache-miss
485 http fetch GET 200 https://registry.npmjs.org/acorn-jsx 428ms (cache miss)
486 silly packumentCache full:https://registry.npmjs.org/acorn-jsx set size:undefined disposed:false
487 silly fetch manifest deep-is@^0.1.3
488 silly packumentCache full:https://registry.npmjs.org/deep-is cache-miss
489 http fetch GET 200 https://registry.npmjs.org/acorn 448ms (cache miss)
490 silly packumentCache full:https://registry.npmjs.org/acorn set size:undefined disposed:false
491 silly fetch manifest word-wrap@^1.2.5
492 silly packumentCache full:https://registry.npmjs.org/word-wrap cache-miss
493 http fetch GET 200 https://registry.npmjs.org/estraverse 447ms (cache miss)
494 silly packumentCache full:https://registry.npmjs.org/estraverse set size:undefined disposed:false
495 silly fetch manifest type-check@^0.4.0
496 silly packumentCache full:https://registry.npmjs.org/type-check cache-miss
497 http fetch GET 200 https://registry.npmjs.org/locate-path 399ms (cache miss)
498 silly packumentCache full:https://registry.npmjs.org/locate-path set size:undefined disposed:false
499 silly fetch manifest fast-levenshtein@^2.0.6
500 silly packumentCache full:https://registry.npmjs.org/fast-levenshtein cache-miss
501 http fetch GET 200 https://registry.npmjs.org/path-exists 399ms (cache miss)
502 silly packumentCache full:https://registry.npmjs.org/path-exists set size:undefined disposed:false
503 http fetch GET 200 https://registry.npmjs.org/flat-cache 443ms (cache miss)
504 silly packumentCache full:https://registry.npmjs.org/flat-cache set size:undefined disposed:false
505 http fetch GET 200 https://registry.npmjs.org/prelude-ls 329ms (cache miss)
506 silly packumentCache full:https://registry.npmjs.org/prelude-ls set size:undefined disposed:false
507 http fetch GET 200 https://registry.npmjs.org/is-extglob 346ms (cache miss)
508 silly packumentCache full:https://registry.npmjs.org/is-extglob set size:undefined disposed:false
509 http fetch GET 200 https://registry.npmjs.org/brace-expansion 344ms (cache miss)
510 silly packumentCache full:https://registry.npmjs.org/brace-expansion set size:undefined disposed:false
511 http fetch GET 200 https://registry.npmjs.org/deep-is 75ms (cache miss)
512 silly packumentCache full:https://registry.npmjs.org/deep-is set size:undefined disposed:false
513 http fetch GET 200 https://registry.npmjs.org/word-wrap 90ms (cache miss)
514 silly packumentCache full:https://registry.npmjs.org/word-wrap set size:undefined disposed:false
515 http fetch GET 200 https://registry.npmjs.org/type-check 104ms (cache miss)
516 silly packumentCache full:https://registry.npmjs.org/type-check set size:undefined disposed:false
517 http fetch GET 200 https://registry.npmjs.org/fast-levenshtein 104ms (cache miss)
518 silly packumentCache full:https://registry.npmjs.org/fast-levenshtein set size:undefined disposed:false
519 silly placeDep node_modules/@eslint-community/eslint-utils eslint-visitor-keys@3.4.3 OK for: @eslint-community/eslint-utils@4.10.1 want: ^3.4.3
520 silly placeDep ROOT @eslint/object-schema@2.1.7 OK for: @eslint/config-array@0.21.2 want: ^2.1.7
521 silly placeDep ROOT @types/json-schema@7.0.15 OK for: @eslint/core@0.17.0 want: ^7.0.15
522 silly placeDep ROOT globals@14.0.0 OK for: @eslint/eslintrc@3.3.6 want: ^14.0.0
523 silly placeDep ROOT import-fresh@3.3.1 OK for: @eslint/eslintrc@3.3.6 want: ^3.2.1
524 silly placeDep ROOT js-yaml@4.3.1 OK for: @eslint/eslintrc@3.3.6 want: ^4.3.0
525 silly placeDep ROOT strip-json-comments@3.1.1 OK for: @eslint/eslintrc@3.3.6 want: ^3.1.1
526 silly fetch manifest resolve-from@^4.0.0
527 silly packumentCache full:https://registry.npmjs.org/resolve-from cache-miss
528 silly fetch manifest parent-module@^1.0.0
529 silly packumentCache full:https://registry.npmjs.org/parent-module cache-miss
530 silly fetch manifest argparse@^2.0.1
531 silly packumentCache full:https://registry.npmjs.org/argparse cache-miss
532 http fetch GET 200 https://registry.npmjs.org/resolve-from 62ms (cache miss)
533 silly packumentCache full:https://registry.npmjs.org/resolve-from set size:undefined disposed:false
534 http fetch GET 200 https://registry.npmjs.org/parent-module 85ms (cache miss)
535 silly packumentCache full:https://registry.npmjs.org/parent-module set size:undefined disposed:false
536 http fetch GET 200 https://registry.npmjs.org/argparse 106ms (cache miss)
537 silly packumentCache full:https://registry.npmjs.org/argparse set size:undefined disposed:false
538 silly placeDep ROOT levn@0.4.1 OK for: @eslint/plugin-kit@0.4.1 want: ^0.4.1
539 silly fetch manifest type-check@~0.4.0
540 silly packumentCache full:https://registry.npmjs.org/type-check cache-miss
541 http cache https://registry.npmjs.org/type-check 2ms (cache hit)
542 silly packumentCache full:https://registry.npmjs.org/type-check set size:21221 disposed:false
543 silly placeDep ROOT @humanfs/core@0.19.2 OK for: @humanfs/node@0.16.8 want: ^0.19.2
544 silly placeDep ROOT @humanfs/types@0.15.0 OK for: @humanfs/node@0.16.8 want: ^0.15.0
545 silly placeDep ROOT fast-json-stable-stringify@2.1.0 OK for: ajv@6.15.0 want: ^2.0.0
546 silly placeDep ROOT json-schema-traverse@0.4.1 OK for: ajv@6.15.0 want: ^0.4.1
547 silly placeDep ROOT uri-js@4.4.1 OK for: ajv@6.15.0 want: ^4.2.2
548 silly fetch manifest punycode@^2.1.0
549 silly packumentCache full:https://registry.npmjs.org/punycode cache-miss
550 http fetch GET 200 https://registry.npmjs.org/punycode 81ms (cache miss)
551 silly packumentCache full:https://registry.npmjs.org/punycode set size:undefined disposed:false
552 silly placeDep ROOT ansi-styles@4.3.0 OK for: chalk@4.1.2 want: ^4.1.0
553 silly placeDep ROOT supports-color@7.2.0 OK for: chalk@4.1.2 want: ^7.1.0
554 silly fetch manifest color-convert@^2.0.1
555 silly packumentCache full:https://registry.npmjs.org/color-convert cache-miss
556 silly fetch manifest has-flag@^4.0.0
557 silly packumentCache full:https://registry.npmjs.org/has-flag cache-miss
558 http fetch GET 200 https://registry.npmjs.org/color-convert 73ms (cache miss)
559 silly packumentCache full:https://registry.npmjs.org/color-convert set size:undefined disposed:false
560 http fetch GET 200 https://registry.npmjs.org/has-flag 95ms (cache miss)
561 silly packumentCache full:https://registry.npmjs.org/has-flag set size:undefined disposed:false
562 silly placeDep ROOT color-convert@2.0.1 OK for: ansi-styles@4.3.0 want: ^2.0.1
563 silly fetch manifest color-name@~1.1.4
564 silly packumentCache full:https://registry.npmjs.org/color-name cache-miss
565 http fetch GET 200 https://registry.npmjs.org/color-name 67ms (cache miss)
566 silly packumentCache full:https://registry.npmjs.org/color-name set size:undefined disposed:false
567 silly placeDep ROOT color-name@1.1.4 OK for: color-convert@2.0.1 want: ~1.1.4
568 silly placeDep ROOT path-key@3.1.1 OK for: cross-spawn@7.0.6 want: ^3.1.0
569 silly placeDep ROOT shebang-command@2.0.0 OK for: cross-spawn@7.0.6 want: ^2.0.0
570 silly placeDep ROOT which@2.0.2 OK for: cross-spawn@7.0.6 want: ^2.0.1
571 silly fetch manifest shebang-regex@^3.0.0
572 silly packumentCache full:https://registry.npmjs.org/shebang-regex cache-miss
573 silly fetch manifest isexe@^2.0.0
574 silly packumentCache full:https://registry.npmjs.org/isexe cache-miss
575 http fetch GET 200 https://registry.npmjs.org/shebang-regex 78ms (cache miss)
576 silly packumentCache full:https://registry.npmjs.org/shebang-regex set size:undefined disposed:false
577 http fetch GET 200 https://registry.npmjs.org/isexe 93ms (cache miss)
578 silly packumentCache full:https://registry.npmjs.org/isexe set size:undefined disposed:false
579 silly placeDep ROOT ms@2.1.3 OK for: debug@4.4.3 want: ^2.1.3
580 silly fetch manifest eslint@>=9.0.0
581 silly packumentCache full:https://registry.npmjs.org/eslint cache-miss
582 http cache https://registry.npmjs.org/eslint 6ms (cache hit)
583 silly packumentCache full:https://registry.npmjs.org/eslint set size:2048190 disposed:false
584 silly fetch manifest typescript@>=3.3.1
585 silly packumentCache full:https://registry.npmjs.org/typescript cache-miss
586 http cache https://registry.npmjs.org/typescript 18ms (cache hit)
587 silly packumentCache full:https://registry.npmjs.org/typescript set size:15564188 disposed:false
588 silly fetch manifest typescript@>=4.8.4 <6.1.0
589 silly packumentCache full:https://registry.npmjs.org/typescript cache-miss
590 http cache https://registry.npmjs.org/typescript 13ms (cache hit)
591 silly packumentCache full:https://registry.npmjs.org/typescript set size:15564188 disposed:false
592 silly fetch manifest eslint@^3 || ^4 || ^5 || ^6 || ^7 || ^8 || ^9.7
593 silly packumentCache full:https://registry.npmjs.org/eslint cache-miss
594 http cache https://registry.npmjs.org/eslint 4ms (cache hit)
595 silly packumentCache full:https://registry.npmjs.org/eslint set size:2048190 disposed:false
596 silly fetch manifest eslint@^2 || ^3 || ^4 || ^5 || ^6 || ^7.2.0 || ^8 || ^9
597 silly packumentCache full:https://registry.npmjs.org/eslint cache-miss
598 http cache https://registry.npmjs.org/eslint 2ms (cache hit)
599 silly packumentCache full:https://registry.npmjs.org/eslint set size:2048190 disposed:false
600 silly fetch manifest eslint@^3 || ^4 || ^5 || ^6 || ^7 || ^8 || ^9
601 silly packumentCache full:https://registry.npmjs.org/eslint cache-miss
602 http cache https://registry.npmjs.org/eslint 1ms (cache hit)
603 silly packumentCache full:https://registry.npmjs.org/eslint set size:2048190 disposed:false
604 silly fetch manifest eslint-plugin-import-x@*
605 silly packumentCache full:https://registry.npmjs.org/eslint-plugin-import-x cache-miss
606 http fetch GET 200 https://registry.npmjs.org/eslint-plugin-import-x 391ms (cache miss)
607 silly packumentCache full:https://registry.npmjs.org/eslint-plugin-import-x set size:undefined disposed:false
608 silly fetch manifest @typescript-eslint/utils@^8.56.0
609 silly packumentCache full:https://registry.npmjs.org/@typescript-eslint%2futils cache-miss
610 http fetch GET 200 https://registry.npmjs.org/@typescript-eslint%2futils 6545ms (cache miss)
611 silly packumentCache full:https://registry.npmjs.org/@typescript-eslint%2futils set size:undefined disposed:false
612 silly placeDep ROOT @next/eslint-plugin-next@16.3.1 OK for: eslint-config-next@16.3.1 want: 16.3.1
613 silly placeDep ROOT eslint-import-resolver-node@0.3.10 OK for: eslint-config-next@16.3.1 want: ^0.3.6
614 silly placeDep ROOT eslint-import-resolver-typescript@3.10.1 OK for: eslint-config-next@16.3.1 want: ^3.5.2
615 silly placeDep ROOT eslint-plugin-import@2.32.0 OK for: eslint-config-next@16.3.1 want: ^2.32.0
616 silly placeDep ROOT eslint-plugin-jsx-a11y@6.10.2 OK for: eslint-config-next@16.3.1 want: ^6.10.0
617 silly placeDep ROOT eslint-plugin-react@7.37.5 OK for: eslint-config-next@16.3.1 want: ^7.37.0
618 silly placeDep ROOT eslint-plugin-react-hooks@7.1.1 OK for: eslint-config-next@16.3.1 want: ^7.0.0
619 silly placeDep node_modules/eslint-config-next globals@16.4.0 OK for: eslint-config-next@16.3.1 want: 16.4.0
620 silly placeDep ROOT typescript-eslint@8.67.0 OK for: eslint-config-next@16.3.1 want: ^8.46.0
621 silly fetch manifest fast-glob@3.3.1
622 silly packumentCache full:https://registry.npmjs.org/fast-glob cache-miss
623 silly fetch manifest @eslint-community/eslint-utils@4.9.1
624 silly packumentCache full:https://registry.npmjs.org/@eslint-community%2feslint-utils cache-miss
625 silly fetch manifest debug@^3.2.7
626 silly packumentCache full:https://registry.npmjs.org/debug cache-hit
627 silly fetch manifest resolve@^2.0.0-next.6
628 silly packumentCache full:https://registry.npmjs.org/resolve cache-miss
629 silly fetch manifest is-core-module@^2.16.1
630 silly packumentCache full:https://registry.npmjs.org/is-core-module cache-miss
631 silly fetch manifest tinyglobby@^0.2.13
632 silly packumentCache full:https://registry.npmjs.org/tinyglobby cache-miss
633 silly fetch manifest stable-hash@^0.0.5
634 silly packumentCache full:https://registry.npmjs.org/stable-hash cache-miss
635 silly fetch manifest get-tsconfig@^4.10.0
636 silly packumentCache full:https://registry.npmjs.org/get-tsconfig cache-miss
637 silly fetch manifest is-bun-module@^2.0.0
638 silly packumentCache full:https://registry.npmjs.org/is-bun-module cache-miss
639 silly fetch manifest unrs-resolver@^1.6.2
640 silly packumentCache full:https://registry.npmjs.org/unrs-resolver cache-miss
641 http cache https://registry.npmjs.org/@eslint-community%2feslint-utils 4ms (cache hit)
642 silly packumentCache full:https://registry.npmjs.org/@eslint-community%2feslint-utils set size:108339 disposed:false
643 silly fetch manifest @nolyfill/is-core-module@1.0.39
644 silly packumentCache full:https://registry.npmjs.org/@nolyfill%2fis-core-module cache-miss
645 http fetch GET 200 https://registry.npmjs.org/stable-hash 117ms (cache miss)
646 silly packumentCache full:https://registry.npmjs.org/stable-hash set size:undefined disposed:false
647 silly fetch manifest @rtsao/scc@^1.1.0
648 silly packumentCache full:https://registry.npmjs.org/@rtsao%2fscc cache-miss
649 http fetch GET 200 https://registry.npmjs.org/is-core-module 235ms (cache miss)
650 silly packumentCache full:https://registry.npmjs.org/is-core-module set size:undefined disposed:false
651 silly fetch manifest array-includes@^3.1.9
652 silly packumentCache full:https://registry.npmjs.org/array-includes cache-miss
653 http fetch GET 200 https://registry.npmjs.org/get-tsconfig 1096ms (cache miss)
654 silly packumentCache full:https://registry.npmjs.org/get-tsconfig set size:undefined disposed:false
655 silly fetch manifest array.prototype.findlastindex@^1.2.6
656 silly packumentCache full:https://registry.npmjs.org/array.prototype.findlastindex cache-miss
657 http fetch GET 200 https://registry.npmjs.org/fast-glob 2360ms (cache miss)
658 silly packumentCache full:https://registry.npmjs.org/fast-glob set size:undefined disposed:false
659 silly fetch manifest array.prototype.flat@^1.3.3
660 silly packumentCache full:https://registry.npmjs.org/array.prototype.flat cache-miss
661 http fetch GET 200 https://registry.npmjs.org/@rtsao%2fscc 2245ms (cache miss)
662 silly packumentCache full:https://registry.npmjs.org/@rtsao%2fscc set size:undefined disposed:false
663 silly fetch manifest array.prototype.flatmap@^1.3.3
664 silly packumentCache full:https://registry.npmjs.org/array.prototype.flatmap cache-miss
665 http fetch GET 200 https://registry.npmjs.org/@nolyfill%2fis-core-module 2362ms (cache miss)
666 silly packumentCache full:https://registry.npmjs.org/@nolyfill%2fis-core-module set size:undefined disposed:false
667 silly fetch manifest doctrine@^2.1.0
668 silly packumentCache full:https://registry.npmjs.org/doctrine cache-miss
669 http fetch GET 200 https://registry.npmjs.org/array-includes 2130ms (cache miss)
670 silly packumentCache full:https://registry.npmjs.org/array-includes set size:undefined disposed:false
671 silly fetch manifest eslint-module-utils@^2.12.1
672 silly packumentCache full:https://registry.npmjs.org/eslint-module-utils cache-miss
673 http fetch GET 200 https://registry.npmjs.org/unrs-resolver 2369ms (cache miss)
674 silly packumentCache full:https://registry.npmjs.org/unrs-resolver set size:undefined disposed:false
675 silly fetch manifest hasown@^2.0.2
676 silly packumentCache full:https://registry.npmjs.org/hasown cache-miss
677 http fetch GET 200 https://registry.npmjs.org/resolve 2371ms (cache miss)
678 silly packumentCache full:https://registry.npmjs.org/resolve set size:undefined disposed:false
679 silly fetch manifest object.fromentries@^2.0.8
680 silly packumentCache full:https://registry.npmjs.org/object.fromentries cache-miss
681 http fetch GET 200 https://registry.npmjs.org/array.prototype.findlastindex 1276ms (cache miss)
682 silly packumentCache full:https://registry.npmjs.org/array.prototype.findlastindex set size:undefined disposed:false
683 silly fetch manifest object.groupby@^1.0.3
684 silly packumentCache full:https://registry.npmjs.org/object.groupby cache-miss
685 http fetch GET 200 https://registry.npmjs.org/is-bun-module 2376ms (cache miss)
686 silly packumentCache full:https://registry.npmjs.org/is-bun-module set size:undefined disposed:false
687 silly fetch manifest object.values@^1.2.1
688 silly packumentCache full:https://registry.npmjs.org/object.values cache-miss
689 http fetch GET 200 https://registry.npmjs.org/tinyglobby 2378ms (cache miss)
690 silly packumentCache full:https://registry.npmjs.org/tinyglobby set size:undefined disposed:false
691 silly fetch manifest semver@^6.3.1
692 silly packumentCache full:https://registry.npmjs.org/semver cache-miss
693 http fetch GET 200 https://registry.npmjs.org/array.prototype.flat 155ms (cache miss)
694 silly packumentCache full:https://registry.npmjs.org/array.prototype.flat set size:undefined disposed:false
695 silly fetch manifest string.prototype.trimend@^1.0.9
696 silly packumentCache full:https://registry.npmjs.org/string.prototype.trimend cache-miss
697 http fetch GET 200 https://registry.npmjs.org/doctrine 227ms (cache miss)
698 silly packumentCache full:https://registry.npmjs.org/doctrine set size:undefined disposed:false
699 silly fetch manifest tsconfig-paths@^3.15.0
700 silly packumentCache full:https://registry.npmjs.org/tsconfig-paths cache-miss
701 http fetch GET 200 https://registry.npmjs.org/array.prototype.flatmap 385ms (cache miss)
702 silly packumentCache full:https://registry.npmjs.org/array.prototype.flatmap set size:undefined disposed:false
703 silly fetch manifest aria-query@^5.3.2
704 silly packumentCache full:https://registry.npmjs.org/aria-query cache-miss
705 http fetch GET 200 https://registry.npmjs.org/hasown 452ms (cache miss)
706 silly packumentCache full:https://registry.npmjs.org/hasown set size:undefined disposed:false
707 silly fetch manifest array-includes@^3.1.8
708 silly packumentCache full:https://registry.npmjs.org/array-includes cache-miss
709 http cache https://registry.npmjs.org/array-includes 2ms (cache hit)
710 silly packumentCache full:https://registry.npmjs.org/array-includes set size:77143 disposed:false
711 silly fetch manifest array.prototype.flatmap@^1.3.2
712 silly packumentCache full:https://registry.npmjs.org/array.prototype.flatmap cache-miss
713 http cache https://registry.npmjs.org/array.prototype.flatmap 2ms (cache hit)
714 silly packumentCache full:https://registry.npmjs.org/array.prototype.flatmap set size:51458 disposed:false
715 silly fetch manifest ast-types-flow@^0.0.8
716 silly packumentCache full:https://registry.npmjs.org/ast-types-flow cache-miss
717 http fetch GET 200 https://registry.npmjs.org/eslint-module-utils 724ms (cache miss)
718 silly packumentCache full:https://registry.npmjs.org/eslint-module-utils set size:undefined disposed:false
719 silly fetch manifest axe-core@^4.10.0
720 silly packumentCache full:https://registry.npmjs.org/axe-core cache-miss
721 http fetch GET 200 https://registry.npmjs.org/object.fromentries 761ms (cache miss)
722 silly packumentCache full:https://registry.npmjs.org/object.fromentries set size:undefined disposed:false
723 silly fetch manifest axobject-query@^4.1.0
724 silly packumentCache full:https://registry.npmjs.org/axobject-query cache-miss
725 http fetch GET 200 https://registry.npmjs.org/object.groupby 795ms (cache miss)
726 silly packumentCache full:https://registry.npmjs.org/object.groupby set size:undefined disposed:false
727 silly fetch manifest damerau-levenshtein@^1.0.8
728 silly packumentCache full:https://registry.npmjs.org/damerau-levenshtein cache-miss
729 http fetch GET 200 https://registry.npmjs.org/object.values 2048ms (cache miss)
730 silly packumentCache full:https://registry.npmjs.org/object.values set size:undefined disposed:false
731 silly fetch manifest emoji-regex@^9.2.2
732 silly packumentCache full:https://registry.npmjs.org/emoji-regex cache-miss
733 http fetch GET 200 https://registry.npmjs.org/aria-query 2764ms (cache miss)
734 silly packumentCache full:https://registry.npmjs.org/aria-query set size:undefined disposed:false
735 silly fetch manifest jsx-ast-utils@^3.3.5
736 silly packumentCache full:https://registry.npmjs.org/jsx-ast-utils cache-miss
737 http fetch GET 200 https://registry.npmjs.org/string.prototype.trimend 2998ms (cache miss)
738 silly packumentCache full:https://registry.npmjs.org/string.prototype.trimend set size:undefined disposed:false
739 silly fetch manifest language-tags@^1.0.9
740 silly packumentCache full:https://registry.npmjs.org/language-tags cache-miss
741 http fetch GET 200 https://registry.npmjs.org/ast-types-flow 2689ms (cache miss)
742 silly packumentCache full:https://registry.npmjs.org/ast-types-flow set size:undefined disposed:false
743 silly fetch manifest safe-regex-test@^1.0.3
744 silly packumentCache full:https://registry.npmjs.org/safe-regex-test cache-miss
745 http fetch GET 200 https://registry.npmjs.org/tsconfig-paths 2925ms (cache miss)
746 silly packumentCache full:https://registry.npmjs.org/tsconfig-paths set size:undefined disposed:false
747 silly fetch manifest string.prototype.includes@^2.0.1
748 silly packumentCache full:https://registry.npmjs.org/string.prototype.includes cache-miss
749 http fetch GET 200 https://registry.npmjs.org/semver 3146ms (cache miss)
750 silly packumentCache full:https://registry.npmjs.org/semver set size:undefined disposed:false
751 silly fetch manifest array.prototype.findlast@^1.2.5
752 silly packumentCache full:https://registry.npmjs.org/array.prototype.findlast cache-miss
753 http fetch GET 200 https://registry.npmjs.org/axobject-query 2855ms (cache miss)
754 silly packumentCache full:https://registry.npmjs.org/axobject-query set size:undefined disposed:false
755 silly fetch manifest array.prototype.tosorted@^1.1.4
756 silly packumentCache full:https://registry.npmjs.org/array.prototype.tosorted cache-miss
757 http fetch GET 200 https://registry.npmjs.org/damerau-levenshtein 2821ms (cache miss)
758 silly packumentCache full:https://registry.npmjs.org/damerau-levenshtein set size:undefined disposed:false
759 silly fetch manifest es-iterator-helpers@^1.2.1
760 silly packumentCache full:https://registry.npmjs.org/es-iterator-helpers cache-miss
761 http fetch GET 200 https://registry.npmjs.org/emoji-regex 1992ms (cache miss)
762 silly packumentCache full:https://registry.npmjs.org/emoji-regex set size:undefined disposed:false
763 silly fetch manifest estraverse@^5.3.0
764 silly packumentCache full:https://registry.npmjs.org/estraverse cache-miss
765 http cache https://registry.npmjs.org/estraverse 3ms (cache hit)
766 silly packumentCache full:https://registry.npmjs.org/estraverse set size:62412 disposed:false
767 silly fetch manifest jsx-ast-utils@^2.4.1 || ^3.0.0
768 silly packumentCache full:https://registry.npmjs.org/jsx-ast-utils cache-miss
769 http fetch GET 200 https://registry.npmjs.org/language-tags 1665ms (cache miss)
770 silly packumentCache full:https://registry.npmjs.org/language-tags set size:undefined disposed:false
771 silly fetch manifest object.entries@^1.1.9
772 silly packumentCache full:https://registry.npmjs.org/object.entries cache-miss
773 http fetch GET 200 https://registry.npmjs.org/string.prototype.includes 1662ms (cache miss)
774 silly packumentCache full:https://registry.npmjs.org/string.prototype.includes set size:undefined disposed:false
775 silly fetch manifest prop-types@^15.8.1
776 silly packumentCache full:https://registry.npmjs.org/prop-types cache-miss
777 http fetch GET 200 https://registry.npmjs.org/array.prototype.findlast 1660ms (cache miss)
778 silly packumentCache full:https://registry.npmjs.org/array.prototype.findlast set size:undefined disposed:false
779 silly fetch manifest resolve@^2.0.0-next.5
780 silly packumentCache full:https://registry.npmjs.org/resolve cache-miss
781 http fetch GET 200 https://registry.npmjs.org/safe-regex-test 1669ms (cache miss)
782 silly packumentCache full:https://registry.npmjs.org/safe-regex-test set size:undefined disposed:false
783 silly fetch manifest string.prototype.matchall@^4.0.12
784 silly packumentCache full:https://registry.npmjs.org/string.prototype.matchall cache-miss
785 http cache https://registry.npmjs.org/resolve 5ms (cache hit)
786 silly packumentCache full:https://registry.npmjs.org/resolve set size:244568 disposed:false
787 silly fetch manifest string.prototype.repeat@^1.0.0
788 silly packumentCache full:https://registry.npmjs.org/string.prototype.repeat cache-miss
789 http fetch GET 200 https://registry.npmjs.org/jsx-ast-utils 1786ms (cache miss)
790 silly packumentCache full:https://registry.npmjs.org/jsx-ast-utils set size:undefined disposed:false
791 silly fetch manifest zod@^3.25.0 || ^4.0.0
792 silly packumentCache full:https://registry.npmjs.org/zod cache-miss
793 http fetch GET 200 https://registry.npmjs.org/array.prototype.tosorted 1727ms (cache miss)
794 silly packumentCache full:https://registry.npmjs.org/array.prototype.tosorted set size:undefined disposed:false
795 silly fetch manifest @babel/core@^7.24.4
796 silly packumentCache full:https://registry.npmjs.org/@babel%2fcore cache-miss
797 http fetch GET 200 https://registry.npmjs.org/jsx-ast-utils 1667ms (cache miss)
798 silly packumentCache full:https://registry.npmjs.org/jsx-ast-utils set size:undefined disposed:false
799 silly fetch manifest @babel/parser@^7.24.4
800 silly packumentCache full:https://registry.npmjs.org/@babel%2fparser cache-miss
801 http fetch GET 200 https://registry.npmjs.org/es-iterator-helpers 2102ms (cache miss)
802 silly packumentCache full:https://registry.npmjs.org/es-iterator-helpers set size:undefined disposed:false
803 silly fetch manifest hermes-parser@^0.25.1
804 silly packumentCache full:https://registry.npmjs.org/hermes-parser cache-miss
805 http fetch GET 200 https://registry.npmjs.org/object.entries 2642ms (cache miss)
806 silly packumentCache full:https://registry.npmjs.org/object.entries set size:undefined disposed:false
807 silly fetch manifest zod-validation-error@^3.5.0 || ^4.0.0
808 silly packumentCache full:https://registry.npmjs.org/zod-validation-error cache-miss
809 http fetch GET 200 https://registry.npmjs.org/string.prototype.matchall 3106ms (cache miss)
810 silly packumentCache full:https://registry.npmjs.org/string.prototype.matchall set size:undefined disposed:false
811 silly fetch manifest @typescript-eslint/utils@8.67.0
812 silly packumentCache full:https://registry.npmjs.org/@typescript-eslint%2futils cache-miss
813 http fetch GET 200 https://registry.npmjs.org/string.prototype.repeat 3104ms (cache miss)
814 silly packumentCache full:https://registry.npmjs.org/string.prototype.repeat set size:undefined disposed:false
815 silly fetch manifest @typescript-eslint/parser@8.67.0
816 silly packumentCache full:https://registry.npmjs.org/@typescript-eslint%2fparser cache-miss
817 http fetch GET 200 https://registry.npmjs.org/prop-types 3115ms (cache miss)
818 silly packumentCache full:https://registry.npmjs.org/prop-types set size:undefined disposed:false
819 silly fetch manifest @typescript-eslint/eslint-plugin@8.67.0
820 silly packumentCache full:https://registry.npmjs.org/@typescript-eslint%2feslint-plugin cache-miss
821 http cache https://registry.npmjs.org/@typescript-eslint%2futils 23ms (cache hit)
822 silly packumentCache full:https://registry.npmjs.org/@typescript-eslint%2futils set size:10681801 disposed:false
823 silly fetch manifest @typescript-eslint/typescript-estree@8.67.0
824 silly packumentCache full:https://registry.npmjs.org/@typescript-eslint%2ftypescript-estree cache-miss
825 http fetch GET 200 https://registry.npmjs.org/hermes-parser 3789ms (cache miss)
826 silly packumentCache full:https://registry.npmjs.org/hermes-parser set size:undefined disposed:false
827 http fetch GET 200 https://registry.npmjs.org/zod-validation-error 4405ms (cache miss)
828 silly packumentCache full:https://registry.npmjs.org/zod-validation-error set size:undefined disposed:false
829 http fetch GET 200 https://registry.npmjs.org/@babel%2fcore 6514ms (cache miss)
830 silly packumentCache full:https://registry.npmjs.org/@babel%2fcore set size:undefined disposed:false
831 http fetch GET 200 https://registry.npmjs.org/@babel%2fparser 7564ms (cache miss)
832 silly packumentCache full:https://registry.npmjs.org/@babel%2fparser set size:undefined disposed:false
833 http fetch GET 200 https://registry.npmjs.org/zod 11209ms (cache miss)
834 silly packumentCache full:https://registry.npmjs.org/zod set size:undefined disposed:false
835 http fetch GET 200 https://registry.npmjs.org/axe-core 18135ms (cache miss)
836 silly packumentCache full:https://registry.npmjs.org/axe-core set size:undefined disposed:false
837 http fetch GET 200 https://registry.npmjs.org/@typescript-eslint%2feslint-plugin 74787ms (cache miss)
838 silly packumentCache full:https://registry.npmjs.org/@typescript-eslint%2feslint-plugin set size:undefined disposed:false
839 http fetch GET 200 https://registry.npmjs.org/@typescript-eslint%2ftypescript-estree 74800ms (cache miss)
840 silly packumentCache full:https://registry.npmjs.org/@typescript-eslint%2ftypescript-estree set size:undefined disposed:false
841 http fetch GET 200 https://registry.npmjs.org/@typescript-eslint%2fparser 74881ms (cache miss)
842 silly packumentCache full:https://registry.npmjs.org/@typescript-eslint%2fparser set size:undefined disposed:false
843 silly placeDep node_modules/@next/eslint-plugin-next @eslint-community/eslint-utils@4.9.1 OK for: @next/eslint-plugin-next@16.3.1 want: 4.9.1
844 silly placeDep ROOT fast-glob@3.3.1 OK for: @next/eslint-plugin-next@16.3.1 want: 3.3.1
845 silly fetch manifest merge2@^1.3.0
846 silly packumentCache full:https://registry.npmjs.org/merge2 cache-miss
847 silly fetch manifest micromatch@^4.0.4
848 silly packumentCache full:https://registry.npmjs.org/micromatch cache-miss
849 silly fetch manifest glob-parent@^5.1.2
850 silly packumentCache full:https://registry.npmjs.org/glob-parent cache-miss
851 silly fetch manifest @nodelib/fs.stat@^2.0.2
852 silly packumentCache full:https://registry.npmjs.org/@nodelib%2ffs.stat cache-miss
853 silly fetch manifest @nodelib/fs.walk@^1.2.3
854 silly packumentCache full:https://registry.npmjs.org/@nodelib%2ffs.walk cache-miss
855 http cache https://registry.npmjs.org/glob-parent 12ms (cache hit)
856 silly packumentCache full:https://registry.npmjs.org/glob-parent set size:42445 disposed:false
857 http fetch GET 200 https://registry.npmjs.org/micromatch 434ms (cache miss)
858 silly packumentCache full:https://registry.npmjs.org/micromatch set size:undefined disposed:false
859 http fetch GET 200 https://registry.npmjs.org/@nodelib%2ffs.walk 580ms (cache miss)
860 silly packumentCache full:https://registry.npmjs.org/@nodelib%2ffs.walk set size:undefined disposed:false
861 http fetch GET 200 https://registry.npmjs.org/merge2 1115ms (cache miss)
862 silly packumentCache full:https://registry.npmjs.org/merge2 set size:undefined disposed:false
863 http fetch GET 200 https://registry.npmjs.org/@nodelib%2ffs.stat 1117ms (cache miss)
864 silly packumentCache full:https://registry.npmjs.org/@nodelib%2ffs.stat set size:undefined disposed:false
865 silly placeDep node_modules/eslint-import-resolver-node debug@3.2.7 OK for: eslint-import-resolver-node@0.3.10 want: ^3.2.7
866 silly placeDep ROOT is-core-module@2.16.2 OK for: eslint-import-resolver-node@0.3.10 want: ^2.16.1
867 silly placeDep ROOT resolve@2.0.0-next.7 OK for: eslint-import-resolver-node@0.3.10 want: ^2.0.0-next.6
868 silly fetch manifest hasown@^2.0.3
869 silly packumentCache full:https://registry.npmjs.org/hasown cache-miss
870 silly fetch manifest es-errors@^1.3.0
871 silly packumentCache full:https://registry.npmjs.org/es-errors cache-miss
872 silly fetch manifest node-exports-info@^1.6.0
873 silly packumentCache full:https://registry.npmjs.org/node-exports-info cache-miss
874 silly fetch manifest object-keys@^1.1.1
875 silly packumentCache full:https://registry.npmjs.org/object-keys cache-miss
876 silly fetch manifest path-parse@^1.0.7
877 silly packumentCache full:https://registry.npmjs.org/path-parse cache-miss
878 silly fetch manifest supports-preserve-symlinks-flag@^1.0.0
879 silly packumentCache full:https://registry.npmjs.org/supports-preserve-symlinks-flag cache-miss
880 http cache https://registry.npmjs.org/hasown 5ms (cache hit)
881 silly packumentCache full:https://registry.npmjs.org/hasown set size:18361 disposed:false
882 http fetch GET 200 https://registry.npmjs.org/es-errors 92ms (cache miss)
883 silly packumentCache full:https://registry.npmjs.org/es-errors set size:undefined disposed:false
884 http fetch GET 200 https://registry.npmjs.org/object-keys 284ms (cache miss)
885 silly packumentCache full:https://registry.npmjs.org/object-keys set size:undefined disposed:false
886 http fetch GET 200 https://registry.npmjs.org/node-exports-info 436ms (cache miss)
887 silly packumentCache full:https://registry.npmjs.org/node-exports-info set size:undefined disposed:false
888 http fetch GET 200 https://registry.npmjs.org/path-parse 484ms (cache miss)
889 silly packumentCache full:https://registry.npmjs.org/path-parse set size:undefined disposed:false
890 http fetch GET 200 https://registry.npmjs.org/supports-preserve-symlinks-flag 657ms (cache miss)
891 silly packumentCache full:https://registry.npmjs.org/supports-preserve-symlinks-flag set size:undefined disposed:false
892 silly placeDep ROOT @nolyfill/is-core-module@1.0.39 OK for: eslint-import-resolver-typescript@3.10.1 want: 1.0.39
893 silly placeDep ROOT get-tsconfig@4.14.3 OK for: eslint-import-resolver-typescript@3.10.1 want: ^4.10.0
894 silly placeDep ROOT is-bun-module@2.0.0 OK for: eslint-import-resolver-typescript@3.10.1 want: ^2.0.0
895 silly placeDep ROOT stable-hash@0.0.5 OK for: eslint-import-resolver-typescript@3.10.1 want: ^0.0.5
896 silly placeDep ROOT tinyglobby@0.2.17 OK for: eslint-import-resolver-typescript@3.10.1 want: ^0.2.13
897 silly placeDep ROOT unrs-resolver@1.12.2 OK for: eslint-import-resolver-typescript@3.10.1 want: ^1.6.2
898 silly fetch manifest resolve-pkg-maps@^1.0.0
899 silly packumentCache full:https://registry.npmjs.org/resolve-pkg-maps cache-miss
900 silly fetch manifest semver@^7.7.1
901 silly packumentCache full:https://registry.npmjs.org/semver cache-miss
902 silly fetch manifest fdir@^6.5.0
903 silly packumentCache full:https://registry.npmjs.org/fdir cache-miss
904 silly fetch manifest picomatch@^4.0.4
905 silly packumentCache full:https://registry.npmjs.org/picomatch cache-miss
906 silly fetch manifest napi-postinstall@^0.3.4
907 silly packumentCache full:https://registry.npmjs.org/napi-postinstall cache-miss
908 silly fetch manifest @unrs/resolver-binding-darwin-arm64@1.12.2
909 silly packumentCache full:https://registry.npmjs.org/@unrs%2fresolver-binding-darwin-arm64 cache-miss
910 silly fetch manifest @unrs/resolver-binding-android-arm64@1.12.2
911 silly packumentCache full:https://registry.npmjs.org/@unrs%2fresolver-binding-android-arm64 cache-miss
912 silly fetch manifest @unrs/resolver-binding-win32-arm64-msvc@1.12.2
913 silly packumentCache full:https://registry.npmjs.org/@unrs%2fresolver-binding-win32-arm64-msvc cache-miss
914 silly fetch manifest @unrs/resolver-binding-linux-arm64-gnu@1.12.2
915 silly packumentCache full:https://registry.npmjs.org/@unrs%2fresolver-binding-linux-arm64-gnu cache-miss
916 http cache https://registry.npmjs.org/semver 8ms (cache hit)
917 silly packumentCache full:https://registry.npmjs.org/semver set size:246069 disposed:false
918 silly fetch manifest @unrs/resolver-binding-linux-arm64-musl@1.12.2
919 silly packumentCache full:https://registry.npmjs.org/@unrs%2fresolver-binding-linux-arm64-musl cache-miss
920 http fetch GET 200 https://registry.npmjs.org/resolve-pkg-maps 123ms (cache miss)
921 silly packumentCache full:https://registry.npmjs.org/resolve-pkg-maps set size:undefined disposed:false
922 silly fetch manifest @unrs/resolver-binding-openharmony-arm64@1.12.2
923 silly packumentCache full:https://registry.npmjs.org/@unrs%2fresolver-binding-openharmony-arm64 cache-miss
924 http fetch GET 200 https://registry.npmjs.org/napi-postinstall 197ms (cache miss)
925 silly packumentCache full:https://registry.npmjs.org/napi-postinstall set size:undefined disposed:false
926 silly fetch manifest @unrs/resolver-binding-android-arm-eabi@1.12.2
927 silly packumentCache full:https://registry.npmjs.org/@unrs%2fresolver-binding-android-arm-eabi cache-miss
928 http fetch GET 200 https://registry.npmjs.org/fdir 671ms (cache miss)
929 silly packumentCache full:https://registry.npmjs.org/fdir set size:undefined disposed:false
930 silly fetch manifest @unrs/resolver-binding-linux-arm-gnueabihf@1.12.2
931 silly packumentCache full:https://registry.npmjs.org/@unrs%2fresolver-binding-linux-arm-gnueabihf cache-miss
932 http fetch GET 200 https://registry.npmjs.org/@unrs%2fresolver-binding-linux-arm64-gnu 1794ms (cache miss)
933 silly packumentCache full:https://registry.npmjs.org/@unrs%2fresolver-binding-linux-arm64-gnu set size:undefined disposed:false
934 silly fetch manifest @unrs/resolver-binding-linux-arm-musleabihf@1.12.2
935 silly packumentCache full:https://registry.npmjs.org/@unrs%2fresolver-binding-linux-arm-musleabihf cache-miss
936 http fetch GET 200 https://registry.npmjs.org/picomatch 1796ms (cache miss)
937 silly packumentCache full:https://registry.npmjs.org/picomatch set size:undefined disposed:false
938 silly fetch manifest @unrs/resolver-binding-win32-ia32-msvc@1.12.2
939 silly packumentCache full:https://registry.npmjs.org/@unrs%2fresolver-binding-win32-ia32-msvc cache-miss
940 http fetch GET 200 https://registry.npmjs.org/@unrs%2fresolver-binding-android-arm64 1799ms (cache miss)
941 silly packumentCache full:https://registry.npmjs.org/@unrs%2fresolver-binding-android-arm64 set size:undefined disposed:false
942 silly fetch manifest @unrs/resolver-binding-linux-loong64-gnu@1.12.2
943 silly packumentCache full:https://registry.npmjs.org/@unrs%2fresolver-binding-linux-loong64-gnu cache-miss
944 http fetch GET 200 https://registry.npmjs.org/@unrs%2fresolver-binding-darwin-arm64 1800ms (cache miss)
945 silly packumentCache full:https://registry.npmjs.org/@unrs%2fresolver-binding-darwin-arm64 set size:undefined disposed:false
946 silly fetch manifest @unrs/resolver-binding-linux-loong64-musl@1.12.2
947 silly packumentCache full:https://registry.npmjs.org/@unrs%2fresolver-binding-linux-loong64-musl cache-miss
948 http fetch GET 200 https://registry.npmjs.org/@unrs%2fresolver-binding-win32-arm64-msvc 1800ms (cache miss)
949 silly packumentCache full:https://registry.npmjs.org/@unrs%2fresolver-binding-win32-arm64-msvc set size:undefined disposed:false
950 silly fetch manifest @unrs/resolver-binding-linux-ppc64-gnu@1.12.2
951 silly packumentCache full:https://registry.npmjs.org/@unrs%2fresolver-binding-linux-ppc64-gnu cache-miss
952 http fetch GET 200 https://registry.npmjs.org/@unrs%2fresolver-binding-linux-arm64-musl 1893ms (cache miss)
953 silly packumentCache full:https://registry.npmjs.org/@unrs%2fresolver-binding-linux-arm64-musl set size:undefined disposed:false
954 silly fetch manifest @unrs/resolver-binding-linux-riscv64-gnu@1.12.2
955 silly packumentCache full:https://registry.npmjs.org/@unrs%2fresolver-binding-linux-riscv64-gnu cache-miss
956 http fetch GET 200 https://registry.npmjs.org/@unrs%2fresolver-binding-android-arm-eabi 1708ms (cache miss)
957 silly packumentCache full:https://registry.npmjs.org/@unrs%2fresolver-binding-android-arm-eabi set size:undefined disposed:false
958 silly fetch manifest @unrs/resolver-binding-linux-riscv64-musl@1.12.2
959 silly packumentCache full:https://registry.npmjs.org/@unrs%2fresolver-binding-linux-riscv64-musl cache-miss
960 http fetch GET 200 https://registry.npmjs.org/@unrs%2fresolver-binding-openharmony-arm64 1783ms (cache miss)
961 silly packumentCache full:https://registry.npmjs.org/@unrs%2fresolver-binding-openharmony-arm64 set size:undefined disposed:false
962 silly fetch manifest @unrs/resolver-binding-linux-s390x-gnu@1.12.2
963 silly packumentCache full:https://registry.npmjs.org/@unrs%2fresolver-binding-linux-s390x-gnu cache-miss
964 http fetch GET 200 https://registry.npmjs.org/@unrs%2fresolver-binding-linux-arm-gnueabihf 1236ms (cache miss)
965 silly packumentCache full:https://registry.npmjs.org/@unrs%2fresolver-binding-linux-arm-gnueabihf set size:undefined disposed:false
966 silly fetch manifest @unrs/resolver-binding-wasm32-wasi@1.12.2
967 silly packumentCache full:https://registry.npmjs.org/@unrs%2fresolver-binding-wasm32-wasi cache-miss
968 http fetch GET 200 https://registry.npmjs.org/@unrs%2fresolver-binding-linux-arm-musleabihf 209ms (cache miss)
969 silly packumentCache full:https://registry.npmjs.org/@unrs%2fresolver-binding-linux-arm-musleabihf set size:undefined disposed:false
970 silly fetch manifest @unrs/resolver-binding-darwin-x64@1.12.2
971 silly packumentCache full:https://registry.npmjs.org/@unrs%2fresolver-binding-darwin-x64 cache-miss
972 http fetch GET 200 https://registry.npmjs.org/@unrs%2fresolver-binding-linux-loong64-musl 311ms (cache miss)
973 silly packumentCache full:https://registry.npmjs.org/@unrs%2fresolver-binding-linux-loong64-musl set size:undefined disposed:false
974 silly fetch manifest @unrs/resolver-binding-win32-x64-msvc@1.12.2
975 silly packumentCache full:https://registry.npmjs.org/@unrs%2fresolver-binding-win32-x64-msvc cache-miss
976 http fetch GET 200 https://registry.npmjs.org/@unrs%2fresolver-binding-linux-ppc64-gnu 368ms (cache miss)
977 silly packumentCache full:https://registry.npmjs.org/@unrs%2fresolver-binding-linux-ppc64-gnu set size:undefined disposed:false
978 silly fetch manifest @unrs/resolver-binding-freebsd-x64@1.12.2
979 silly packumentCache full:https://registry.npmjs.org/@unrs%2fresolver-binding-freebsd-x64 cache-miss
980 http fetch GET 200 https://registry.npmjs.org/@unrs%2fresolver-binding-linux-riscv64-gnu 559ms (cache miss)
981 silly packumentCache full:https://registry.npmjs.org/@unrs%2fresolver-binding-linux-riscv64-gnu set size:undefined disposed:false
982 silly fetch manifest @unrs/resolver-binding-linux-x64-gnu@1.12.2
983 silly packumentCache full:https://registry.npmjs.org/@unrs%2fresolver-binding-linux-x64-gnu cache-miss
984 http fetch GET 200 https://registry.npmjs.org/@unrs%2fresolver-binding-wasm32-wasi 556ms (cache miss)
985 silly packumentCache full:https://registry.npmjs.org/@unrs%2fresolver-binding-wasm32-wasi set size:undefined disposed:false
986 silly fetch manifest @unrs/resolver-binding-linux-x64-musl@1.12.2
987 silly packumentCache full:https://registry.npmjs.org/@unrs%2fresolver-binding-linux-x64-musl cache-miss
988 http fetch GET 200 https://registry.npmjs.org/@unrs%2fresolver-binding-win32-x64-msvc 476ms (cache miss)
989 silly packumentCache full:https://registry.npmjs.org/@unrs%2fresolver-binding-win32-x64-msvc set size:undefined disposed:false
990 http fetch GET 200 https://registry.npmjs.org/@unrs%2fresolver-binding-linux-s390x-gnu 684ms (cache miss)
991 silly packumentCache full:https://registry.npmjs.org/@unrs%2fresolver-binding-linux-s390x-gnu set size:undefined disposed:false
992 http fetch GET 200 https://registry.npmjs.org/@unrs%2fresolver-binding-linux-riscv64-musl 917ms (cache miss)
993 silly packumentCache full:https://registry.npmjs.org/@unrs%2fresolver-binding-linux-riscv64-musl set size:undefined disposed:false
994 http fetch GET 200 https://registry.npmjs.org/@unrs%2fresolver-binding-linux-loong64-gnu 1024ms (cache miss)
995 silly packumentCache full:https://registry.npmjs.org/@unrs%2fresolver-binding-linux-loong64-gnu set size:undefined disposed:false
996 http fetch GET 200 https://registry.npmjs.org/@unrs%2fresolver-binding-freebsd-x64 742ms (cache miss)
997 silly packumentCache full:https://registry.npmjs.org/@unrs%2fresolver-binding-freebsd-x64 set size:undefined disposed:false
998 http fetch GET 200 https://registry.npmjs.org/@unrs%2fresolver-binding-darwin-x64 989ms (cache miss)
999 silly packumentCache full:https://registry.npmjs.org/@unrs%2fresolver-binding-darwin-x64 set size:undefined disposed:false
1000 http fetch GET 200 https://registry.npmjs.org/@unrs%2fresolver-binding-win32-ia32-msvc 1495ms (cache miss)
1001 silly packumentCache full:https://registry.npmjs.org/@unrs%2fresolver-binding-win32-ia32-msvc set size:undefined disposed:false
1002 http fetch GET 200 https://registry.npmjs.org/@unrs%2fresolver-binding-linux-x64-gnu 1729ms (cache miss)
1003 silly packumentCache full:https://registry.npmjs.org/@unrs%2fresolver-binding-linux-x64-gnu set size:undefined disposed:false
1004 http fetch GET 200 https://registry.npmjs.org/@unrs%2fresolver-binding-linux-x64-musl 1729ms (cache miss)
1005 silly packumentCache full:https://registry.npmjs.org/@unrs%2fresolver-binding-linux-x64-musl set size:undefined disposed:false
1006 silly placeDep ROOT @rtsao/scc@1.1.0 OK for: eslint-plugin-import@2.32.0 want: ^1.1.0
1007 silly placeDep ROOT array-includes@3.1.9 OK for: eslint-plugin-import@2.32.0 want: ^3.1.9
1008 silly placeDep ROOT array.prototype.findlastindex@1.2.6 OK for: eslint-plugin-import@2.32.0 want: ^1.2.6
1009 silly placeDep ROOT array.prototype.flat@1.3.3 OK for: eslint-plugin-import@2.32.0 want: ^1.3.3
1010 silly placeDep ROOT array.prototype.flatmap@1.3.3 OK for: eslint-plugin-import@2.32.0 want: ^1.3.3
1011 silly placeDep node_modules/eslint-plugin-import debug@3.2.7 OK for: eslint-plugin-import@2.32.0 want: ^3.2.7
1012 silly placeDep ROOT doctrine@2.1.0 OK for: eslint-plugin-import@2.32.0 want: ^2.1.0
1013 silly placeDep ROOT eslint-module-utils@2.14.0 OK for: eslint-plugin-import@2.32.0 want: ^2.12.1
1014 silly placeDep ROOT hasown@2.0.4 OK for: eslint-plugin-import@2.32.0 want: ^2.0.2
1015 silly placeDep ROOT object.fromentries@2.0.8 OK for: eslint-plugin-import@2.32.0 want: ^2.0.8
1016 silly placeDep ROOT object.groupby@1.0.3 OK for: eslint-plugin-import@2.32.0 want: ^1.0.3
1017 silly placeDep ROOT object.values@1.2.1 OK for: eslint-plugin-import@2.32.0 want: ^1.2.1
1018 silly placeDep ROOT semver@6.3.1 OK for: eslint-plugin-import@2.32.0 want: ^6.3.1
1019 silly placeDep ROOT string.prototype.trimend@1.0.10 OK for: eslint-plugin-import@2.32.0 want: ^1.0.9
1020 silly placeDep ROOT tsconfig-paths@3.15.0 OK for: eslint-plugin-import@2.32.0 want: ^3.15.0
1021 silly fetch manifest call-bind@^1.0.8
1022 silly packumentCache full:https://registry.npmjs.org/call-bind cache-miss
1023 silly fetch manifest call-bound@^1.0.4
1024 silly packumentCache full:https://registry.npmjs.org/call-bound cache-miss
1025 silly fetch manifest define-properties@^1.2.1
1026 silly packumentCache full:https://registry.npmjs.org/define-properties cache-miss
1027 silly fetch manifest es-abstract@^1.24.0
1028 silly packumentCache full:https://registry.npmjs.org/es-abstract cache-miss
1029 silly fetch manifest es-object-atoms@^1.1.1
1030 silly packumentCache full:https://registry.npmjs.org/es-object-atoms cache-miss
1031 silly fetch manifest get-intrinsic@^1.3.0
1032 silly packumentCache full:https://registry.npmjs.org/get-intrinsic cache-miss
1033 silly fetch manifest is-string@^1.1.1
1034 silly packumentCache full:https://registry.npmjs.org/is-string cache-miss
1035 silly fetch manifest math-intrinsics@^1.1.0
1036 silly packumentCache full:https://registry.npmjs.org/math-intrinsics cache-miss
1037 silly fetch manifest call-bind@^1.0.8
1038 silly packumentCache full:https://registry.npmjs.org/call-bind cache-miss
1039 http fetch GET 200 https://registry.npmjs.org/call-bind 364ms (cache miss)
1040 silly packumentCache full:https://registry.npmjs.org/call-bind set size:undefined disposed:false
1041 silly fetch manifest call-bound@^1.0.4
1042 silly packumentCache full:https://registry.npmjs.org/call-bound cache-miss
1043 http fetch GET 200 https://registry.npmjs.org/call-bound 366ms (cache miss)
1044 silly packumentCache full:https://registry.npmjs.org/call-bound set size:undefined disposed:false
1045 silly fetch manifest define-properties@^1.2.1
1046 silly packumentCache full:https://registry.npmjs.org/define-properties cache-miss
1047 http cache https://registry.npmjs.org/call-bound 4ms (cache hit)
1048 silly packumentCache full:https://registry.npmjs.org/call-bound set size:15317 disposed:false
1049 silly fetch manifest es-abstract@^1.23.9
1050 silly packumentCache full:https://registry.npmjs.org/es-abstract cache-miss
1051 http fetch GET 200 https://registry.npmjs.org/define-properties 683ms (cache miss)
1052 silly packumentCache full:https://registry.npmjs.org/define-properties set size:undefined disposed:false
1053 silly fetch manifest es-object-atoms@^1.1.1
1054 silly packumentCache full:https://registry.npmjs.org/es-object-atoms cache-miss
1055 http fetch GET 200 https://registry.npmjs.org/es-object-atoms 684ms (cache miss)
1056 silly packumentCache full:https://registry.npmjs.org/es-object-atoms set size:undefined disposed:false
1057 silly fetch manifest es-shim-unscopables@^1.1.0
1058 silly packumentCache full:https://registry.npmjs.org/es-shim-unscopables cache-miss
1059 http cache https://registry.npmjs.org/es-object-atoms 4ms (cache hit)
1060 silly packumentCache full:https://registry.npmjs.org/es-object-atoms set size:18278 disposed:false
1061 silly fetch manifest es-abstract@^1.23.5
1062 silly packumentCache full:https://registry.npmjs.org/es-abstract cache-miss
1063 http fetch GET 200 https://registry.npmjs.org/get-intrinsic 724ms (cache miss)
1064 silly packumentCache full:https://registry.npmjs.org/get-intrinsic set size:undefined disposed:false
1065 silly fetch manifest es-shim-unscopables@^1.0.2
1066 silly packumentCache full:https://registry.npmjs.org/es-shim-unscopables cache-miss
1067 http fetch GET 200 https://registry.npmjs.org/is-string 785ms (cache miss)
1068 silly packumentCache full:https://registry.npmjs.org/is-string set size:undefined disposed:false
1069 silly fetch manifest es-abstract@^1.23.5
1070 silly packumentCache full:https://registry.npmjs.org/es-abstract cache-miss
1071 http fetch GET 200 https://registry.npmjs.org/math-intrinsics 787ms (cache miss)
1072 silly packumentCache full:https://registry.npmjs.org/math-intrinsics set size:undefined disposed:false
1073 silly fetch manifest es-shim-unscopables@^1.0.2
1074 silly packumentCache full:https://registry.npmjs.org/es-shim-unscopables cache-miss
1075 http fetch GET 200 https://registry.npmjs.org/call-bind 923ms (cache miss)
1076 silly packumentCache full:https://registry.npmjs.org/call-bind set size:undefined disposed:false
1077 silly fetch manifest function-bind@^1.1.2
1078 silly packumentCache full:https://registry.npmjs.org/function-bind cache-miss
1079 http fetch GET 200 https://registry.npmjs.org/define-properties 4991ms (cache miss)
1080 silly packumentCache full:https://registry.npmjs.org/define-properties set size:undefined disposed:false
1081 silly fetch manifest call-bind@^1.0.7
1082 silly packumentCache full:https://registry.npmjs.org/call-bind cache-miss
1083 http fetch GET 200 https://registry.npmjs.org/es-abstract 5362ms (cache miss)
1084 silly packumentCache full:https://registry.npmjs.org/es-abstract set size:undefined disposed:false
1085 silly fetch manifest es-abstract@^1.23.2
1086 silly packumentCache full:https://registry.npmjs.org/es-abstract cache-miss
1087 http cache https://registry.npmjs.org/call-bind 8ms (cache hit)
1088 silly packumentCache full:https://registry.npmjs.org/call-bind set size:32985 disposed:false
1089 silly fetch manifest es-object-atoms@^1.0.0
1090 silly packumentCache full:https://registry.npmjs.org/es-object-atoms cache-hit
1091 silly fetch manifest es-abstract@^1.23.2
1092 silly packumentCache full:https://registry.npmjs.org/es-abstract cache-miss
1093 http cache https://registry.npmjs.org/es-abstract 4ms (cache hit)
1094 silly packumentCache full:https://registry.npmjs.org/es-abstract set size:384124 disposed:false
1095 silly fetch manifest call-bound@^1.0.3
1096 silly packumentCache full:https://registry.npmjs.org/call-bound cache-hit
1097 silly fetch manifest call-bind@^1.0.9
1098 silly packumentCache full:https://registry.npmjs.org/call-bind cache-hit
1099 silly fetch manifest es-object-atoms@^1.1.2
1100 silly packumentCache full:https://registry.npmjs.org/es-object-atoms cache-hit
1101 silly fetch manifest json5@^1.0.2
1102 silly packumentCache full:https://registry.npmjs.org/json5 cache-miss
1103 http cache https://registry.npmjs.org/es-abstract 5ms (cache hit)
1104 silly packumentCache full:https://registry.npmjs.org/es-abstract set size:384124 disposed:false
1105 silly packumentCache full:https://registry.npmjs.org/es-abstract dispose
1106 silly fetch manifest minimist@^1.2.6
1107 silly packumentCache full:https://registry.npmjs.org/minimist cache-miss
1108 http fetch GET 200 https://registry.npmjs.org/es-abstract 5192ms (cache miss)
1109 silly packumentCache full:https://registry.npmjs.org/es-abstract set size:undefined disposed:true
1110 silly packumentCache full:https://registry.npmjs.org/es-abstract dispose
1111 silly fetch manifest strip-bom@^3.0.0
1112 silly packumentCache full:https://registry.npmjs.org/strip-bom cache-miss
1113 http fetch GET 200 https://registry.npmjs.org/es-abstract 5098ms (cache miss)
1114 silly packumentCache full:https://registry.npmjs.org/es-abstract set size:undefined disposed:true
1115 silly fetch manifest @types/json5@^0.0.29
1116 silly packumentCache full:https://registry.npmjs.org/@types%2fjson5 cache-miss
1117 http fetch GET 200 https://registry.npmjs.org/es-abstract 5518ms (cache miss)
1118 silly packumentCache full:https://registry.npmjs.org/es-abstract set size:undefined disposed:false
1119 http fetch GET 200 https://registry.npmjs.org/es-shim-unscopables 5167ms (cache miss)
1120 silly packumentCache full:https://registry.npmjs.org/es-shim-unscopables set size:undefined disposed:false
1121 http fetch GET 200 https://registry.npmjs.org/es-shim-unscopables 5209ms (cache miss)
1122 silly packumentCache full:https://registry.npmjs.org/es-shim-unscopables set size:undefined disposed:false
1123 http fetch GET 200 https://registry.npmjs.org/es-shim-unscopables 5107ms (cache miss)
1124 silly packumentCache full:https://registry.npmjs.org/es-shim-unscopables set size:undefined disposed:false
1125 http fetch GET 200 https://registry.npmjs.org/minimist 590ms (cache miss)
1126 silly packumentCache full:https://registry.npmjs.org/minimist set size:undefined disposed:false
1127 http fetch GET 200 https://registry.npmjs.org/function-bind 5041ms (cache miss)
1128 silly packumentCache full:https://registry.npmjs.org/function-bind set size:undefined disposed:false
1129 http fetch GET 200 https://registry.npmjs.org/json5 595ms (cache miss)
1130 silly packumentCache full:https://registry.npmjs.org/json5 set size:undefined disposed:false
1131 http fetch GET 200 https://registry.npmjs.org/strip-bom 103ms (cache miss)
1132 silly packumentCache full:https://registry.npmjs.org/strip-bom set size:undefined disposed:false
1133 http fetch GET 200 https://registry.npmjs.org/@types%2fjson5 116ms (cache miss)
1134 silly packumentCache full:https://registry.npmjs.org/@types%2fjson5 set size:undefined disposed:false
1135 silly placeDep ROOT call-bind@1.0.9 OK for: array-includes@3.1.9 want: ^1.0.8
1136 silly placeDep ROOT call-bound@1.0.4 OK for: array-includes@3.1.9 want: ^1.0.4
1137 silly placeDep ROOT define-properties@1.2.1 OK for: array-includes@3.1.9 want: ^1.2.1
1138 silly placeDep ROOT es-abstract@1.24.2 OK for: array-includes@3.1.9 want: ^1.24.0
1139 silly placeDep ROOT es-object-atoms@1.1.2 OK for: array-includes@3.1.9 want: ^1.1.1
1140 silly placeDep ROOT get-intrinsic@1.3.0 OK for: array-includes@3.1.9 want: ^1.3.0
1141 silly placeDep ROOT is-string@1.1.1 OK for: array-includes@3.1.9 want: ^1.1.1
1142 silly placeDep ROOT math-intrinsics@1.1.0 OK for: array-includes@3.1.9 want: ^1.1.0
1143 silly fetch manifest call-bind-apply-helpers@^1.0.2
1144 silly packumentCache full:https://registry.npmjs.org/call-bind-apply-helpers cache-miss
1145 silly fetch manifest es-define-property@^1.0.1
1146 silly packumentCache full:https://registry.npmjs.org/es-define-property cache-miss
1147 silly fetch manifest set-function-length@^1.2.2
1148 silly packumentCache full:https://registry.npmjs.org/set-function-length cache-miss
1149 silly fetch manifest call-bind-apply-helpers@^1.0.2
1150 silly packumentCache full:https://registry.npmjs.org/call-bind-apply-helpers cache-miss
1151 silly fetch manifest define-data-property@^1.0.1
1152 silly packumentCache full:https://registry.npmjs.org/define-data-property cache-miss
1153 silly fetch manifest has-property-descriptors@^1.0.0
1154 silly packumentCache full:https://registry.npmjs.org/has-property-descriptors cache-miss
1155 silly fetch manifest array-buffer-byte-length@^1.0.2
1156 silly packumentCache full:https://registry.npmjs.org/array-buffer-byte-length cache-miss
1157 silly fetch manifest arraybuffer.prototype.slice@^1.0.4
1158 silly packumentCache full:https://registry.npmjs.org/arraybuffer.prototype.slice cache-miss
1159 silly fetch manifest available-typed-arrays@^1.0.7
1160 silly packumentCache full:https://registry.npmjs.org/available-typed-arrays cache-miss
1161 http fetch GET 200 https://registry.npmjs.org/call-bind-apply-helpers 47ms (cache miss)
1162 silly packumentCache full:https://registry.npmjs.org/call-bind-apply-helpers set size:undefined disposed:false
1163 silly fetch manifest data-view-buffer@^1.0.2
1164 silly packumentCache full:https://registry.npmjs.org/data-view-buffer cache-miss
1165 http fetch GET 200 https://registry.npmjs.org/es-define-property 56ms (cache miss)
1166 silly packumentCache full:https://registry.npmjs.org/es-define-property set size:undefined disposed:false
1167 silly fetch manifest data-view-byte-length@^1.0.2
1168 silly packumentCache full:https://registry.npmjs.org/data-view-byte-length cache-miss
1169 http fetch GET 200 https://registry.npmjs.org/call-bind-apply-helpers 62ms (cache miss)
1170 silly packumentCache full:https://registry.npmjs.org/call-bind-apply-helpers set size:undefined disposed:false
1171 silly fetch manifest data-view-byte-offset@^1.0.1
1172 silly packumentCache full:https://registry.npmjs.org/data-view-byte-offset cache-miss
1173 http fetch GET 200 https://registry.npmjs.org/set-function-length 96ms (cache miss)
1174 silly packumentCache full:https://registry.npmjs.org/set-function-length set size:undefined disposed:false
1175 silly fetch manifest es-set-tostringtag@^2.1.0
1176 silly packumentCache full:https://registry.npmjs.org/es-set-tostringtag cache-miss
1177 http fetch GET 200 https://registry.npmjs.org/has-property-descriptors 97ms (cache miss)
1178 silly packumentCache full:https://registry.npmjs.org/has-property-descriptors set size:undefined disposed:false
1179 silly fetch manifest es-to-primitive@^1.3.0
1180 silly packumentCache full:https://registry.npmjs.org/es-to-primitive cache-miss
1181 http fetch GET 200 https://registry.npmjs.org/array-buffer-byte-length 107ms (cache miss)
1182 silly packumentCache full:https://registry.npmjs.org/array-buffer-byte-length set size:undefined disposed:false
1183 silly fetch manifest function.prototype.name@^1.1.8
1184 silly packumentCache full:https://registry.npmjs.org/function.prototype.name cache-miss
1185 http fetch GET 200 https://registry.npmjs.org/define-data-property 119ms (cache miss)
1186 silly packumentCache full:https://registry.npmjs.org/define-data-property set size:undefined disposed:false
1187 silly fetch manifest get-proto@^1.0.1
1188 silly packumentCache full:https://registry.npmjs.org/get-proto cache-miss
1189 http fetch GET 200 https://registry.npmjs.org/available-typed-arrays 145ms (cache miss)
1190 silly packumentCache full:https://registry.npmjs.org/available-typed-arrays set size:undefined disposed:false
1191 silly fetch manifest get-symbol-description@^1.1.0
1192 silly packumentCache full:https://registry.npmjs.org/get-symbol-description cache-miss
1193 http fetch GET 200 https://registry.npmjs.org/arraybuffer.prototype.slice 162ms (cache miss)
1194 silly packumentCache full:https://registry.npmjs.org/arraybuffer.prototype.slice set size:undefined disposed:false
1195 silly fetch manifest globalthis@^1.0.4
1196 silly packumentCache full:https://registry.npmjs.org/globalthis cache-miss
1197 http fetch GET 200 https://registry.npmjs.org/data-view-buffer 122ms (cache miss)
1198 silly packumentCache full:https://registry.npmjs.org/data-view-buffer set size:undefined disposed:false
1199 silly fetch manifest gopd@^1.2.0
1200 silly packumentCache full:https://registry.npmjs.org/gopd cache-miss
1201 http fetch GET 200 https://registry.npmjs.org/data-view-byte-length 125ms (cache miss)
1202 silly packumentCache full:https://registry.npmjs.org/data-view-byte-length set size:undefined disposed:false
1203 silly fetch manifest has-property-descriptors@^1.0.2
1204 silly packumentCache full:https://registry.npmjs.org/has-property-descriptors cache-miss
1205 http cache https://registry.npmjs.org/has-property-descriptors 2ms (cache hit)
1206 silly packumentCache full:https://registry.npmjs.org/has-property-descriptors set size:12452 disposed:false
1207 silly fetch manifest has-proto@^1.2.0
1208 silly packumentCache full:https://registry.npmjs.org/has-proto cache-miss
1209 http fetch GET 200 https://registry.npmjs.org/data-view-byte-offset 124ms (cache miss)
1210 silly packumentCache full:https://registry.npmjs.org/data-view-byte-offset set size:undefined disposed:false
1211 silly fetch manifest has-symbols@^1.1.0
1212 silly packumentCache full:https://registry.npmjs.org/has-symbols cache-miss
1213 http fetch GET 200 https://registry.npmjs.org/es-set-tostringtag 114ms (cache miss)
1214 silly packumentCache full:https://registry.npmjs.org/es-set-tostringtag set size:undefined disposed:false
1215 silly fetch manifest internal-slot@^1.1.0
1216 silly packumentCache full:https://registry.npmjs.org/internal-slot cache-miss
1217 http fetch GET 200 https://registry.npmjs.org/es-to-primitive 132ms (cache miss)
1218 silly packumentCache full:https://registry.npmjs.org/es-to-primitive set size:undefined disposed:false
1219 silly fetch manifest is-array-buffer@^3.0.5
1220 silly packumentCache full:https://registry.npmjs.org/is-array-buffer cache-miss
1221 http fetch GET 200 https://registry.npmjs.org/function.prototype.name 141ms (cache miss)
1222 silly packumentCache full:https://registry.npmjs.org/function.prototype.name set size:undefined disposed:false
1223 silly fetch manifest is-callable@^1.2.7
1224 silly packumentCache full:https://registry.npmjs.org/is-callable cache-miss
1225 http fetch GET 200 https://registry.npmjs.org/get-proto 144ms (cache miss)
1226 silly packumentCache full:https://registry.npmjs.org/get-proto set size:undefined disposed:false
1227 silly fetch manifest is-data-view@^1.0.2
1228 silly packumentCache full:https://registry.npmjs.org/is-data-view cache-miss
1229 http fetch GET 200 https://registry.npmjs.org/gopd 97ms (cache miss)
1230 silly packumentCache full:https://registry.npmjs.org/gopd set size:undefined disposed:false
1231 silly fetch manifest is-negative-zero@^2.0.3
1232 silly packumentCache full:https://registry.npmjs.org/is-negative-zero cache-miss
1233 http fetch GET 200 https://registry.npmjs.org/get-symbol-description 130ms (cache miss)
1234 silly packumentCache full:https://registry.npmjs.org/get-symbol-description set size:undefined disposed:false
1235 silly fetch manifest is-regex@^1.2.1
1236 silly packumentCache full:https://registry.npmjs.org/is-regex cache-miss
1237 http fetch GET 200 https://registry.npmjs.org/globalthis 131ms (cache miss)
1238 silly packumentCache full:https://registry.npmjs.org/globalthis set size:undefined disposed:false
1239 silly fetch manifest is-set@^2.0.3
1240 silly packumentCache full:https://registry.npmjs.org/is-set cache-miss
1241 http fetch GET 200 https://registry.npmjs.org/has-symbols 123ms (cache miss)
1242 silly packumentCache full:https://registry.npmjs.org/has-symbols set size:undefined disposed:false
1243 silly fetch manifest is-shared-array-buffer@^1.0.4
1244 silly packumentCache full:https://registry.npmjs.org/is-shared-array-buffer cache-miss
1245 http fetch GET 200 https://registry.npmjs.org/has-proto 141ms (cache miss)
1246 silly packumentCache full:https://registry.npmjs.org/has-proto set size:undefined disposed:false
1247 silly fetch manifest is-typed-array@^1.1.15
1248 silly packumentCache full:https://registry.npmjs.org/is-typed-array cache-miss
1249 http fetch GET 200 https://registry.npmjs.org/internal-slot 131ms (cache miss)
1250 silly packumentCache full:https://registry.npmjs.org/internal-slot set size:undefined disposed:false
1251 silly fetch manifest is-weakref@^1.1.1
1252 silly packumentCache full:https://registry.npmjs.org/is-weakref cache-miss
1253 http fetch GET 200 https://registry.npmjs.org/is-array-buffer 131ms (cache miss)
1254 silly packumentCache full:https://registry.npmjs.org/is-array-buffer set size:undefined disposed:false
1255 silly fetch manifest object-inspect@^1.13.4
1256 silly packumentCache full:https://registry.npmjs.org/object-inspect cache-miss
1257 http fetch GET 200 https://registry.npmjs.org/is-data-view 100ms (cache miss)
1258 silly packumentCache full:https://registry.npmjs.org/is-data-view set size:undefined disposed:false
1259 silly fetch manifest object.assign@^4.1.7
1260 silly packumentCache full:https://registry.npmjs.org/object.assign cache-miss
1261 http fetch GET 200 https://registry.npmjs.org/is-negative-zero 111ms (cache miss)
1262 silly packumentCache full:https://registry.npmjs.org/is-negative-zero set size:undefined disposed:false
1263 silly fetch manifest own-keys@^1.0.1
1264 silly packumentCache full:https://registry.npmjs.org/own-keys cache-miss
1265 http fetch GET 200 https://registry.npmjs.org/is-regex 123ms (cache miss)
1266 silly packumentCache full:https://registry.npmjs.org/is-regex set size:undefined disposed:false
1267 silly fetch manifest regexp.prototype.flags@^1.5.4
1268 silly packumentCache full:https://registry.npmjs.org/regexp.prototype.flags cache-miss
1269 http fetch GET 200 https://registry.npmjs.org/is-set 116ms (cache miss)
1270 silly packumentCache full:https://registry.npmjs.org/is-set set size:undefined disposed:false
1271 silly fetch manifest safe-array-concat@^1.1.3
1272 silly packumentCache full:https://registry.npmjs.org/safe-array-concat cache-miss
1273 http fetch GET 200 https://registry.npmjs.org/is-shared-array-buffer 110ms (cache miss)
1274 silly packumentCache full:https://registry.npmjs.org/is-shared-array-buffer set size:undefined disposed:false
1275 silly fetch manifest safe-push-apply@^1.0.0
1276 silly packumentCache full:https://registry.npmjs.org/safe-push-apply cache-miss
1277 http fetch GET 200 https://registry.npmjs.org/is-typed-array 127ms (cache miss)
1278 silly packumentCache full:https://registry.npmjs.org/is-typed-array set size:undefined disposed:false
1279 silly fetch manifest safe-regex-test@^1.1.0
1280 silly packumentCache full:https://registry.npmjs.org/safe-regex-test cache-miss
1281 http cache https://registry.npmjs.org/safe-regex-test 2ms (cache hit)
1282 silly packumentCache full:https://registry.npmjs.org/safe-regex-test set size:17412 disposed:false
1283 silly fetch manifest set-proto@^1.0.0
1284 silly packumentCache full:https://registry.npmjs.org/set-proto cache-miss
1285 http fetch GET 200 https://registry.npmjs.org/is-weakref 119ms (cache miss)
1286 silly packumentCache full:https://registry.npmjs.org/is-weakref set size:undefined disposed:false
1287 silly fetch manifest stop-iteration-iterator@^1.1.0
1288 silly packumentCache full:https://registry.npmjs.org/stop-iteration-iterator cache-miss
1289 http fetch GET 200 https://registry.npmjs.org/object-inspect 139ms (cache miss)
1290 silly packumentCache full:https://registry.npmjs.org/object-inspect set size:undefined disposed:false
1291 silly fetch manifest string.prototype.trim@^1.2.10
1292 silly packumentCache full:https://registry.npmjs.org/string.prototype.trim cache-miss
1293 http fetch GET 200 https://registry.npmjs.org/object.assign 156ms (cache miss)
1294 silly packumentCache full:https://registry.npmjs.org/object.assign set size:undefined disposed:false
1295 silly fetch manifest string.prototype.trimstart@^1.0.8
1296 silly packumentCache full:https://registry.npmjs.org/string.prototype.trimstart cache-miss
1297 http fetch GET 200 https://registry.npmjs.org/regexp.prototype.flags 139ms (cache miss)
1298 silly packumentCache full:https://registry.npmjs.org/regexp.prototype.flags set size:undefined disposed:false
1299 silly fetch manifest typed-array-buffer@^1.0.3
1300 silly packumentCache full:https://registry.npmjs.org/typed-array-buffer cache-miss
1301 http fetch GET 200 https://registry.npmjs.org/safe-array-concat 141ms (cache miss)
1302 silly packumentCache full:https://registry.npmjs.org/safe-array-concat set size:undefined disposed:false
1303 silly fetch manifest typed-array-byte-length@^1.0.3
1304 silly packumentCache full:https://registry.npmjs.org/typed-array-byte-length cache-miss
1305 http fetch GET 200 https://registry.npmjs.org/safe-push-apply 132ms (cache miss)
1306 silly packumentCache full:https://registry.npmjs.org/safe-push-apply set size:undefined disposed:false
1307 silly fetch manifest typed-array-byte-offset@^1.0.4
1308 silly packumentCache full:https://registry.npmjs.org/typed-array-byte-offset cache-miss
1309 http fetch GET 200 https://registry.npmjs.org/set-proto 101ms (cache miss)
1310 silly packumentCache full:https://registry.npmjs.org/set-proto set size:undefined disposed:false
1311 silly fetch manifest typed-array-length@^1.0.7
1312 silly packumentCache full:https://registry.npmjs.org/typed-array-length cache-miss
1313 http fetch GET 200 https://registry.npmjs.org/stop-iteration-iterator 100ms (cache miss)
1314 silly packumentCache full:https://registry.npmjs.org/stop-iteration-iterator set size:undefined disposed:false
1315 silly fetch manifest unbox-primitive@^1.1.0
1316 silly packumentCache full:https://registry.npmjs.org/unbox-primitive cache-miss
1317 http fetch GET 200 https://registry.npmjs.org/string.prototype.trim 84ms (cache miss)
1318 silly packumentCache full:https://registry.npmjs.org/string.prototype.trim set size:undefined disposed:false
1319 silly fetch manifest which-typed-array@^1.1.19
1320 silly packumentCache full:https://registry.npmjs.org/which-typed-array cache-miss
1321 http fetch GET 200 https://registry.npmjs.org/is-callable 359ms (cache miss)
1322 silly packumentCache full:https://registry.npmjs.org/is-callable set size:undefined disposed:false
1323 silly fetch manifest has-tostringtag@^1.0.2
1324 silly packumentCache full:https://registry.npmjs.org/has-tostringtag cache-miss
1325 http fetch GET 200 https://registry.npmjs.org/string.prototype.trimstart 98ms (cache miss)
1326 silly packumentCache full:https://registry.npmjs.org/string.prototype.trimstart set size:undefined disposed:false
1327 http fetch GET 200 https://registry.npmjs.org/typed-array-byte-length 82ms (cache miss)
1328 silly packumentCache full:https://registry.npmjs.org/typed-array-byte-length set size:undefined disposed:false
1329 http fetch GET 200 https://registry.npmjs.org/typed-array-buffer 95ms (cache miss)
1330 silly packumentCache full:https://registry.npmjs.org/typed-array-buffer set size:undefined disposed:false
1331 http fetch GET 200 https://registry.npmjs.org/typed-array-byte-offset 83ms (cache miss)
1332 silly packumentCache full:https://registry.npmjs.org/typed-array-byte-offset set size:undefined disposed:false
1333 http fetch GET 200 https://registry.npmjs.org/typed-array-length 95ms (cache miss)
1334 silly packumentCache full:https://registry.npmjs.org/typed-array-length set size:undefined disposed:false
1335 http fetch GET 200 https://registry.npmjs.org/unbox-primitive 92ms (cache miss)
1336 silly packumentCache full:https://registry.npmjs.org/unbox-primitive set size:undefined disposed:false
1337 http fetch GET 200 https://registry.npmjs.org/which-typed-array 94ms (cache miss)
1338 silly packumentCache full:https://registry.npmjs.org/which-typed-array set size:undefined disposed:false
1339 http fetch GET 200 https://registry.npmjs.org/has-tostringtag 77ms (cache miss)
1340 silly packumentCache full:https://registry.npmjs.org/has-tostringtag set size:undefined disposed:false
1341 http fetch GET 200 https://registry.npmjs.org/own-keys 310ms (cache miss)
1342 silly packumentCache full:https://registry.npmjs.org/own-keys set size:undefined disposed:false
1343 silly placeDep ROOT es-errors@1.3.0 OK for: array.prototype.findlastindex@1.2.6 want: ^1.3.0
1344 silly placeDep ROOT es-shim-unscopables@1.1.0 OK for: array.prototype.findlastindex@1.2.6 want: ^1.1.0
1345 silly placeDep ROOT call-bind-apply-helpers@1.0.2 OK for: call-bind@1.0.9 want: ^1.0.2
1346 silly placeDep ROOT es-define-property@1.0.1 OK for: call-bind@1.0.9 want: ^1.0.1
1347 silly placeDep ROOT set-function-length@1.2.2 OK for: call-bind@1.0.9 want: ^1.2.2
1348 silly fetch manifest define-data-property@^1.1.4
1349 silly packumentCache full:https://registry.npmjs.org/define-data-property cache-miss
1350 silly fetch manifest gopd@^1.0.1
1351 silly packumentCache full:https://registry.npmjs.org/gopd cache-miss
1352 http cache https://registry.npmjs.org/define-data-property 1ms (cache hit)
1353 silly packumentCache full:https://registry.npmjs.org/define-data-property set size:28048 disposed:false
1354 http cache https://registry.npmjs.org/gopd 2ms (cache hit)
1355 silly packumentCache full:https://registry.npmjs.org/gopd set size:11483 disposed:false
1356 silly placeDep ROOT function-bind@1.1.2 OK for: call-bind-apply-helpers@1.0.2 want: ^1.1.2
1357 silly placeDep ROOT define-data-property@1.1.4 OK for: define-properties@1.2.1 want: ^1.0.1
1358 silly placeDep ROOT has-property-descriptors@1.0.2 OK for: define-properties@1.2.1 want: ^1.0.0
1359 silly placeDep ROOT object-keys@1.1.1 OK for: define-properties@1.2.1 want: ^1.1.1
1360 silly placeDep ROOT gopd@1.2.0 OK for: define-data-property@1.1.4 want: ^1.0.1
1361 silly placeDep ROOT array-buffer-byte-length@1.0.2 OK for: es-abstract@1.24.2 want: ^1.0.2
1362 silly placeDep ROOT arraybuffer.prototype.slice@1.0.4 OK for: es-abstract@1.24.2 want: ^1.0.4
1363 silly placeDep ROOT available-typed-arrays@1.0.7 OK for: es-abstract@1.24.2 want: ^1.0.7
1364 silly placeDep ROOT data-view-buffer@1.0.2 OK for: es-abstract@1.24.2 want: ^1.0.2
1365 silly placeDep ROOT data-view-byte-length@1.0.2 OK for: es-abstract@1.24.2 want: ^1.0.2
1366 silly placeDep ROOT data-view-byte-offset@1.0.1 OK for: es-abstract@1.24.2 want: ^1.0.1
1367 silly placeDep ROOT es-set-tostringtag@2.1.0 OK for: es-abstract@1.24.2 want: ^2.1.0
1368 silly placeDep ROOT es-to-primitive@1.3.4 OK for: es-abstract@1.24.2 want: ^1.3.0
1369 silly placeDep ROOT function.prototype.name@1.2.0 OK for: es-abstract@1.24.2 want: ^1.1.8
1370 silly placeDep ROOT get-proto@1.0.1 OK for: es-abstract@1.24.2 want: ^1.0.1
1371 silly placeDep ROOT get-symbol-description@1.1.0 OK for: es-abstract@1.24.2 want: ^1.1.0
1372 silly placeDep ROOT globalthis@1.0.4 OK for: es-abstract@1.24.2 want: ^1.0.4
1373 silly placeDep ROOT has-proto@1.2.0 OK for: es-abstract@1.24.2 want: ^1.2.0
1374 silly placeDep ROOT has-symbols@1.1.0 OK for: es-abstract@1.24.2 want: ^1.1.0
1375 silly placeDep ROOT internal-slot@1.1.0 OK for: es-abstract@1.24.2 want: ^1.1.0
1376 silly placeDep ROOT is-array-buffer@3.0.5 OK for: es-abstract@1.24.2 want: ^3.0.5
1377 silly placeDep ROOT is-callable@1.2.7 OK for: es-abstract@1.24.2 want: ^1.2.7
1378 silly placeDep ROOT is-data-view@1.0.2 OK for: es-abstract@1.24.2 want: ^1.0.2
1379 silly placeDep ROOT is-negative-zero@2.0.3 OK for: es-abstract@1.24.2 want: ^2.0.3
1380 silly placeDep ROOT is-regex@1.2.1 OK for: es-abstract@1.24.2 want: ^1.2.1
1381 silly placeDep ROOT is-set@2.0.3 OK for: es-abstract@1.24.2 want: ^2.0.3
1382 silly placeDep ROOT is-shared-array-buffer@1.0.4 OK for: es-abstract@1.24.2 want: ^1.0.4
1383 silly placeDep ROOT is-typed-array@1.1.15 OK for: es-abstract@1.24.2 want: ^1.1.15
1384 silly placeDep ROOT is-weakref@1.1.1 OK for: es-abstract@1.24.2 want: ^1.1.1
1385 silly placeDep ROOT object-inspect@1.13.4 OK for: es-abstract@1.24.2 want: ^1.13.4
1386 silly placeDep ROOT object.assign@4.1.7 OK for: es-abstract@1.24.2 want: ^4.1.7
1387 silly placeDep ROOT own-keys@1.0.2 OK for: es-abstract@1.24.2 want: ^1.0.1
1388 silly placeDep ROOT regexp.prototype.flags@1.5.4 OK for: es-abstract@1.24.2 want: ^1.5.4
1389 silly placeDep ROOT safe-array-concat@1.1.4 OK for: es-abstract@1.24.2 want: ^1.1.3
1390 silly placeDep ROOT safe-push-apply@1.0.0 OK for: es-abstract@1.24.2 want: ^1.0.0
1391 silly placeDep ROOT safe-regex-test@1.1.0 OK for: es-abstract@1.24.2 want: ^1.1.0
1392 silly placeDep ROOT set-proto@1.0.0 OK for: es-abstract@1.24.2 want: ^1.0.0
1393 silly placeDep ROOT stop-iteration-iterator@1.1.0 OK for: es-abstract@1.24.2 want: ^1.1.0
1394 silly placeDep ROOT string.prototype.trim@1.2.11 OK for: es-abstract@1.24.2 want: ^1.2.10
1395 silly placeDep ROOT string.prototype.trimstart@1.0.8 OK for: es-abstract@1.24.2 want: ^1.0.8
1396 silly placeDep ROOT typed-array-buffer@1.0.3 OK for: es-abstract@1.24.2 want: ^1.0.3
1397 silly placeDep ROOT typed-array-byte-length@1.0.3 OK for: es-abstract@1.24.2 want: ^1.0.3
1398 silly placeDep ROOT typed-array-byte-offset@1.0.4 OK for: es-abstract@1.24.2 want: ^1.0.4
1399 silly placeDep ROOT typed-array-length@1.0.8 OK for: es-abstract@1.24.2 want: ^1.0.7
1400 silly placeDep ROOT unbox-primitive@1.1.0 OK for: es-abstract@1.24.2 want: ^1.1.0
1401 silly placeDep ROOT which-typed-array@1.1.22 OK for: es-abstract@1.24.2 want: ^1.1.19
1402 silly fetch manifest is-array-buffer@^3.0.4
1403 silly packumentCache full:https://registry.npmjs.org/is-array-buffer cache-miss
1404 silly fetch manifest possible-typed-array-names@^1.0.0
1405 silly packumentCache full:https://registry.npmjs.org/possible-typed-array-names cache-miss
1406 silly fetch manifest is-data-view@^1.0.1
1407 silly packumentCache full:https://registry.npmjs.org/is-data-view cache-miss
1408 silly fetch manifest is-symbol@^1.1.1
1409 silly packumentCache full:https://registry.npmjs.org/is-symbol cache-miss
1410 silly fetch manifest is-date-object@^1.1.0
1411 silly packumentCache full:https://registry.npmjs.org/is-date-object cache-miss
1412 silly fetch manifest es-abstract-get@^1.0.0
1413 silly packumentCache full:https://registry.npmjs.org/es-abstract-get cache-miss
1414 silly fetch manifest is-document.all@^1.0.0
1415 silly packumentCache full:https://registry.npmjs.org/is-document.all cache-miss
1416 silly fetch manifest functions-have-names@^1.2.3
1417 silly packumentCache full:https://registry.npmjs.org/functions-have-names cache-miss
1418 silly fetch manifest dunder-proto@^1.0.1
1419 silly packumentCache full:https://registry.npmjs.org/dunder-proto cache-miss
1420 http cache https://registry.npmjs.org/is-data-view 3ms (cache hit)
1421 silly packumentCache full:https://registry.npmjs.org/is-data-view set size:13756 disposed:false
1422 silly fetch manifest dunder-proto@^1.0.0
1423 silly packumentCache full:https://registry.npmjs.org/dunder-proto cache-miss
1424 http cache https://registry.npmjs.org/is-array-buffer 4ms (cache hit)
1425 silly packumentCache full:https://registry.npmjs.org/is-array-buffer set size:33562 disposed:false
1426 silly fetch manifest side-channel@^1.1.0
1427 silly packumentCache full:https://registry.npmjs.org/side-channel cache-miss
1428 http fetch GET 200 https://registry.npmjs.org/possible-typed-array-names 47ms (cache miss)
1429 silly packumentCache full:https://registry.npmjs.org/possible-typed-array-names set size:undefined disposed:false
1430 silly fetch manifest is-typed-array@^1.1.13
1431 silly packumentCache full:https://registry.npmjs.org/is-typed-array cache-miss
1432 http cache https://registry.npmjs.org/is-typed-array 1ms (cache hit)
1433 silly packumentCache full:https://registry.npmjs.org/is-typed-array set size:79965 disposed:false
1434 silly fetch manifest which-typed-array@^1.1.16
1435 silly packumentCache full:https://registry.npmjs.org/which-typed-array cache-miss
1436 http cache https://registry.npmjs.org/which-typed-array 1ms (cache hit)
1437 silly packumentCache full:https://registry.npmjs.org/which-typed-array set size:101551 disposed:false
1438 silly fetch manifest set-function-name@^2.0.2
1439 silly packumentCache full:https://registry.npmjs.org/set-function-name cache-miss
1440 http fetch GET 200 https://registry.npmjs.org/es-abstract-get 52ms (cache miss)
1441 silly packumentCache full:https://registry.npmjs.org/es-abstract-get set size:undefined disposed:false
1442 silly fetch manifest isarray@^2.0.5
1443 silly packumentCache full:https://registry.npmjs.org/isarray cache-miss
1444 http fetch GET 200 https://registry.npmjs.org/dunder-proto 57ms (cache miss)
1445 silly packumentCache full:https://registry.npmjs.org/dunder-proto set size:undefined disposed:false
1446 silly fetch manifest isarray@^2.0.5
1447 silly packumentCache full:https://registry.npmjs.org/isarray cache-miss
1448 http fetch GET 200 https://registry.npmjs.org/is-date-object 62ms (cache miss)
1449 silly packumentCache full:https://registry.npmjs.org/is-date-object set size:undefined disposed:false
1450 silly fetch manifest for-each@^0.3.3
1451 silly packumentCache full:https://registry.npmjs.org/for-each cache-miss
1452 http fetch GET 200 https://registry.npmjs.org/functions-have-names 70ms (cache miss)
1453 silly packumentCache full:https://registry.npmjs.org/functions-have-names set size:undefined disposed:false
1454 silly fetch manifest for-each@^0.3.3
1455 silly packumentCache full:https://registry.npmjs.org/for-each cache-miss
1456 http fetch GET 200 https://registry.npmjs.org/dunder-proto 74ms (cache miss)
1457 silly packumentCache full:https://registry.npmjs.org/dunder-proto set size:undefined disposed:false
1458 silly fetch manifest reflect.getprototypeof@^1.0.9
1459 silly packumentCache full:https://registry.npmjs.org/reflect.getprototypeof cache-miss
1460 http fetch GET 200 https://registry.npmjs.org/side-channel 89ms (cache miss)
1461 silly packumentCache full:https://registry.npmjs.org/side-channel set size:undefined disposed:false
1462 silly fetch manifest for-each@^0.3.5
1463 silly packumentCache full:https://registry.npmjs.org/for-each cache-miss
1464 http fetch GET 200 https://registry.npmjs.org/isarray 41ms (cache miss)
1465 silly packumentCache full:https://registry.npmjs.org/isarray set size:undefined disposed:false
1466 silly fetch manifest possible-typed-array-names@^1.1.0
1467 silly packumentCache full:https://registry.npmjs.org/possible-typed-array-names cache-miss
1468 http cache https://registry.npmjs.org/possible-typed-array-names 1ms (cache hit)
1469 silly packumentCache full:https://registry.npmjs.org/possible-typed-array-names set size:9167 disposed:false
1470 silly fetch manifest reflect.getprototypeof@^1.0.10
1471 silly packumentCache full:https://registry.npmjs.org/reflect.getprototypeof cache-miss
1472 http fetch GET 200 https://registry.npmjs.org/set-function-name 45ms (cache miss)
1473 silly packumentCache full:https://registry.npmjs.org/set-function-name set size:undefined disposed:false
1474 silly fetch manifest has-bigints@^1.0.2
1475 silly packumentCache full:https://registry.npmjs.org/has-bigints cache-miss
1476 http fetch GET 200 https://registry.npmjs.org/isarray 41ms (cache miss)
1477 silly packumentCache full:https://registry.npmjs.org/isarray set size:undefined disposed:false
1478 silly fetch manifest which-boxed-primitive@^1.1.1
1479 silly packumentCache full:https://registry.npmjs.org/which-boxed-primitive cache-miss
1480 http fetch GET 200 https://registry.npmjs.org/for-each 300ms (cache miss)
1481 silly packumentCache full:https://registry.npmjs.org/for-each set size:undefined disposed:false
1482 silly fetch manifest for-each@^0.3.5
1483 silly packumentCache full:https://registry.npmjs.org/for-each cache-miss
1484 http fetch GET 200 https://registry.npmjs.org/for-each 294ms (cache miss)
1485 silly packumentCache full:https://registry.npmjs.org/for-each set size:undefined disposed:false
1486 http cache https://registry.npmjs.org/for-each 3ms (cache hit)
1487 silly packumentCache full:https://registry.npmjs.org/for-each set size:14327 disposed:false
1488 http fetch GET 200 https://registry.npmjs.org/for-each 342ms (cache miss)
1489 silly packumentCache full:https://registry.npmjs.org/for-each set size:undefined disposed:false
1490 silly packumentCache full:https://registry.npmjs.org/for-each dispose
1491 http fetch GET 200 https://registry.npmjs.org/reflect.getprototypeof 359ms (cache miss)
1492 silly packumentCache full:https://registry.npmjs.org/reflect.getprototypeof set size:undefined disposed:false
1493 http fetch GET 200 https://registry.npmjs.org/reflect.getprototypeof 341ms (cache miss)
1494 silly packumentCache full:https://registry.npmjs.org/reflect.getprototypeof set size:undefined disposed:false
1495 http fetch GET 200 https://registry.npmjs.org/which-boxed-primitive 339ms (cache miss)
1496 silly packumentCache full:https://registry.npmjs.org/which-boxed-primitive set size:undefined disposed:false
1497 http fetch GET 200 https://registry.npmjs.org/has-bigints 470ms (cache miss)
1498 silly packumentCache full:https://registry.npmjs.org/has-bigints set size:undefined disposed:false
1499 http fetch GET 200 https://registry.npmjs.org/is-document.all 568ms (cache miss)
1500 silly packumentCache full:https://registry.npmjs.org/is-document.all set size:undefined disposed:false
1501 http fetch GET 200 https://registry.npmjs.org/is-symbol 568ms (cache miss)
1502 silly packumentCache full:https://registry.npmjs.org/is-symbol set size:undefined disposed:false
1503 silly placeDep ROOT possible-typed-array-names@1.1.0 OK for: available-typed-arrays@1.0.7 want: ^1.0.0
1504 silly placeDep ROOT has-tostringtag@1.0.2 OK for: es-set-tostringtag@2.1.0 want: ^1.0.2
1505 silly placeDep ROOT es-abstract-get@1.0.0 OK for: es-to-primitive@1.3.4 want: ^1.0.0
1506 silly placeDep ROOT is-date-object@1.1.0 OK for: es-to-primitive@1.3.4 want: ^1.1.0
1507 silly placeDep ROOT is-symbol@1.1.1 OK for: es-to-primitive@1.3.4 want: ^1.1.1
1508 silly placeDep node_modules/eslint-module-utils debug@3.2.7 OK for: eslint-module-utils@2.14.0 want: ^3.2.7
1509 silly placeDep ROOT aria-query@5.3.2 OK for: eslint-plugin-jsx-a11y@6.10.2 want: ^5.3.2
1510 silly placeDep ROOT ast-types-flow@0.0.8 OK for: eslint-plugin-jsx-a11y@6.10.2 want: ^0.0.8
1511 silly placeDep ROOT axe-core@4.13.0 OK for: eslint-plugin-jsx-a11y@6.10.2 want: ^4.10.0
1512 silly placeDep ROOT axobject-query@4.1.0 OK for: eslint-plugin-jsx-a11y@6.10.2 want: ^4.1.0
1513 silly placeDep ROOT damerau-levenshtein@1.0.8 OK for: eslint-plugin-jsx-a11y@6.10.2 want: ^1.0.8
1514 silly placeDep ROOT emoji-regex@9.2.2 OK for: eslint-plugin-jsx-a11y@6.10.2 want: ^9.2.2
1515 silly placeDep ROOT jsx-ast-utils@3.3.5 OK for: eslint-plugin-jsx-a11y@6.10.2 want: ^3.3.5
1516 silly placeDep ROOT language-tags@1.0.9 OK for: eslint-plugin-jsx-a11y@6.10.2 want: ^1.0.9
1517 silly placeDep ROOT string.prototype.includes@2.0.1 OK for: eslint-plugin-jsx-a11y@6.10.2 want: ^2.0.1
1518 silly fetch manifest language-subtag-registry@^0.3.20
1519 silly packumentCache full:https://registry.npmjs.org/language-subtag-registry cache-miss
1520 http fetch GET 200 https://registry.npmjs.org/language-subtag-registry 86ms (cache miss)
1521 silly packumentCache full:https://registry.npmjs.org/language-subtag-registry set size:undefined disposed:false
1522 silly placeDep ROOT array.prototype.findlast@1.2.5 OK for: eslint-plugin-react@7.37.5 want: ^1.2.5
1523 silly placeDep ROOT array.prototype.tosorted@1.1.4 OK for: eslint-plugin-react@7.37.5 want: ^1.1.4
1524 silly placeDep ROOT es-iterator-helpers@1.4.0 OK for: eslint-plugin-react@7.37.5 want: ^1.2.1
1525 silly placeDep ROOT estraverse@5.3.0 OK for: eslint-plugin-react@7.37.5 want: ^5.3.0
1526 silly placeDep ROOT object.entries@1.1.9 OK for: eslint-plugin-react@7.37.5 want: ^1.1.9
1527 silly placeDep ROOT prop-types@15.8.1 OK for: eslint-plugin-react@7.37.5 want: ^15.8.1
1528 silly placeDep ROOT string.prototype.matchall@4.0.12 OK for: eslint-plugin-react@7.37.5 want: ^4.0.12
1529 silly placeDep ROOT string.prototype.repeat@1.0.0 OK for: eslint-plugin-react@7.37.5 want: ^1.0.0
1530 silly fetch manifest iterator.prototype@^1.1.5
1531 silly packumentCache full:https://registry.npmjs.org/iterator.prototype cache-miss
1532 silly fetch manifest loose-envify@^1.4.0
1533 silly packumentCache full:https://registry.npmjs.org/loose-envify cache-miss
1534 silly fetch manifest object-assign@^4.1.1
1535 silly packumentCache full:https://registry.npmjs.org/object-assign cache-miss
1536 silly fetch manifest react-is@^16.13.1
1537 silly packumentCache full:https://registry.npmjs.org/react-is cache-miss
1538 http fetch GET 200 https://registry.npmjs.org/iterator.prototype 69ms (cache miss)
1539 silly packumentCache full:https://registry.npmjs.org/iterator.prototype set size:undefined disposed:false
1540 http fetch GET 200 https://registry.npmjs.org/loose-envify 126ms (cache miss)
1541 silly packumentCache full:https://registry.npmjs.org/loose-envify set size:undefined disposed:false
1542 http fetch GET 200 https://registry.npmjs.org/object-assign 127ms (cache miss)
1543 silly packumentCache full:https://registry.npmjs.org/object-assign set size:undefined disposed:false
1544 http fetch GET 200 https://registry.npmjs.org/react-is 13813ms (cache miss)
1545 silly packumentCache full:https://registry.npmjs.org/react-is set size:undefined disposed:false
1546 silly placeDep ROOT iterator.prototype@1.1.5 OK for: es-iterator-helpers@1.4.0 want: ^1.1.5
1547 silly placeDep ROOT @babel/core@7.29.7 OK for: eslint-plugin-react-hooks@7.1.1 want: ^7.24.4
1548 silly placeDep ROOT @babel/parser@7.29.8 OK for: eslint-plugin-react-hooks@7.1.1 want: ^7.24.4
1549 silly placeDep ROOT hermes-parser@0.25.1 OK for: eslint-plugin-react-hooks@7.1.1 want: ^0.25.1
1550 silly placeDep ROOT zod@4.4.3 OK for: eslint-plugin-react-hooks@7.1.1 want: ^3.25.0 || ^4.0.0
1551 silly placeDep ROOT zod-validation-error@4.0.2 OK for: eslint-plugin-react-hooks@7.1.1 want: ^3.5.0 || ^4.0.0
1552 silly fetch manifest json5@^2.2.3
1553 silly packumentCache full:https://registry.npmjs.org/json5 cache-miss
1554 silly fetch manifest gensync@^1.0.0-beta.2
1555 silly packumentCache full:https://registry.npmjs.org/gensync cache-miss
1556 silly fetch manifest @babel/types@^7.29.7
1557 silly packumentCache full:https://registry.npmjs.org/@babel%2ftypes cache-miss
1558 silly fetch manifest @babel/parser@^7.29.7
1559 silly packumentCache full:https://registry.npmjs.org/@babel%2fparser cache-miss
1560 silly fetch manifest @babel/helpers@^7.29.7
1561 silly packumentCache full:https://registry.npmjs.org/@babel%2fhelpers cache-miss
1562 silly fetch manifest @babel/template@^7.29.7
1563 silly packumentCache full:https://registry.npmjs.org/@babel%2ftemplate cache-miss
1564 silly fetch manifest @babel/traverse@^7.29.7
1565 silly packumentCache full:https://registry.npmjs.org/@babel%2ftraverse cache-miss
1566 silly fetch manifest @babel/generator@^7.29.7
1567 silly packumentCache full:https://registry.npmjs.org/@babel%2fgenerator cache-miss
1568 silly fetch manifest @babel/code-frame@^7.29.7
1569 silly packumentCache full:https://registry.npmjs.org/@babel%2fcode-frame cache-miss
1570 http cache https://registry.npmjs.org/json5 5ms (cache hit)
1571 silly packumentCache full:https://registry.npmjs.org/json5 set size:86136 disposed:false
1572 silly fetch manifest convert-source-map@^2.0.0
1573 silly packumentCache full:https://registry.npmjs.org/convert-source-map cache-miss
1574 http cache https://registry.npmjs.org/@babel%2fparser 7ms (cache hit)
1575 silly packumentCache full:https://registry.npmjs.org/@babel%2fparser set size:737961 disposed:false
1576 silly fetch manifest @jridgewell/remapping@^2.3.5
1577 silly packumentCache full:https://registry.npmjs.org/@jridgewell%2fremapping cache-miss
1578 http fetch GET 200 https://registry.npmjs.org/gensync 123ms (cache miss)
1579 silly packumentCache full:https://registry.npmjs.org/gensync set size:undefined disposed:false
1580 silly fetch manifest @babel/helper-module-transforms@^7.29.7
1581 silly packumentCache full:https://registry.npmjs.org/@babel%2fhelper-module-transforms cache-miss
1582 http fetch GET 200 https://registry.npmjs.org/@babel%2ftemplate 541ms (cache miss)
1583 silly packumentCache full:https://registry.npmjs.org/@babel%2ftemplate set size:undefined disposed:false
1584 silly fetch manifest @babel/helper-compilation-targets@^7.29.7
1585 silly packumentCache full:https://registry.npmjs.org/@babel%2fhelper-compilation-targets cache-miss
1586 http fetch GET 200 https://registry.npmjs.org/@babel%2fhelpers 5518ms (cache miss)
1587 silly packumentCache full:https://registry.npmjs.org/@babel%2fhelpers set size:undefined disposed:false
1588 silly fetch manifest @babel/types@^7.29.8
1589 silly packumentCache full:https://registry.npmjs.org/@babel%2ftypes cache-miss
1590 http fetch GET 200 https://registry.npmjs.org/@babel%2ftraverse 5523ms (cache miss)
1591 silly packumentCache full:https://registry.npmjs.org/@babel%2ftraverse set size:undefined disposed:false
1592 silly fetch manifest hermes-estree@0.25.1
1593 silly packumentCache full:https://registry.npmjs.org/hermes-estree cache-miss
1594 http fetch GET 200 https://registry.npmjs.org/@babel%2ftypes 5527ms (cache miss)
1595 silly packumentCache full:https://registry.npmjs.org/@babel%2ftypes set size:undefined disposed:false
1596 http fetch GET 200 https://registry.npmjs.org/@babel%2fgenerator 5531ms (cache miss)
1597 silly packumentCache full:https://registry.npmjs.org/@babel%2fgenerator set size:undefined disposed:false
1598 http fetch GET 200 https://registry.npmjs.org/@babel%2fhelper-module-transforms 5412ms (cache miss)
1599 silly packumentCache full:https://registry.npmjs.org/@babel%2fhelper-module-transforms set size:undefined disposed:false
1600 http fetch GET 200 https://registry.npmjs.org/@jridgewell%2fremapping 5528ms (cache miss)
1601 silly packumentCache full:https://registry.npmjs.org/@jridgewell%2fremapping set size:undefined disposed:false
1602 http fetch GET 200 https://registry.npmjs.org/@babel%2fcode-frame 5539ms (cache miss)
1603 silly packumentCache full:https://registry.npmjs.org/@babel%2fcode-frame set size:undefined disposed:false
1604 http fetch GET 200 https://registry.npmjs.org/convert-source-map 5536ms (cache miss)
1605 silly packumentCache full:https://registry.npmjs.org/convert-source-map set size:undefined disposed:false
1606 http fetch GET 200 https://registry.npmjs.org/@babel%2fhelper-compilation-targets 4998ms (cache miss)
1607 silly packumentCache full:https://registry.npmjs.org/@babel%2fhelper-compilation-targets set size:undefined disposed:false
1608 http cache https://registry.npmjs.org/@babel%2ftypes 23ms (cache hit)
1609 silly packumentCache full:https://registry.npmjs.org/@babel%2ftypes set size:502938 disposed:false
1610 http fetch GET 200 https://registry.npmjs.org/hermes-estree 326ms (cache miss)
1611 silly packumentCache full:https://registry.npmjs.org/hermes-estree set size:undefined disposed:false
1612 silly fetch manifest @babel/core@^7.0.0
1613 silly packumentCache full:https://registry.npmjs.org/@babel%2fcore cache-miss
1614 http cache https://registry.npmjs.org/@babel%2fcore 4ms (cache hit)
1615 silly packumentCache full:https://registry.npmjs.org/@babel%2fcore set size:788273 disposed:false
1616 silly placeDep ROOT @babel/code-frame@7.29.7 OK for: @babel/core@7.29.7 want: ^7.29.7
1617 silly placeDep ROOT @babel/generator@7.29.8 OK for: @babel/core@7.29.7 want: ^7.29.7
1618 silly placeDep ROOT @babel/helper-compilation-targets@7.29.7 OK for: @babel/core@7.29.7 want: ^7.29.7
1619 silly placeDep ROOT @babel/helper-module-transforms@7.29.7 OK for: @babel/core@7.29.7 want: ^7.29.7
1620 silly placeDep ROOT @babel/helpers@7.29.7 OK for: @babel/core@7.29.7 want: ^7.29.7
1621 silly placeDep ROOT @babel/template@7.29.7 OK for: @babel/core@7.29.7 want: ^7.29.7
1622 silly placeDep ROOT @babel/traverse@7.29.8 OK for: @babel/core@7.29.7 want: ^7.29.7
1623 silly placeDep ROOT @babel/types@7.29.8 OK for: @babel/core@7.29.7 want: ^7.29.7
1624 silly placeDep ROOT @jridgewell/remapping@2.3.5 OK for: @babel/core@7.29.7 want: ^2.3.5
1625 silly placeDep ROOT convert-source-map@2.0.0 OK for: @babel/core@7.29.7 want: ^2.0.0
1626 silly placeDep ROOT gensync@1.0.0-beta.2 OK for: @babel/core@7.29.7 want: ^1.0.0-beta.2
1627 silly placeDep ROOT json5@2.2.3 OK for: @babel/core@7.29.7 want: ^2.2.3
1628 silly fetch manifest js-tokens@^4.0.0
1629 silly packumentCache full:https://registry.npmjs.org/js-tokens cache-miss
1630 silly fetch manifest picocolors@^1.1.1
1631 silly packumentCache full:https://registry.npmjs.org/picocolors cache-miss
1632 silly fetch manifest @babel/helper-validator-identifier@^7.29.7
1633 silly packumentCache full:https://registry.npmjs.org/@babel%2fhelper-validator-identifier cache-miss
1634 silly fetch manifest jsesc@^3.0.2
1635 silly packumentCache full:https://registry.npmjs.org/jsesc cache-miss
1636 silly fetch manifest @jridgewell/gen-mapping@^0.3.12
1637 silly packumentCache full:https://registry.npmjs.org/@jridgewell%2fgen-mapping cache-miss
1638 silly fetch manifest @jridgewell/trace-mapping@^0.3.28
1639 silly packumentCache full:https://registry.npmjs.org/@jridgewell%2ftrace-mapping cache-miss
1640 silly fetch manifest lru-cache@^5.1.1
1641 silly packumentCache full:https://registry.npmjs.org/lru-cache cache-miss
1642 silly fetch manifest browserslist@^4.24.0
1643 silly packumentCache full:https://registry.npmjs.org/browserslist cache-miss
1644 silly fetch manifest @babel/compat-data@^7.29.7
1645 silly packumentCache full:https://registry.npmjs.org/@babel%2fcompat-data cache-miss
1646 http fetch GET 200 https://registry.npmjs.org/js-tokens 161ms (cache miss)
1647 silly packumentCache full:https://registry.npmjs.org/js-tokens set size:undefined disposed:false
1648 silly fetch manifest @babel/helper-validator-option@^7.29.7
1649 silly packumentCache full:https://registry.npmjs.org/@babel%2fhelper-validator-option cache-miss
1650 http fetch GET 200 https://registry.npmjs.org/picocolors 201ms (cache miss)
1651 silly packumentCache full:https://registry.npmjs.org/picocolors set size:undefined disposed:false
1652 silly fetch manifest @babel/helper-module-imports@^7.29.7
1653 silly packumentCache full:https://registry.npmjs.org/@babel%2fhelper-module-imports cache-miss
1654 http fetch GET 200 https://registry.npmjs.org/jsesc 292ms (cache miss)
1655 silly packumentCache full:https://registry.npmjs.org/jsesc set size:undefined disposed:false
1656 silly fetch manifest @babel/helper-validator-identifier@^7.29.7
1657 silly packumentCache full:https://registry.npmjs.org/@babel%2fhelper-validator-identifier cache-miss
1658 http fetch GET 200 https://registry.npmjs.org/@babel%2fhelper-validator-identifier 500ms (cache miss)
1659 silly packumentCache full:https://registry.npmjs.org/@babel%2fhelper-validator-identifier set size:undefined disposed:false
1660 silly fetch manifest @babel/helper-globals@^7.29.7
1661 silly packumentCache full:https://registry.npmjs.org/@babel%2fhelper-globals cache-miss
1662 http fetch GET 200 https://registry.npmjs.org/lru-cache 6726ms (cache miss)
1663 silly packumentCache full:https://registry.npmjs.org/lru-cache set size:undefined disposed:false
1664 silly fetch manifest @babel/helper-string-parser@^7.29.7
1665 silly packumentCache full:https://registry.npmjs.org/@babel%2fhelper-string-parser cache-miss
1666 http fetch GET 200 https://registry.npmjs.org/@babel%2fcompat-data 6732ms (cache miss)
1667 silly packumentCache full:https://registry.npmjs.org/@babel%2fcompat-data set size:undefined disposed:false
1668 silly fetch manifest @jridgewell/gen-mapping@^0.3.5
1669 silly packumentCache full:https://registry.npmjs.org/@jridgewell%2fgen-mapping cache-miss
1670 http fetch GET 200 https://registry.npmjs.org/@jridgewell%2ftrace-mapping 6735ms (cache miss)
1671 silly packumentCache full:https://registry.npmjs.org/@jridgewell%2ftrace-mapping set size:undefined disposed:false
1672 silly fetch manifest @jridgewell/trace-mapping@^0.3.24
1673 silly packumentCache full:https://registry.npmjs.org/@jridgewell%2ftrace-mapping cache-miss
1674 http fetch GET 200 https://registry.npmjs.org/@babel%2fhelper-module-imports 6535ms (cache miss)
1675 silly packumentCache full:https://registry.npmjs.org/@babel%2fhelper-module-imports set size:undefined disposed:false
1676 http fetch GET 200 https://registry.npmjs.org/@babel%2fhelper-validator-option 6578ms (cache miss)
1677 silly packumentCache full:https://registry.npmjs.org/@babel%2fhelper-validator-option set size:undefined disposed:false
1678 http fetch GET 200 https://registry.npmjs.org/@jridgewell%2fgen-mapping 6740ms (cache miss)
1679 silly packumentCache full:https://registry.npmjs.org/@jridgewell%2fgen-mapping set size:undefined disposed:false
1680 http fetch GET 200 https://registry.npmjs.org/browserslist 6741ms (cache miss)
1681 silly packumentCache full:https://registry.npmjs.org/browserslist set size:undefined disposed:false
1682 http fetch GET 200 https://registry.npmjs.org/@babel%2fhelper-validator-identifier 6446ms (cache miss)
1683 silly packumentCache full:https://registry.npmjs.org/@babel%2fhelper-validator-identifier set size:undefined disposed:false
1684 http fetch GET 200 https://registry.npmjs.org/@babel%2fhelper-globals 6245ms (cache miss)
1685 silly packumentCache full:https://registry.npmjs.org/@babel%2fhelper-globals set size:undefined disposed:false
1686 http cache https://registry.npmjs.org/@jridgewell%2fgen-mapping 14ms (cache hit)
1687 silly packumentCache full:https://registry.npmjs.org/@jridgewell%2fgen-mapping set size:75941 disposed:false
1688 http cache https://registry.npmjs.org/@jridgewell%2ftrace-mapping 14ms (cache hit)
1689 silly packumentCache full:https://registry.npmjs.org/@jridgewell%2ftrace-mapping set size:170909 disposed:false
1690 http fetch GET 200 https://registry.npmjs.org/@babel%2fhelper-string-parser 379ms (cache miss)
1691 silly packumentCache full:https://registry.npmjs.org/@babel%2fhelper-string-parser set size:undefined disposed:false
1692 silly placeDep ROOT @babel/helper-validator-identifier@7.29.7 OK for: @babel/code-frame@7.29.7 want: ^7.29.7
1693 silly placeDep ROOT js-tokens@4.0.0 OK for: @babel/code-frame@7.29.7 want: ^4.0.0
1694 silly placeDep ROOT picocolors@1.1.1 OK for: @babel/code-frame@7.29.7 want: ^1.1.1
1695 silly placeDep ROOT @jridgewell/gen-mapping@0.3.13 OK for: @babel/generator@7.29.8 want: ^0.3.12
1696 silly placeDep ROOT @jridgewell/trace-mapping@0.3.31 OK for: @babel/generator@7.29.8 want: ^0.3.28
1697 silly placeDep ROOT jsesc@3.1.0 OK for: @babel/generator@7.29.8 want: ^3.0.2
1698 silly fetch manifest @jridgewell/sourcemap-codec@^1.5.0
1699 silly packumentCache full:https://registry.npmjs.org/@jridgewell%2fsourcemap-codec cache-miss
1700 silly fetch manifest @jridgewell/resolve-uri@^3.1.0
1701 silly packumentCache full:https://registry.npmjs.org/@jridgewell%2fresolve-uri cache-miss
1702 silly fetch manifest @jridgewell/sourcemap-codec@^1.4.14
1703 silly packumentCache full:https://registry.npmjs.org/@jridgewell%2fsourcemap-codec cache-miss
1704 http fetch GET 200 https://registry.npmjs.org/@jridgewell%2fsourcemap-codec 165ms (cache miss)
1705 silly packumentCache full:https://registry.npmjs.org/@jridgewell%2fsourcemap-codec set size:undefined disposed:false
1706 http fetch GET 200 https://registry.npmjs.org/@jridgewell%2fsourcemap-codec 298ms (cache miss)
1707 silly packumentCache full:https://registry.npmjs.org/@jridgewell%2fsourcemap-codec set size:undefined disposed:false
1708 http fetch GET 200 https://registry.npmjs.org/@jridgewell%2fresolve-uri 479ms (cache miss)
1709 silly packumentCache full:https://registry.npmjs.org/@jridgewell%2fresolve-uri set size:undefined disposed:false
1710 silly placeDep ROOT @babel/compat-data@7.29.7 OK for: @babel/helper-compilation-targets@7.29.7 want: ^7.29.7
1711 silly placeDep ROOT @babel/helper-validator-option@7.29.7 OK for: @babel/helper-compilation-targets@7.29.7 want: ^7.29.7
1712 silly placeDep ROOT browserslist@4.28.8 OK for: @babel/helper-compilation-targets@7.29.7 want: ^4.24.0
1713 silly placeDep ROOT lru-cache@5.1.1 OK for: @babel/helper-compilation-targets@7.29.7 want: ^5.1.1
1714 silly fetch manifest caniuse-lite@^1.0.30001809
1715 silly packumentCache full:https://registry.npmjs.org/caniuse-lite cache-miss
1716 silly fetch manifest node-releases@^2.0.53
1717 silly packumentCache full:https://registry.npmjs.org/node-releases cache-miss
1718 silly fetch manifest electron-to-chromium@^1.5.402
1719 silly packumentCache full:https://registry.npmjs.org/electron-to-chromium cache-miss
1720 silly fetch manifest update-browserslist-db@^1.3.0
1721 silly packumentCache full:https://registry.npmjs.org/update-browserslist-db cache-miss
1722 silly fetch manifest baseline-browser-mapping@^2.11.12
1723 silly packumentCache full:https://registry.npmjs.org/baseline-browser-mapping cache-miss
1724 silly fetch manifest yallist@^3.0.2
1725 silly packumentCache full:https://registry.npmjs.org/yallist cache-miss
1726 http cache https://registry.npmjs.org/baseline-browser-mapping 6ms (cache hit)
1727 silly packumentCache full:https://registry.npmjs.org/baseline-browser-mapping set size:601176 disposed:false
1728 http cache https://registry.npmjs.org/caniuse-lite 14ms (cache hit)
1729 silly packumentCache full:https://registry.npmjs.org/caniuse-lite set size:2311190 disposed:false
1730 http fetch GET 200 https://registry.npmjs.org/update-browserslist-db 216ms (cache miss)
1731 silly packumentCache full:https://registry.npmjs.org/update-browserslist-db set size:undefined disposed:false
1732 http fetch GET 200 https://registry.npmjs.org/yallist 332ms (cache miss)
1733 silly packumentCache full:https://registry.npmjs.org/yallist set size:undefined disposed:false
1734 http fetch GET 200 https://registry.npmjs.org/node-releases 3730ms (cache miss)
1735 silly packumentCache full:https://registry.npmjs.org/node-releases set size:undefined disposed:false
1736 http fetch GET 200 https://registry.npmjs.org/electron-to-chromium 14387ms (cache miss)
1737 silly packumentCache full:https://registry.npmjs.org/electron-to-chromium set size:undefined disposed:false
1738 silly placeDep ROOT @babel/helper-module-imports@7.29.7 OK for: @babel/helper-module-transforms@7.29.7 want: ^7.29.7
1739 silly placeDep ROOT @babel/helper-globals@7.29.7 OK for: @babel/traverse@7.29.8 want: ^7.29.7
1740 silly placeDep ROOT @babel/helper-string-parser@7.29.7 OK for: @babel/types@7.29.8 want: ^7.29.7
1741 silly placeDep ROOT @jridgewell/sourcemap-codec@1.5.5 OK for: @jridgewell/gen-mapping@0.3.13 want: ^1.5.0
1742 silly placeDep ROOT @jridgewell/resolve-uri@3.1.2 OK for: @jridgewell/trace-mapping@0.3.31 want: ^3.1.0
1743 silly fetch manifest browserslist@>= 4.21.0
1744 silly packumentCache full:https://registry.npmjs.org/browserslist cache-miss
1745 http cache https://registry.npmjs.org/browserslist 3ms (cache hit)
1746 silly packumentCache full:https://registry.npmjs.org/browserslist set size:518659 disposed:false
1747 silly placeDep ROOT baseline-browser-mapping@2.11.15 OK for: browserslist@4.28.8 want: ^2.11.12
1748 silly placeDep ROOT caniuse-lite@1.0.30001809 OK for: browserslist@4.28.8 want: ^1.0.30001809
1749 silly placeDep ROOT electron-to-chromium@1.5.408 OK for: browserslist@4.28.8 want: ^1.5.402
1750 silly placeDep ROOT node-releases@2.0.53 OK for: browserslist@4.28.8 want: ^2.0.53
1751 silly placeDep ROOT update-browserslist-db@1.3.1 OK for: browserslist@4.28.8 want: ^1.3.0
1752 silly fetch manifest escalade@^3.2.0
1753 silly packumentCache full:https://registry.npmjs.org/escalade cache-miss
1754 http fetch GET 200 https://registry.npmjs.org/escalade 108ms (cache miss)
1755 silly packumentCache full:https://registry.npmjs.org/escalade set size:undefined disposed:false
1756 silly placeDep ROOT esrecurse@4.3.0 OK for: eslint-scope@8.4.0 want: ^4.3.0
1757 silly placeDep ROOT acorn@8.18.0 OK for: espree@10.4.0 want: ^8.15.0
1758 silly placeDep ROOT acorn-jsx@5.3.2 OK for: espree@10.4.0 want: ^5.3.2
1759 silly placeDep ROOT @nodelib/fs.stat@2.0.5 OK for: fast-glob@3.3.1 want: ^2.0.2
1760 silly placeDep ROOT @nodelib/fs.walk@1.2.8 OK for: fast-glob@3.3.1 want: ^1.2.3
1761 silly placeDep node_modules/fast-glob glob-parent@5.1.2 OK for: fast-glob@3.3.1 want: ^5.1.2
1762 silly placeDep ROOT merge2@1.4.1 OK for: fast-glob@3.3.1 want: ^1.3.0
1763 silly placeDep ROOT micromatch@4.0.8 OK for: fast-glob@3.3.1 want: ^4.0.4
1764 silly fetch manifest fastq@^1.6.0
1765 silly packumentCache full:https://registry.npmjs.org/fastq cache-miss
1766 silly fetch manifest @nodelib/fs.scandir@2.1.5
1767 silly packumentCache full:https://registry.npmjs.org/@nodelib%2ffs.scandir cache-miss
1768 silly fetch manifest braces@^3.0.3
1769 silly packumentCache full:https://registry.npmjs.org/braces cache-miss
1770 silly fetch manifest picomatch@^2.3.1
1771 silly packumentCache full:https://registry.npmjs.org/picomatch cache-miss
1772 http cache https://registry.npmjs.org/picomatch 3ms (cache hit)
1773 silly packumentCache full:https://registry.npmjs.org/picomatch set size:128942 disposed:false
1774 http fetch GET 200 https://registry.npmjs.org/fastq 135ms (cache miss)
1775 silly packumentCache full:https://registry.npmjs.org/fastq set size:undefined disposed:false
1776 http fetch GET 200 https://registry.npmjs.org/braces 236ms (cache miss)
1777 silly packumentCache full:https://registry.npmjs.org/braces set size:undefined disposed:false
1778 http fetch GET 200 https://registry.npmjs.org/@nodelib%2ffs.scandir 314ms (cache miss)
1779 silly packumentCache full:https://registry.npmjs.org/@nodelib%2ffs.scandir set size:undefined disposed:false
1780 silly placeDep ROOT @nodelib/fs.scandir@2.1.5 OK for: @nodelib/fs.walk@1.2.8 want: 2.1.5
1781 silly placeDep ROOT fastq@1.20.1 OK for: @nodelib/fs.walk@1.2.8 want: ^1.6.0
1782 silly fetch manifest run-parallel@^1.1.9
1783 silly packumentCache full:https://registry.npmjs.org/run-parallel cache-miss
1784 silly fetch manifest reusify@^1.0.4
1785 silly packumentCache full:https://registry.npmjs.org/reusify cache-miss
1786 http fetch GET 200 https://registry.npmjs.org/reusify 123ms (cache miss)
1787 silly packumentCache full:https://registry.npmjs.org/reusify set size:undefined disposed:false
1788 http fetch GET 200 https://registry.npmjs.org/run-parallel 125ms (cache miss)
1789 silly packumentCache full:https://registry.npmjs.org/run-parallel set size:undefined disposed:false
1790 silly placeDep ROOT run-parallel@1.2.0 OK for: @nodelib/fs.scandir@2.1.5 want: ^1.1.9
1791 silly fetch manifest queue-microtask@^1.2.2
1792 silly packumentCache full:https://registry.npmjs.org/queue-microtask cache-miss
1793 http fetch GET 200 https://registry.npmjs.org/queue-microtask 125ms (cache miss)
1794 silly packumentCache full:https://registry.npmjs.org/queue-microtask set size:undefined disposed:false
1795 silly placeDep ROOT reusify@1.1.0 OK for: fastq@1.20.1 want: ^1.0.4
1796 silly placeDep ROOT flat-cache@4.0.1 OK for: file-entry-cache@8.0.0 want: ^4.0.0
1797 silly fetch manifest keyv@^4.5.4
1798 silly packumentCache full:https://registry.npmjs.org/keyv cache-miss
1799 silly fetch manifest flatted@^3.2.9
1800 silly packumentCache full:https://registry.npmjs.org/flatted cache-miss
1801 http fetch GET 200 https://registry.npmjs.org/keyv 234ms (cache miss)
1802 silly packumentCache full:https://registry.npmjs.org/keyv set size:undefined disposed:false
1803 http fetch GET 200 https://registry.npmjs.org/flatted 366ms (cache miss)
1804 silly packumentCache full:https://registry.npmjs.org/flatted set size:undefined disposed:false
1805 silly placeDep ROOT locate-path@6.0.0 OK for: find-up@5.0.0 want: ^6.0.0
1806 silly placeDep ROOT path-exists@4.0.0 OK for: find-up@5.0.0 want: ^4.0.0
1807 silly fetch manifest p-locate@^5.0.0
1808 silly packumentCache full:https://registry.npmjs.org/p-locate cache-miss
1809 http fetch GET 200 https://registry.npmjs.org/p-locate 100ms (cache miss)
1810 silly packumentCache full:https://registry.npmjs.org/p-locate set size:undefined disposed:false
1811 silly placeDep ROOT flatted@3.4.4 OK for: flat-cache@4.0.1 want: ^3.2.9
1812 silly placeDep ROOT keyv@4.5.4 OK for: flat-cache@4.0.1 want: ^4.5.4
1813 silly fetch manifest json-buffer@3.0.1
1814 silly packumentCache full:https://registry.npmjs.org/json-buffer cache-miss
1815 http fetch GET 200 https://registry.npmjs.org/json-buffer 91ms (cache miss)
1816 silly packumentCache full:https://registry.npmjs.org/json-buffer set size:undefined disposed:false
1817 silly placeDep ROOT functions-have-names@1.2.3 OK for: function.prototype.name@1.2.0 want: ^1.2.3
1818 silly placeDep ROOT is-document.all@1.0.0 OK for: function.prototype.name@1.2.0 want: ^1.0.0
1819 silly placeDep ROOT dunder-proto@1.0.1 OK for: get-proto@1.0.1 want: ^1.0.1
1820 silly placeDep ROOT resolve-pkg-maps@1.0.0 OK for: get-tsconfig@4.14.3 want: ^1.0.0
1821 silly placeDep ROOT hermes-estree@0.25.1 OK for: hermes-parser@0.25.1 want: 0.25.1
1822 silly placeDep ROOT parent-module@1.0.1 OK for: import-fresh@3.3.1 want: ^1.0.0
1823 silly placeDep ROOT resolve-from@4.0.0 OK for: import-fresh@3.3.1 want: ^4.0.0
1824 silly fetch manifest callsites@^3.0.0
1825 silly packumentCache full:https://registry.npmjs.org/callsites cache-miss
1826 http fetch GET 200 https://registry.npmjs.org/callsites 102ms (cache miss)
1827 silly packumentCache full:https://registry.npmjs.org/callsites set size:undefined disposed:false
1828 silly placeDep ROOT side-channel@1.1.1 OK for: internal-slot@1.1.0 want: ^1.1.0
1829 silly fetch manifest side-channel-list@^1.0.1
1830 silly packumentCache full:https://registry.npmjs.org/side-channel-list cache-miss
1831 silly fetch manifest side-channel-map@^1.0.1
1832 silly packumentCache full:https://registry.npmjs.org/side-channel-map cache-miss
1833 silly fetch manifest side-channel-weakmap@^1.0.2
1834 silly packumentCache full:https://registry.npmjs.org/side-channel-weakmap cache-miss
1835 http fetch GET 200 https://registry.npmjs.org/side-channel-map 106ms (cache miss)
1836 silly packumentCache full:https://registry.npmjs.org/side-channel-map set size:undefined disposed:false
1837 http fetch GET 200 https://registry.npmjs.org/side-channel-list 107ms (cache miss)
1838 silly packumentCache full:https://registry.npmjs.org/side-channel-list set size:undefined disposed:false
1839 http fetch GET 200 https://registry.npmjs.org/side-channel-weakmap 106ms (cache miss)
1840 silly packumentCache full:https://registry.npmjs.org/side-channel-weakmap set size:undefined disposed:false
1841 silly placeDep node_modules/is-bun-module semver@7.8.5 OK for: is-bun-module@2.0.0 want: ^7.7.1
1842 silly placeDep ROOT is-extglob@2.1.1 OK for: is-glob@4.0.3 want: ^2.1.1
1843 silly placeDep ROOT set-function-name@2.0.2 OK for: iterator.prototype@1.1.5 want: ^2.0.2
1844 silly placeDep ROOT argparse@2.0.1 OK for: js-yaml@4.3.1 want: ^2.0.1
1845 silly placeDep ROOT json-buffer@3.0.1 OK for: keyv@4.5.4 want: 3.0.1
1846 silly placeDep ROOT language-subtag-registry@0.3.23 OK for: language-tags@1.0.9 want: ^0.3.20
1847 silly placeDep ROOT prelude-ls@1.2.1 OK for: levn@0.4.1 want: ^1.2.1
1848 silly placeDep ROOT type-check@0.4.0 OK for: levn@0.4.1 want: ~0.4.0
1849 silly placeDep ROOT p-locate@5.0.0 OK for: locate-path@6.0.0 want: ^5.0.0
1850 silly fetch manifest p-limit@^3.0.2
1851 silly packumentCache full:https://registry.npmjs.org/p-limit cache-miss
1852 http fetch GET 200 https://registry.npmjs.org/p-limit 125ms (cache miss)
1853 silly packumentCache full:https://registry.npmjs.org/p-limit set size:undefined disposed:false
1854 silly placeDep ROOT yallist@3.1.1 OK for: lru-cache@5.1.1 want: ^3.0.2
1855 silly placeDep ROOT braces@3.0.3 OK for: micromatch@4.0.8 want: ^3.0.3
1856 silly placeDep ROOT picomatch@2.3.2 OK for: micromatch@4.0.8 want: ^2.3.1
1857 silly fetch manifest fill-range@^7.1.1
1858 silly packumentCache full:https://registry.npmjs.org/fill-range cache-miss
1859 http fetch GET 200 https://registry.npmjs.org/fill-range 133ms (cache miss)
1860 silly packumentCache full:https://registry.npmjs.org/fill-range set size:undefined disposed:false
1861 silly placeDep ROOT fill-range@7.1.1 OK for: braces@3.0.3 want: ^7.1.1
1862 silly fetch manifest to-regex-range@^5.0.1
1863 silly packumentCache full:https://registry.npmjs.org/to-regex-range cache-miss
1864 http fetch GET 200 https://registry.npmjs.org/to-regex-range 138ms (cache miss)
1865 silly packumentCache full:https://registry.npmjs.org/to-regex-range set size:undefined disposed:false
1866 silly placeDep ROOT to-regex-range@5.0.1 OK for: fill-range@7.1.1 want: ^5.0.1
1867 silly fetch manifest is-number@^7.0.0
1868 silly packumentCache full:https://registry.npmjs.org/is-number cache-miss
1869 http fetch GET 200 https://registry.npmjs.org/is-number 98ms (cache miss)
1870 silly packumentCache full:https://registry.npmjs.org/is-number set size:undefined disposed:false
1871 silly placeDep ROOT brace-expansion@1.1.18 OK for: minimatch@3.1.5 want: ^1.1.7
1872 silly fetch manifest concat-map@0.0.1
1873 silly packumentCache full:https://registry.npmjs.org/concat-map cache-miss
1874 silly fetch manifest balanced-match@^1.0.0
1875 silly packumentCache full:https://registry.npmjs.org/balanced-match cache-miss
1876 http fetch GET 200 https://registry.npmjs.org/concat-map 73ms (cache miss)
1877 silly packumentCache full:https://registry.npmjs.org/concat-map set size:undefined disposed:false
1878 http fetch GET 200 https://registry.npmjs.org/balanced-match 162ms (cache miss)
1879 silly packumentCache full:https://registry.npmjs.org/balanced-match set size:undefined disposed:false
1880 silly placeDep ROOT balanced-match@1.0.2 OK for: brace-expansion@1.1.18 want: ^1.0.0
1881 silly placeDep ROOT concat-map@0.0.1 OK for: brace-expansion@1.1.18 want: 0.0.1
1882 silly fetch manifest react@^18.2.0 || 19.0.0-rc-de68d2f4-20241204 || ^19.0.0
1883 silly packumentCache full:https://registry.npmjs.org/react cache-miss
1884 http cache https://registry.npmjs.org/react 15ms (cache hit)
1885 silly packumentCache full:https://registry.npmjs.org/react set size:6897881 disposed:false
1886 silly placeDep ROOT @next/env@16.3.1 OK for: next@16.3.1 want: 16.3.1
1887 silly placeDep ROOT @next/swc-darwin-arm64@16.3.1 OK for: next@16.3.1 want: 16.3.1
1888 silly placeDep ROOT @next/swc-darwin-x64@16.3.1 OK for: next@16.3.1 want: 16.3.1
1889 silly placeDep ROOT @next/swc-linux-arm64-gnu@16.3.1 OK for: next@16.3.1 want: 16.3.1
1890 silly placeDep ROOT @next/swc-linux-arm64-musl@16.3.1 OK for: next@16.3.1 want: 16.3.1
1891 silly placeDep ROOT @next/swc-linux-x64-gnu@16.3.1 OK for: next@16.3.1 want: 16.3.1
1892 silly placeDep ROOT @next/swc-linux-x64-musl@16.3.1 OK for: next@16.3.1 want: 16.3.1
1893 silly placeDep ROOT @next/swc-win32-arm64-msvc@16.3.1 OK for: next@16.3.1 want: 16.3.1
1894 silly placeDep ROOT @next/swc-win32-x64-msvc@16.3.1 OK for: next@16.3.1 want: 16.3.1
1895 silly placeDep ROOT @swc/helpers@0.5.23 OK for: next@16.3.1 want: 0.5.23
1896 silly placeDep ROOT postcss@8.5.23 OK for: next@16.3.1 want: 8.5.23
1897 silly placeDep ROOT sharp@0.35.3 OK for: next@16.3.1 want: ^0.35.3
1898 silly placeDep ROOT styled-jsx@5.1.6 OK for: next@16.3.1 want: 5.1.6
1899 silly fetch manifest tslib@^2.8.0
1900 silly packumentCache full:https://registry.npmjs.org/tslib cache-miss
1901 silly fetch manifest nanoid@^3.3.16
1902 silly packumentCache full:https://registry.npmjs.org/nanoid cache-miss
1903 silly fetch manifest source-map-js@^1.2.1
1904 silly packumentCache full:https://registry.npmjs.org/source-map-js cache-miss
1905 silly fetch manifest @img/colour@^1.1.0
1906 silly packumentCache full:https://registry.npmjs.org/@img%2fcolour cache-miss
1907 silly fetch manifest detect-libc@^2.1.2
1908 silly packumentCache full:https://registry.npmjs.org/detect-libc cache-miss
1909 silly fetch manifest semver@^7.8.5
1910 silly packumentCache full:https://registry.npmjs.org/semver cache-hit
1911 silly fetch manifest @img/sharp-darwin-arm64@0.35.3
1912 silly packumentCache full:https://registry.npmjs.org/@img%2fsharp-darwin-arm64 cache-miss
1913 silly fetch manifest @img/sharp-darwin-x64@0.35.3
1914 silly packumentCache full:https://registry.npmjs.org/@img%2fsharp-darwin-x64 cache-miss
1915 silly fetch manifest @img/sharp-freebsd-wasm32@0.35.3
1916 silly packumentCache full:https://registry.npmjs.org/@img%2fsharp-freebsd-wasm32 cache-miss
1917 silly fetch manifest @img/sharp-libvips-darwin-arm64@1.3.2
1918 silly packumentCache full:https://registry.npmjs.org/@img%2fsharp-libvips-darwin-arm64 cache-miss
1919 http fetch GET 200 https://registry.npmjs.org/source-map-js 283ms (cache miss)
1920 silly packumentCache full:https://registry.npmjs.org/source-map-js set size:undefined disposed:false
1921 silly fetch manifest @img/sharp-libvips-darwin-x64@1.3.2
1922 silly packumentCache full:https://registry.npmjs.org/@img%2fsharp-libvips-darwin-x64 cache-miss
1923 http fetch GET 200 https://registry.npmjs.org/tslib 287ms (cache miss)
1924 silly packumentCache full:https://registry.npmjs.org/tslib set size:undefined disposed:false
1925 silly fetch manifest @img/sharp-libvips-linux-arm@1.3.2
1926 silly packumentCache full:https://registry.npmjs.org/@img%2fsharp-libvips-linux-arm cache-miss
1927 http fetch GET 200 https://registry.npmjs.org/@img%2fsharp-darwin-arm64 1024ms (cache miss)
1928 silly packumentCache full:https://registry.npmjs.org/@img%2fsharp-darwin-arm64 set size:undefined disposed:false
1929 silly fetch manifest @img/sharp-libvips-linux-arm64@1.3.2
1930 silly packumentCache full:https://registry.npmjs.org/@img%2fsharp-libvips-linux-arm64 cache-miss
1931 http fetch GET 200 https://registry.npmjs.org/@img%2fsharp-darwin-x64 1026ms (cache miss)
1932 silly packumentCache full:https://registry.npmjs.org/@img%2fsharp-darwin-x64 set size:undefined disposed:false
1933 silly fetch manifest @img/sharp-libvips-linux-ppc64@1.3.2
1934 silly packumentCache full:https://registry.npmjs.org/@img%2fsharp-libvips-linux-ppc64 cache-miss
1935 http fetch GET 200 https://registry.npmjs.org/@img%2fsharp-freebsd-wasm32 1027ms (cache miss)
1936 silly packumentCache full:https://registry.npmjs.org/@img%2fsharp-freebsd-wasm32 set size:undefined disposed:false
1937 silly fetch manifest @img/sharp-libvips-linux-riscv64@1.3.2
1938 silly packumentCache full:https://registry.npmjs.org/@img%2fsharp-libvips-linux-riscv64 cache-miss
1939 http fetch GET 200 https://registry.npmjs.org/@img%2fcolour 1030ms (cache miss)
1940 silly packumentCache full:https://registry.npmjs.org/@img%2fcolour set size:undefined disposed:false
1941 silly fetch manifest @img/sharp-libvips-linux-s390x@1.3.2
1942 silly packumentCache full:https://registry.npmjs.org/@img%2fsharp-libvips-linux-s390x cache-miss
1943 http fetch GET 200 https://registry.npmjs.org/nanoid 1032ms (cache miss)
1944 silly packumentCache full:https://registry.npmjs.org/nanoid set size:undefined disposed:false
1945 silly fetch manifest @img/sharp-libvips-linux-x64@1.3.2
1946 silly packumentCache full:https://registry.npmjs.org/@img%2fsharp-libvips-linux-x64 cache-miss
1947 http fetch GET 200 https://registry.npmjs.org/detect-libc 1035ms (cache miss)
1948 silly packumentCache full:https://registry.npmjs.org/detect-libc set size:undefined disposed:false
1949 silly fetch manifest @img/sharp-libvips-linuxmusl-arm64@1.3.2
1950 silly packumentCache full:https://registry.npmjs.org/@img%2fsharp-libvips-linuxmusl-arm64 cache-miss
1951 http fetch GET 200 https://registry.npmjs.org/@img%2fsharp-libvips-darwin-x64 751ms (cache miss)
1952 silly packumentCache full:https://registry.npmjs.org/@img%2fsharp-libvips-darwin-x64 set size:undefined disposed:false
1953 silly fetch manifest @img/sharp-libvips-linuxmusl-x64@1.3.2
1954 silly packumentCache full:https://registry.npmjs.org/@img%2fsharp-libvips-linuxmusl-x64 cache-miss
1955 http fetch GET 200 https://registry.npmjs.org/@img%2fsharp-libvips-darwin-arm64 1037ms (cache miss)
1956 silly packumentCache full:https://registry.npmjs.org/@img%2fsharp-libvips-darwin-arm64 set size:undefined disposed:false
1957 silly fetch manifest @img/sharp-linux-arm@0.35.3
1958 silly packumentCache full:https://registry.npmjs.org/@img%2fsharp-linux-arm cache-miss
1959 http fetch GET 200 https://registry.npmjs.org/@img%2fsharp-libvips-linux-arm 751ms (cache miss)
1960 silly packumentCache full:https://registry.npmjs.org/@img%2fsharp-libvips-linux-arm set size:undefined disposed:false
1961 silly fetch manifest @img/sharp-linux-arm64@0.35.3
1962 silly packumentCache full:https://registry.npmjs.org/@img%2fsharp-linux-arm64 cache-miss
1963 http fetch GET 200 https://registry.npmjs.org/@img%2fsharp-libvips-linux-ppc64 115ms (cache miss)
1964 silly packumentCache full:https://registry.npmjs.org/@img%2fsharp-libvips-linux-ppc64 set size:undefined disposed:false
1965 silly fetch manifest @img/sharp-linux-ppc64@0.35.3
1966 silly packumentCache full:https://registry.npmjs.org/@img%2fsharp-linux-ppc64 cache-miss
1967 http fetch GET 200 https://registry.npmjs.org/@img%2fsharp-libvips-linux-riscv64 137ms (cache miss)
1968 silly packumentCache full:https://registry.npmjs.org/@img%2fsharp-libvips-linux-riscv64 set size:undefined disposed:false
1969 silly fetch manifest @img/sharp-linux-riscv64@0.35.3
1970 silly packumentCache full:https://registry.npmjs.org/@img%2fsharp-linux-riscv64 cache-miss
1971 http fetch GET 200 https://registry.npmjs.org/@img%2fsharp-libvips-linux-arm64 194ms (cache miss)
1972 silly packumentCache full:https://registry.npmjs.org/@img%2fsharp-libvips-linux-arm64 set size:undefined disposed:false
1973 silly fetch manifest @img/sharp-linux-s390x@0.35.3
1974 silly packumentCache full:https://registry.npmjs.org/@img%2fsharp-linux-s390x cache-miss
1975 http fetch GET 200 https://registry.npmjs.org/@img%2fsharp-libvips-linux-x64 219ms (cache miss)
1976 silly packumentCache full:https://registry.npmjs.org/@img%2fsharp-libvips-linux-x64 set size:undefined disposed:false
1977 silly fetch manifest @img/sharp-linux-x64@0.35.3
1978 silly packumentCache full:https://registry.npmjs.org/@img%2fsharp-linux-x64 cache-miss
1979 http fetch GET 200 https://registry.npmjs.org/@img%2fsharp-libvips-linux-s390x 296ms (cache miss)
1980 silly packumentCache full:https://registry.npmjs.org/@img%2fsharp-libvips-linux-s390x set size:undefined disposed:false
1981 silly fetch manifest @img/sharp-linuxmusl-arm64@0.35.3
1982 silly packumentCache full:https://registry.npmjs.org/@img%2fsharp-linuxmusl-arm64 cache-miss
1983 http fetch GET 200 https://registry.npmjs.org/@img%2fsharp-linux-arm 370ms (cache miss)
1984 silly packumentCache full:https://registry.npmjs.org/@img%2fsharp-linux-arm set size:undefined disposed:false
1985 silly fetch manifest @img/sharp-linuxmusl-x64@0.35.3
1986 silly packumentCache full:https://registry.npmjs.org/@img%2fsharp-linuxmusl-x64 cache-miss
1987 http fetch GET 200 https://registry.npmjs.org/@img%2fsharp-libvips-linuxmusl-arm64 499ms (cache miss)
1988 silly packumentCache full:https://registry.npmjs.org/@img%2fsharp-libvips-linuxmusl-arm64 set size:undefined disposed:false
1989 silly fetch manifest @img/sharp-webcontainers-wasm32@0.35.3
1990 silly packumentCache full:https://registry.npmjs.org/@img%2fsharp-webcontainers-wasm32 cache-miss
1991 http fetch GET 200 https://registry.npmjs.org/@img%2fsharp-libvips-linuxmusl-x64 499ms (cache miss)
1992 silly packumentCache full:https://registry.npmjs.org/@img%2fsharp-libvips-linuxmusl-x64 set size:undefined disposed:false
1993 silly fetch manifest @img/sharp-win32-arm64@0.35.3
1994 silly packumentCache full:https://registry.npmjs.org/@img%2fsharp-win32-arm64 cache-miss
1995 http fetch GET 200 https://registry.npmjs.org/@img%2fsharp-linux-arm64 499ms (cache miss)
1996 silly packumentCache full:https://registry.npmjs.org/@img%2fsharp-linux-arm64 set size:undefined disposed:false
1997 silly fetch manifest @img/sharp-win32-ia32@0.35.3
1998 silly packumentCache full:https://registry.npmjs.org/@img%2fsharp-win32-ia32 cache-miss
1999 http fetch GET 200 https://registry.npmjs.org/@img%2fsharp-linux-ppc64 399ms (cache miss)
2000 silly packumentCache full:https://registry.npmjs.org/@img%2fsharp-linux-ppc64 set size:undefined disposed:false
2001 silly fetch manifest @img/sharp-win32-x64@0.35.3
2002 silly packumentCache full:https://registry.npmjs.org/@img%2fsharp-win32-x64 cache-miss
2003 http fetch GET 200 https://registry.npmjs.org/@img%2fsharp-linux-s390x 439ms (cache miss)
2004 silly packumentCache full:https://registry.npmjs.org/@img%2fsharp-linux-s390x set size:undefined disposed:false
2005 silly fetch manifest client-only@0.0.1
2006 silly packumentCache full:https://registry.npmjs.org/client-only cache-miss
2007 http fetch GET 200 https://registry.npmjs.org/@img%2fsharp-linux-x64 486ms (cache miss)
2008 silly packumentCache full:https://registry.npmjs.org/@img%2fsharp-linux-x64 set size:undefined disposed:false
2009 http fetch GET 200 https://registry.npmjs.org/@img%2fsharp-linuxmusl-arm64 414ms (cache miss)
2010 silly packumentCache full:https://registry.npmjs.org/@img%2fsharp-linuxmusl-arm64 set size:undefined disposed:false
2011 http fetch GET 200 https://registry.npmjs.org/@img%2fsharp-linuxmusl-x64 333ms (cache miss)
2012 silly packumentCache full:https://registry.npmjs.org/@img%2fsharp-linuxmusl-x64 set size:undefined disposed:false
2013 http fetch GET 200 https://registry.npmjs.org/@img%2fsharp-linux-riscv64 584ms (cache miss)
2014 silly packumentCache full:https://registry.npmjs.org/@img%2fsharp-linux-riscv64 set size:undefined disposed:false
2015 http fetch GET 200 https://registry.npmjs.org/@img%2fsharp-win32-ia32 327ms (cache miss)
2016 silly packumentCache full:https://registry.npmjs.org/@img%2fsharp-win32-ia32 set size:undefined disposed:false
2017 http fetch GET 200 https://registry.npmjs.org/@img%2fsharp-win32-arm64 330ms (cache miss)
2018 silly packumentCache full:https://registry.npmjs.org/@img%2fsharp-win32-arm64 set size:undefined disposed:false
2019 http fetch GET 200 https://registry.npmjs.org/@img%2fsharp-webcontainers-wasm32 334ms (cache miss)
2020 silly packumentCache full:https://registry.npmjs.org/@img%2fsharp-webcontainers-wasm32 set size:undefined disposed:false
2021 http fetch GET 200 https://registry.npmjs.org/client-only 207ms (cache miss)
2022 silly packumentCache full:https://registry.npmjs.org/client-only set size:undefined disposed:false
2023 http fetch GET 200 https://registry.npmjs.org/@img%2fsharp-win32-x64 329ms (cache miss)
2024 silly packumentCache full:https://registry.npmjs.org/@img%2fsharp-win32-x64 set size:undefined disposed:false
2025 silly placeDep ROOT tslib@2.8.1 OK for: @swc/helpers@0.5.23 want: ^2.8.0
2026 silly placeDep ROOT deep-is@0.1.4 OK for: optionator@0.9.4 want: ^0.1.3
2027 silly placeDep ROOT fast-levenshtein@2.0.6 OK for: optionator@0.9.4 want: ^2.0.6
2028 silly placeDep ROOT word-wrap@1.2.5 OK for: optionator@0.9.4 want: ^1.2.5
2029 silly placeDep ROOT p-limit@3.1.0 OK for: p-locate@5.0.0 want: ^3.0.2
2030 silly fetch manifest yocto-queue@^0.1.0
2031 silly packumentCache full:https://registry.npmjs.org/yocto-queue cache-miss
2032 http fetch GET 200 https://registry.npmjs.org/yocto-queue 82ms (cache miss)
2033 silly packumentCache full:https://registry.npmjs.org/yocto-queue set size:undefined disposed:false
2034 silly placeDep ROOT yocto-queue@0.1.0 OK for: p-limit@3.1.0 want: ^0.1.0
2035 silly placeDep ROOT callsites@3.1.0 OK for: parent-module@1.0.1 want: ^3.0.0
2036 silly placeDep ROOT nanoid@3.3.18 OK for: postcss@8.5.23 want: ^3.3.16
2037 silly placeDep ROOT source-map-js@1.2.1 OK for: postcss@8.5.23 want: ^1.2.1
2038 silly placeDep ROOT loose-envify@1.4.0 OK for: prop-types@15.8.1 want: ^1.4.0
2039 silly placeDep ROOT object-assign@4.1.1 OK for: prop-types@15.8.1 want: ^4.1.1
2040 silly placeDep ROOT react-is@16.13.1 OK for: prop-types@15.8.1 want: ^16.13.1
2041 silly placeDep ROOT scheduler@0.27.0 OK for: react-dom@19.2.8 want: ^0.27.0
2042 silly placeDep ROOT node-exports-info@1.6.2 OK for: resolve@2.0.0-next.7 want: ^1.6.0
2043 silly placeDep ROOT path-parse@1.0.7 OK for: resolve@2.0.0-next.7 want: ^1.0.7
2044 silly placeDep ROOT supports-preserve-symlinks-flag@1.0.0 OK for: resolve@2.0.0-next.7 want: ^1.0.0
2045 silly placeDep ROOT queue-microtask@1.2.3 OK for: run-parallel@1.2.0 want: ^1.2.2
2046 silly placeDep ROOT isarray@2.0.5 OK for: safe-array-concat@1.1.4 want: ^2.0.5
2047 silly placeDep ROOT @img/colour@1.1.0 OK for: sharp@0.35.3 want: ^1.1.0
2048 silly placeDep ROOT @img/sharp-darwin-arm64@0.35.3 OK for: sharp@0.35.3 want: 0.35.3
2049 silly placeDep ROOT @img/sharp-darwin-x64@0.35.3 OK for: sharp@0.35.3 want: 0.35.3
2050 silly placeDep ROOT @img/sharp-freebsd-wasm32@0.35.3 OK for: sharp@0.35.3 want: 0.35.3
2051 silly placeDep ROOT @img/sharp-libvips-darwin-arm64@1.3.2 OK for: sharp@0.35.3 want: 1.3.2
2052 silly placeDep ROOT @img/sharp-libvips-darwin-x64@1.3.2 OK for: sharp@0.35.3 want: 1.3.2
2053 silly placeDep ROOT @img/sharp-libvips-linux-arm@1.3.2 OK for: sharp@0.35.3 want: 1.3.2
2054 silly placeDep ROOT @img/sharp-libvips-linux-arm64@1.3.2 OK for: sharp@0.35.3 want: 1.3.2
2055 silly placeDep ROOT @img/sharp-libvips-linux-ppc64@1.3.2 OK for: sharp@0.35.3 want: 1.3.2
2056 silly placeDep ROOT @img/sharp-libvips-linux-riscv64@1.3.2 OK for: sharp@0.35.3 want: 1.3.2
2057 silly placeDep ROOT @img/sharp-libvips-linux-s390x@1.3.2 OK for: sharp@0.35.3 want: 1.3.2
2058 silly placeDep ROOT @img/sharp-libvips-linux-x64@1.3.2 OK for: sharp@0.35.3 want: 1.3.2
2059 silly placeDep ROOT @img/sharp-libvips-linuxmusl-arm64@1.3.2 OK for: sharp@0.35.3 want: 1.3.2
2060 silly placeDep ROOT @img/sharp-libvips-linuxmusl-x64@1.3.2 OK for: sharp@0.35.3 want: 1.3.2
2061 silly placeDep ROOT @img/sharp-linux-arm@0.35.3 OK for: sharp@0.35.3 want: 0.35.3
2062 silly placeDep ROOT @img/sharp-linux-arm64@0.35.3 OK for: sharp@0.35.3 want: 0.35.3
2063 silly placeDep ROOT @img/sharp-linux-ppc64@0.35.3 OK for: sharp@0.35.3 want: 0.35.3
2064 silly placeDep ROOT @img/sharp-linux-riscv64@0.35.3 OK for: sharp@0.35.3 want: 0.35.3
2065 silly placeDep ROOT @img/sharp-linux-s390x@0.35.3 OK for: sharp@0.35.3 want: 0.35.3
2066 silly placeDep ROOT @img/sharp-linux-x64@0.35.3 OK for: sharp@0.35.3 want: 0.35.3
2067 silly placeDep ROOT @img/sharp-linuxmusl-arm64@0.35.3 OK for: sharp@0.35.3 want: 0.35.3
2068 silly placeDep ROOT @img/sharp-linuxmusl-x64@0.35.3 OK for: sharp@0.35.3 want: 0.35.3
2069 silly placeDep ROOT @img/sharp-webcontainers-wasm32@0.35.3 OK for: sharp@0.35.3 want: 0.35.3
2070 silly placeDep ROOT @img/sharp-win32-arm64@0.35.3 OK for: sharp@0.35.3 want: 0.35.3
2071 silly placeDep ROOT @img/sharp-win32-ia32@0.35.3 OK for: sharp@0.35.3 want: 0.35.3
2072 silly placeDep ROOT @img/sharp-win32-x64@0.35.3 OK for: sharp@0.35.3 want: 0.35.3
2073 silly placeDep ROOT detect-libc@2.1.2 OK for: sharp@0.35.3 want: ^2.1.2
2074 silly placeDep node_modules/sharp semver@7.8.5 OK for: sharp@0.35.3 want: ^7.8.5
2075 silly fetch manifest @img/sharp-wasm32@0.35.3
2076 silly packumentCache full:https://registry.npmjs.org/@img%2fsharp-wasm32 cache-miss
2077 silly fetch manifest @img/sharp-wasm32@0.35.3
2078 silly packumentCache full:https://registry.npmjs.org/@img%2fsharp-wasm32 cache-miss
2079 http fetch GET 200 https://registry.npmjs.org/@img%2fsharp-wasm32 159ms (cache miss)
2080 silly packumentCache full:https://registry.npmjs.org/@img%2fsharp-wasm32 set size:undefined disposed:false
2081 http fetch GET 200 https://registry.npmjs.org/@img%2fsharp-wasm32 171ms (cache miss)
2082 silly packumentCache full:https://registry.npmjs.org/@img%2fsharp-wasm32 set size:undefined disposed:false
2083 silly placeDep ROOT @img/sharp-wasm32@0.35.3 OK for: @img/sharp-freebsd-wasm32@0.35.3 want: 0.35.3
2084 silly fetch manifest @emnapi/runtime@^1.11.1
2085 silly packumentCache full:https://registry.npmjs.org/@emnapi%2fruntime cache-miss
2086 http fetch GET 200 https://registry.npmjs.org/@emnapi%2fruntime 162ms (cache miss)
2087 silly packumentCache full:https://registry.npmjs.org/@emnapi%2fruntime set size:undefined disposed:false
2088 silly placeDep ROOT @emnapi/runtime@1.11.3 OK for: @img/sharp-wasm32@0.35.3 want: ^1.11.1
2089 silly placeDep ROOT shebang-regex@3.0.0 OK for: shebang-command@2.0.0 want: ^3.0.0
2090 silly placeDep ROOT side-channel-list@1.0.1 OK for: side-channel@1.1.1 want: ^1.0.1
2091 silly placeDep ROOT side-channel-map@1.0.1 OK for: side-channel@1.1.1 want: ^1.0.1
2092 silly placeDep ROOT side-channel-weakmap@1.0.2 OK for: side-channel@1.1.1 want: ^1.0.2
2093 silly placeDep ROOT client-only@0.0.1 OK for: styled-jsx@5.1.6 want: 0.0.1
2094 silly placeDep ROOT has-flag@4.0.0 OK for: supports-color@7.2.0 want: ^4.0.0
2095 silly placeDep node_modules/tinyglobby fdir@6.5.0 OK for: tinyglobby@0.2.17 want: ^6.5.0
2096 silly placeDep node_modules/tinyglobby picomatch@4.0.5 OK for: fdir@6.5.0 want: ^3 || ^4
2097 silly placeDep ROOT is-number@7.0.0 OK for: to-regex-range@5.0.1 want: ^7.0.0
2098 silly placeDep ROOT @types/json5@0.0.29 OK for: tsconfig-paths@3.15.0 want: ^0.0.29
2099 silly placeDep node_modules/tsconfig-paths json5@1.0.2 OK for: tsconfig-paths@3.15.0 want: ^1.0.2
2100 silly placeDep ROOT minimist@1.2.8 OK for: tsconfig-paths@3.15.0 want: ^1.2.6
2101 silly placeDep ROOT strip-bom@3.0.0 OK for: tsconfig-paths@3.15.0 want: ^3.0.0
2102 silly fetch manifest minimist@^1.2.0
2103 silly packumentCache full:https://registry.npmjs.org/minimist cache-miss
2104 http cache https://registry.npmjs.org/minimist 3ms (cache hit)
2105 silly packumentCache full:https://registry.npmjs.org/minimist set size:77063 disposed:false
2106 silly placeDep ROOT for-each@0.3.5 OK for: typed-array-byte-length@1.0.3 want: ^0.3.3
2107 silly placeDep ROOT reflect.getprototypeof@1.0.10 OK for: typed-array-byte-offset@1.0.4 want: ^1.0.9
2108 silly fetch manifest which-builtin-type@^1.2.1
2109 silly packumentCache full:https://registry.npmjs.org/which-builtin-type cache-miss
2110 http fetch GET 200 https://registry.npmjs.org/which-builtin-type 94ms (cache miss)
2111 silly packumentCache full:https://registry.npmjs.org/which-builtin-type set size:undefined disposed:false
2112 silly placeDep ROOT which-builtin-type@1.2.1 OK for: reflect.getprototypeof@1.0.10 want: ^1.2.1
2113 silly fetch manifest is-async-function@^2.0.0
2114 silly packumentCache full:https://registry.npmjs.org/is-async-function cache-miss
2115 silly fetch manifest is-finalizationregistry@^1.1.0
2116 silly packumentCache full:https://registry.npmjs.org/is-finalizationregistry cache-miss
2117 silly fetch manifest is-generator-function@^1.0.10
2118 silly packumentCache full:https://registry.npmjs.org/is-generator-function cache-miss
2119 silly fetch manifest which-boxed-primitive@^1.1.0
2120 silly packumentCache full:https://registry.npmjs.org/which-boxed-primitive cache-miss
2121 silly fetch manifest which-collection@^1.0.2
2122 silly packumentCache full:https://registry.npmjs.org/which-collection cache-miss
2123 http cache https://registry.npmjs.org/which-boxed-primitive 5ms (cache hit)
2124 silly packumentCache full:https://registry.npmjs.org/which-boxed-primitive set size:19407 disposed:false
2125 http fetch GET 200 https://registry.npmjs.org/is-generator-function 84ms (cache miss)
2126 silly packumentCache full:https://registry.npmjs.org/is-generator-function set size:undefined disposed:false
2127 http fetch GET 200 https://registry.npmjs.org/which-collection 86ms (cache miss)
2128 silly packumentCache full:https://registry.npmjs.org/which-collection set size:undefined disposed:false
2129 http fetch GET 200 https://registry.npmjs.org/is-finalizationregistry 136ms (cache miss)
2130 silly packumentCache full:https://registry.npmjs.org/is-finalizationregistry set size:undefined disposed:false
2131 http fetch GET 200 https://registry.npmjs.org/is-async-function 138ms (cache miss)
2132 silly packumentCache full:https://registry.npmjs.org/is-async-function set size:undefined disposed:false
2133 silly fetch manifest eslint@^8.57.0 || ^9.0.0 || ^10.0.0
2134 silly packumentCache full:https://registry.npmjs.org/eslint cache-miss
2135 http cache https://registry.npmjs.org/eslint 5ms (cache hit)
2136 silly packumentCache full:https://registry.npmjs.org/eslint set size:2048190 disposed:false
2137 silly placeDep ROOT @typescript-eslint/eslint-plugin@8.67.0 OK for: typescript-eslint@8.67.0 want: 8.67.0
2138 silly placeDep ROOT @typescript-eslint/parser@8.67.0 OK for: @typescript-eslint/eslint-plugin@8.67.0 want: ^8.67.0
2139 silly placeDep ROOT @typescript-eslint/typescript-estree@8.67.0 OK for: typescript-eslint@8.67.0 want: 8.67.0
2140 silly placeDep ROOT @typescript-eslint/utils@8.67.0 OK for: typescript-eslint@8.67.0 want: 8.67.0
2141 silly fetch manifest ignore@^7.0.5
2142 silly packumentCache full:https://registry.npmjs.org/ignore cache-miss
2143 silly fetch manifest ts-api-utils@^2.5.0
2144 silly packumentCache full:https://registry.npmjs.org/ts-api-utils cache-miss
2145 silly fetch manifest @typescript-eslint/type-utils@8.67.0
2146 silly packumentCache full:https://registry.npmjs.org/@typescript-eslint%2ftype-utils cache-miss
2147 silly fetch manifest @typescript-eslint/visitor-keys@8.67.0
2148 silly packumentCache full:https://registry.npmjs.org/@typescript-eslint%2fvisitor-keys cache-miss
2149 silly fetch manifest @typescript-eslint/scope-manager@8.67.0
2150 silly packumentCache full:https://registry.npmjs.org/@typescript-eslint%2fscope-manager cache-miss
2151 silly fetch manifest @typescript-eslint/types@8.67.0
2152 silly packumentCache full:https://registry.npmjs.org/@typescript-eslint%2ftypes cache-miss
2153 silly fetch manifest @typescript-eslint/visitor-keys@8.67.0
2154 silly packumentCache full:https://registry.npmjs.org/@typescript-eslint%2fvisitor-keys cache-miss
2155 silly fetch manifest @typescript-eslint/scope-manager@8.67.0
2156 silly packumentCache full:https://registry.npmjs.org/@typescript-eslint%2fscope-manager cache-miss
2157 silly fetch manifest semver@^7.7.3
2158 silly packumentCache full:https://registry.npmjs.org/semver cache-hit
2159 silly fetch manifest minimatch@^10.2.2
2160 silly packumentCache full:https://registry.npmjs.org/minimatch cache-miss
2161 http cache https://registry.npmjs.org/ignore 5ms (cache hit)
2162 silly packumentCache full:https://registry.npmjs.org/ignore set size:240910 disposed:false
2163 silly fetch manifest ts-api-utils@^2.5.0
2164 silly packumentCache full:https://registry.npmjs.org/ts-api-utils cache-miss
2165 http cache https://registry.npmjs.org/minimatch 6ms (cache hit)
2166 silly packumentCache full:https://registry.npmjs.org/minimatch set size:377924 disposed:false
2167 silly fetch manifest @typescript-eslint/types@8.67.0
2168 silly packumentCache full:https://registry.npmjs.org/@typescript-eslint%2ftypes cache-miss
2169 http fetch GET 200 https://registry.npmjs.org/ts-api-utils 155ms (cache miss)
2170 silly packumentCache full:https://registry.npmjs.org/ts-api-utils set size:undefined disposed:false
2171 silly fetch manifest @typescript-eslint/visitor-keys@8.67.0
2172 silly packumentCache full:https://registry.npmjs.org/@typescript-eslint%2fvisitor-keys cache-miss
2173 http fetch GET 200 https://registry.npmjs.org/ts-api-utils 259ms (cache miss)
2174 silly packumentCache full:https://registry.npmjs.org/ts-api-utils set size:undefined disposed:false
2175 silly fetch manifest @typescript-eslint/tsconfig-utils@8.67.0
2176 silly packumentCache full:https://registry.npmjs.org/@typescript-eslint%2ftsconfig-utils cache-miss
2177 http fetch GET 200 https://registry.npmjs.org/@typescript-eslint%2ftsconfig-utils 7282ms (cache miss)
2178 silly packumentCache full:https://registry.npmjs.org/@typescript-eslint%2ftsconfig-utils set size:undefined disposed:false
2179 silly fetch manifest @typescript-eslint/project-service@8.67.0
2180 silly packumentCache full:https://registry.npmjs.org/@typescript-eslint%2fproject-service cache-miss
2181 http fetch GET 200 https://registry.npmjs.org/@typescript-eslint%2fproject-service 11639ms (cache miss)
2182 silly packumentCache full:https://registry.npmjs.org/@typescript-eslint%2fproject-service set size:undefined disposed:false
2183 silly fetch manifest @typescript-eslint/types@8.67.0
2184 silly packumentCache full:https://registry.npmjs.org/@typescript-eslint%2ftypes cache-miss
2185 http fetch GET 200 https://registry.npmjs.org/@typescript-eslint%2ftype-utils 33844ms (cache miss)
2186 silly packumentCache full:https://registry.npmjs.org/@typescript-eslint%2ftype-utils set size:undefined disposed:false
2187 silly fetch manifest @typescript-eslint/scope-manager@8.67.0
2188 silly packumentCache full:https://registry.npmjs.org/@typescript-eslint%2fscope-manager cache-miss
2189 http fetch GET 200 https://registry.npmjs.org/@typescript-eslint%2fvisitor-keys 46934ms (cache miss)
2190 silly packumentCache full:https://registry.npmjs.org/@typescript-eslint%2fvisitor-keys set size:undefined disposed:false
2191 http fetch GET 200 https://registry.npmjs.org/@typescript-eslint%2fvisitor-keys 48358ms (cache miss)
2192 silly packumentCache full:https://registry.npmjs.org/@typescript-eslint%2fvisitor-keys set size:undefined disposed:false
2193 http fetch GET 200 https://registry.npmjs.org/@typescript-eslint%2ftypes 48975ms (cache miss)
2194 silly packumentCache full:https://registry.npmjs.org/@typescript-eslint%2ftypes set size:undefined disposed:false
2195 http fetch GET 200 https://registry.npmjs.org/@typescript-eslint%2fscope-manager 49029ms (cache miss)
2196 silly packumentCache full:https://registry.npmjs.org/@typescript-eslint%2fscope-manager set size:undefined disposed:false
2197 http fetch GET 200 https://registry.npmjs.org/@typescript-eslint%2ftypes 49054ms (cache miss)
2198 silly packumentCache full:https://registry.npmjs.org/@typescript-eslint%2ftypes set size:undefined disposed:false
2199 http fetch GET 200 https://registry.npmjs.org/@typescript-eslint%2fscope-manager 49594ms (cache miss)
2200 silly packumentCache full:https://registry.npmjs.org/@typescript-eslint%2fscope-manager set size:undefined disposed:false
2201 http fetch GET 200 https://registry.npmjs.org/@typescript-eslint%2fvisitor-keys 50135ms (cache miss)
2202 silly packumentCache full:https://registry.npmjs.org/@typescript-eslint%2fvisitor-keys set size:undefined disposed:false
2203 http fetch GET 200 https://registry.npmjs.org/@typescript-eslint%2ftypes 35550ms (cache miss)
2204 silly packumentCache full:https://registry.npmjs.org/@typescript-eslint%2ftypes set size:undefined disposed:false
2205 http fetch GET 200 https://registry.npmjs.org/@typescript-eslint%2fscope-manager 24699ms (cache miss)
2206 silly packumentCache full:https://registry.npmjs.org/@typescript-eslint%2fscope-manager set size:undefined disposed:false
2207 silly placeDep ROOT @typescript-eslint/scope-manager@8.67.0 OK for: @typescript-eslint/eslint-plugin@8.67.0 want: 8.67.0
2208 silly placeDep ROOT @typescript-eslint/type-utils@8.67.0 OK for: @typescript-eslint/eslint-plugin@8.67.0 want: 8.67.0
2209 silly placeDep ROOT @typescript-eslint/visitor-keys@8.67.0 OK for: @typescript-eslint/eslint-plugin@8.67.0 want: 8.67.0
2210 silly placeDep node_modules/@typescript-eslint/eslint-plugin ignore@7.0.6 OK for: @typescript-eslint/eslint-plugin@8.67.0 want: ^7.0.5
2211 silly placeDep ROOT ts-api-utils@2.5.0 OK for: @typescript-eslint/eslint-plugin@8.67.0 want: ^2.5.0
2212 silly fetch manifest eslint-visitor-keys@^5.0.0
2213 silly packumentCache full:https://registry.npmjs.org/eslint-visitor-keys cache-hit
2214 silly placeDep ROOT @typescript-eslint/types@8.67.0 OK for: @typescript-eslint/parser@8.67.0 want: 8.67.0
2215 silly placeDep ROOT @typescript-eslint/project-service@8.67.0 OK for: @typescript-eslint/typescript-estree@8.67.0 want: 8.67.0
2216 silly placeDep ROOT @typescript-eslint/tsconfig-utils@8.67.0 OK for: @typescript-eslint/typescript-estree@8.67.0 want: 8.67.0
2217 silly placeDep node_modules/@typescript-eslint/typescript-estree minimatch@10.2.6 OK for: @typescript-eslint/typescript-estree@8.67.0 want: ^10.2.2
2218 silly placeDep node_modules/@typescript-eslint/typescript-estree semver@7.8.5 OK for: @typescript-eslint/typescript-estree@8.67.0 want: ^7.7.3
2219 silly fetch manifest @typescript-eslint/tsconfig-utils@^8.67.0
2220 silly packumentCache full:https://registry.npmjs.org/@typescript-eslint%2ftsconfig-utils cache-miss
2221 silly fetch manifest brace-expansion@^5.0.8
2222 silly packumentCache full:https://registry.npmjs.org/brace-expansion cache-miss
2223 http cache https://registry.npmjs.org/brace-expansion 2ms (cache hit)
2224 silly packumentCache full:https://registry.npmjs.org/brace-expansion set size:101024 disposed:false
2225 http cache https://registry.npmjs.org/@typescript-eslint%2ftsconfig-utils 3ms (cache hit)
2226 silly packumentCache full:https://registry.npmjs.org/@typescript-eslint%2ftsconfig-utils set size:1693315 disposed:false
2227 silly placeDep node_modules/@typescript-eslint/visitor-keys eslint-visitor-keys@5.0.1 OK for: @typescript-eslint/visitor-keys@8.67.0 want: ^5.0.0
2228 silly placeDep ROOT has-bigints@1.1.0 OK for: unbox-primitive@1.1.0 want: ^1.0.2
2229 silly placeDep ROOT which-boxed-primitive@1.1.1 OK for: unbox-primitive@1.1.0 want: ^1.1.1
2230 silly fetch manifest is-bigint@^1.1.0
2231 silly packumentCache full:https://registry.npmjs.org/is-bigint cache-miss
2232 silly fetch manifest is-boolean-object@^1.2.1
2233 silly packumentCache full:https://registry.npmjs.org/is-boolean-object cache-miss
2234 silly fetch manifest is-number-object@^1.1.1
2235 silly packumentCache full:https://registry.npmjs.org/is-number-object cache-miss
2236 http fetch GET 200 https://registry.npmjs.org/is-bigint 74ms (cache miss)
2237 silly packumentCache full:https://registry.npmjs.org/is-bigint set size:undefined disposed:false
2238 http fetch GET 200 https://registry.npmjs.org/is-number-object 180ms (cache miss)
2239 silly packumentCache full:https://registry.npmjs.org/is-number-object set size:undefined disposed:false
2240 http fetch GET 200 https://registry.npmjs.org/is-boolean-object 181ms (cache miss)
2241 silly packumentCache full:https://registry.npmjs.org/is-boolean-object set size:undefined disposed:false
2242 silly placeDep ROOT @unrs/resolver-binding-android-arm-eabi@1.12.2 OK for: unrs-resolver@1.12.2 want: 1.12.2
2243 silly placeDep ROOT @unrs/resolver-binding-android-arm64@1.12.2 OK for: unrs-resolver@1.12.2 want: 1.12.2
2244 silly placeDep ROOT @unrs/resolver-binding-darwin-arm64@1.12.2 OK for: unrs-resolver@1.12.2 want: 1.12.2
2245 silly placeDep ROOT @unrs/resolver-binding-darwin-x64@1.12.2 OK for: unrs-resolver@1.12.2 want: 1.12.2
2246 silly placeDep ROOT @unrs/resolver-binding-freebsd-x64@1.12.2 OK for: unrs-resolver@1.12.2 want: 1.12.2
2247 silly placeDep ROOT @unrs/resolver-binding-linux-arm-gnueabihf@1.12.2 OK for: unrs-resolver@1.12.2 want: 1.12.2
2248 silly placeDep ROOT @unrs/resolver-binding-linux-arm-musleabihf@1.12.2 OK for: unrs-resolver@1.12.2 want: 1.12.2
2249 silly placeDep ROOT @unrs/resolver-binding-linux-arm64-gnu@1.12.2 OK for: unrs-resolver@1.12.2 want: 1.12.2
2250 silly placeDep ROOT @unrs/resolver-binding-linux-arm64-musl@1.12.2 OK for: unrs-resolver@1.12.2 want: 1.12.2
2251 silly placeDep ROOT @unrs/resolver-binding-linux-loong64-gnu@1.12.2 OK for: unrs-resolver@1.12.2 want: 1.12.2
2252 silly placeDep ROOT @unrs/resolver-binding-linux-loong64-musl@1.12.2 OK for: unrs-resolver@1.12.2 want: 1.12.2
2253 silly placeDep ROOT @unrs/resolver-binding-linux-ppc64-gnu@1.12.2 OK for: unrs-resolver@1.12.2 want: 1.12.2
2254 silly placeDep ROOT @unrs/resolver-binding-linux-riscv64-gnu@1.12.2 OK for: unrs-resolver@1.12.2 want: 1.12.2
2255 silly placeDep ROOT @unrs/resolver-binding-linux-riscv64-musl@1.12.2 OK for: unrs-resolver@1.12.2 want: 1.12.2
2256 silly placeDep ROOT @unrs/resolver-binding-linux-s390x-gnu@1.12.2 OK for: unrs-resolver@1.12.2 want: 1.12.2
2257 silly placeDep ROOT @unrs/resolver-binding-linux-x64-gnu@1.12.2 OK for: unrs-resolver@1.12.2 want: 1.12.2
2258 silly placeDep ROOT @unrs/resolver-binding-linux-x64-musl@1.12.2 OK for: unrs-resolver@1.12.2 want: 1.12.2
2259 silly placeDep ROOT @unrs/resolver-binding-openharmony-arm64@1.12.2 OK for: unrs-resolver@1.12.2 want: 1.12.2
2260 silly placeDep ROOT @unrs/resolver-binding-wasm32-wasi@1.12.2 OK for: unrs-resolver@1.12.2 want: 1.12.2
2261 silly placeDep ROOT @unrs/resolver-binding-win32-arm64-msvc@1.12.2 OK for: unrs-resolver@1.12.2 want: 1.12.2
2262 silly placeDep ROOT @unrs/resolver-binding-win32-ia32-msvc@1.12.2 OK for: unrs-resolver@1.12.2 want: 1.12.2
2263 silly placeDep ROOT @unrs/resolver-binding-win32-x64-msvc@1.12.2 OK for: unrs-resolver@1.12.2 want: 1.12.2
2264 silly placeDep ROOT napi-postinstall@0.3.4 OK for: unrs-resolver@1.12.2 want: ^0.3.4
2265 silly fetch manifest @napi-rs/wasm-runtime@^1.1.4
2266 silly packumentCache full:https://registry.npmjs.org/@napi-rs%2fwasm-runtime cache-miss
2267 silly fetch manifest @emnapi/core@1.10.0
2268 silly packumentCache full:https://registry.npmjs.org/@emnapi%2fcore cache-miss
2269 silly fetch manifest @emnapi/runtime@1.10.0
2270 silly packumentCache full:https://registry.npmjs.org/@emnapi%2fruntime cache-miss
2271 http cache https://registry.npmjs.org/@emnapi%2fruntime 3ms (cache hit)
2272 silly packumentCache full:https://registry.npmjs.org/@emnapi%2fruntime set size:125040 disposed:false
2273 http fetch GET 200 https://registry.npmjs.org/@emnapi%2fcore 211ms (cache miss)
2274 silly packumentCache full:https://registry.npmjs.org/@emnapi%2fcore set size:undefined disposed:false
2275 http fetch GET 200 https://registry.npmjs.org/@napi-rs%2fwasm-runtime 247ms (cache miss)
2276 silly packumentCache full:https://registry.npmjs.org/@napi-rs%2fwasm-runtime set size:undefined disposed:false
2277 silly placeDep ROOT @emnapi/core@1.10.0 OK for: @unrs/resolver-binding-wasm32-wasi@1.12.2 want: 1.10.0
2278 silly placeDep node_modules/@unrs/resolver-binding-wasm32-wasi @emnapi/runtime@1.10.0 OK for: @unrs/resolver-binding-wasm32-wasi@1.12.2 want: 1.10.0
2279 silly placeDep ROOT @napi-rs/wasm-runtime@1.2.3 OK for: @unrs/resolver-binding-wasm32-wasi@1.12.2 want: ^1.1.4
2280 silly fetch manifest @emnapi/wasi-threads@1.2.1
2281 silly packumentCache full:https://registry.npmjs.org/@emnapi%2fwasi-threads cache-miss
2282 silly fetch manifest @tybys/wasm-util@^0.10.3
2283 silly packumentCache full:https://registry.npmjs.org/@tybys%2fwasm-util cache-miss
2284 http fetch GET 200 https://registry.npmjs.org/@emnapi%2fwasi-threads 110ms (cache miss)
2285 silly packumentCache full:https://registry.npmjs.org/@emnapi%2fwasi-threads set size:undefined disposed:false
2286 http fetch GET 200 https://registry.npmjs.org/@tybys%2fwasm-util 149ms (cache miss)
2287 silly packumentCache full:https://registry.npmjs.org/@tybys%2fwasm-util set size:undefined disposed:false
2288 silly placeDep ROOT @emnapi/wasi-threads@1.2.1 OK for: @emnapi/core@1.10.0 want: 1.2.1
2289 silly placeDep ROOT @tybys/wasm-util@0.10.3 OK for: @napi-rs/wasm-runtime@1.2.3 want: ^0.10.3
2290 silly placeDep ROOT escalade@3.2.0 OK for: update-browserslist-db@1.3.1 want: ^3.2.0
2291 silly placeDep ROOT punycode@2.3.1 OK for: uri-js@4.4.1 want: ^2.1.0
2292 silly placeDep ROOT isexe@2.0.0 OK for: which@2.0.2 want: ^2.0.0
2293 silly placeDep ROOT is-bigint@1.1.0 OK for: which-boxed-primitive@1.1.1 want: ^1.1.0
2294 silly placeDep ROOT is-boolean-object@1.2.2 OK for: which-boxed-primitive@1.1.1 want: ^1.2.1
2295 silly placeDep ROOT is-number-object@1.1.1 OK for: which-boxed-primitive@1.1.1 want: ^1.1.1
2296 silly placeDep ROOT is-async-function@2.1.1 OK for: which-builtin-type@1.2.1 want: ^2.0.0
2297 silly placeDep ROOT is-finalizationregistry@1.1.1 OK for: which-builtin-type@1.2.1 want: ^1.1.0
2298 silly placeDep ROOT is-generator-function@1.1.2 OK for: which-builtin-type@1.2.1 want: ^1.0.10
2299 silly placeDep ROOT which-collection@1.0.2 OK for: which-builtin-type@1.2.1 want: ^1.0.2
2300 silly fetch manifest async-function@^1.0.0
2301 silly packumentCache full:https://registry.npmjs.org/async-function cache-miss
2302 silly fetch manifest generator-function@^2.0.0
2303 silly packumentCache full:https://registry.npmjs.org/generator-function cache-miss
2304 silly fetch manifest is-map@^2.0.3
2305 silly packumentCache full:https://registry.npmjs.org/is-map cache-miss
2306 silly fetch manifest is-weakmap@^2.0.2
2307 silly packumentCache full:https://registry.npmjs.org/is-weakmap cache-miss
2308 silly fetch manifest is-weakset@^2.0.3
2309 silly packumentCache full:https://registry.npmjs.org/is-weakset cache-miss
2310 http fetch GET 200 https://registry.npmjs.org/is-map 192ms (cache miss)
2311 silly packumentCache full:https://registry.npmjs.org/is-map set size:undefined disposed:false
2312 http fetch GET 200 https://registry.npmjs.org/async-function 192ms (cache miss)
2313 silly packumentCache full:https://registry.npmjs.org/async-function set size:undefined disposed:false
2314 http fetch GET 200 https://registry.npmjs.org/generator-function 193ms (cache miss)
2315 silly packumentCache full:https://registry.npmjs.org/generator-function set size:undefined disposed:false
2316 http fetch GET 200 https://registry.npmjs.org/is-weakmap 194ms (cache miss)
2317 silly packumentCache full:https://registry.npmjs.org/is-weakmap set size:undefined disposed:false
2318 http fetch GET 200 https://registry.npmjs.org/is-weakset 231ms (cache miss)
2319 silly packumentCache full:https://registry.npmjs.org/is-weakset set size:undefined disposed:false
2320 silly placeDep ROOT async-function@1.0.0 OK for: is-async-function@2.1.1 want: ^1.0.0
2321 silly placeDep ROOT generator-function@2.0.1 OK for: is-generator-function@1.1.2 want: ^2.0.0
2322 silly placeDep ROOT is-map@2.0.3 OK for: which-collection@1.0.2 want: ^2.0.3
2323 silly placeDep ROOT is-weakmap@2.0.2 OK for: which-collection@1.0.2 want: ^2.0.2
2324 silly placeDep ROOT is-weakset@2.0.4 OK for: which-collection@1.0.2 want: ^2.0.3
2325 silly placeDep node_modules/@next/eslint-plugin-next eslint-visitor-keys@3.4.3 OK for: @eslint-community/eslint-utils@4.9.1 want: ^3.4.3
2326 silly placeDep node_modules/@typescript-eslint/typescript-estree brace-expansion@5.0.9 OK for: minimatch@10.2.6 want: ^5.0.8
2327 silly fetch manifest balanced-match@^4.0.2
2328 silly packumentCache full:https://registry.npmjs.org/balanced-match cache-miss
2329 http cache https://registry.npmjs.org/balanced-match 1ms (cache hit)
2330 silly packumentCache full:https://registry.npmjs.org/balanced-match set size:39082 disposed:false
2331 silly placeDep node_modules/@typescript-eslint/typescript-estree balanced-match@4.0.4 OK for: brace-expansion@5.0.9 want: ^4.0.2
2332 silly reify moves {}
2333 silly audit bulk request {
2333 silly audit   '@types/node': [ '20.19.43' ],
2333 silly audit   '@types/react': [ '19.2.18' ],
2333 silly audit   '@types/react-dom': [ '19.2.4' ],
2333 silly audit   eslint: [ '9.39.5' ],
2333 silly audit   'eslint-config-next': [ '16.3.1' ],
2333 silly audit   next: [ '16.3.1' ],
2333 silly audit   react: [ '19.2.8' ],
2333 silly audit   'react-dom': [ '19.2.8' ],
2333 silly audit   typescript: [ '5.9.3' ],
2333 silly audit   'undici-types': [ '6.21.0' ],
2333 silly audit   csstype: [ '3.2.3' ],
2333 silly audit   '@eslint-community/eslint-utils': [ '4.10.1', '4.9.1' ],
2333 silly audit   '@eslint-community/regexpp': [ '4.12.2' ],
2333 silly audit   '@eslint/config-array': [ '0.21.2' ],
2333 silly audit   '@eslint/config-helpers': [ '0.4.2' ],
2333 silly audit   '@eslint/core': [ '0.17.0' ],
2333 silly audit   '@eslint/eslintrc': [ '3.3.6' ],
2333 silly audit   '@eslint/js': [ '9.39.5' ],
2333 silly audit   '@eslint/plugin-kit': [ '0.4.1' ],
2333 silly audit   '@humanfs/node': [ '0.16.8' ],
2333 silly audit   '@humanwhocodes/module-importer': [ '1.0.1' ],
2333 silly audit   '@humanwhocodes/retry': [ '0.4.3' ],
2333 silly audit   '@types/estree': [ '1.0.9' ],
2333 silly audit   ajv: [ '6.15.0' ],
2333 silly audit   chalk: [ '4.1.2' ],
2333 silly audit   'cross-spawn': [ '7.0.6' ],
2333 silly audit   debug: [ '4.4.3', '3.2.7' ],
2333 silly audit   'escape-string-regexp': [ '4.0.0' ],
2333 silly audit   'eslint-scope': [ '8.4.0' ],
2333 silly audit   'eslint-visitor-keys': [ '4.2.1', '3.4.3', '5.0.1' ],
2333 silly audit   espree: [ '10.4.0' ],
2333 silly audit   esquery: [ '1.7.0' ],
2333 silly audit   esutils: [ '2.0.3' ],
2333 silly audit   'fast-deep-equal': [ '3.1.3' ],
2333 silly audit   'file-entry-cache': [ '8.0.0' ],
2333 silly audit   'find-up': [ '5.0.0' ],
2333 silly audit   'glob-parent': [ '6.0.2', '5.1.2' ],
2333 silly audit   ignore: [ '5.3.2', '7.0.6' ],
2333 silly audit   imurmurhash: [ '0.1.4' ],
2333 silly audit   'is-glob': [ '4.0.3' ],
2333 silly audit   'json-stable-stringify-without-jsonify': [ '1.0.1' ],
2333 silly audit   'lodash.merge': [ '4.6.2' ],
2333 silly audit   minimatch: [ '3.1.5', '10.2.6' ],
2333 silly audit   'natural-compare': [ '1.4.0' ],
2333 silly audit   optionator: [ '0.9.4' ],
2333 silly audit   '@eslint/object-schema': [ '2.1.7' ],
2333 silly audit   '@types/json-schema': [ '7.0.15' ],
2333 silly audit   globals: [ '14.0.0', '16.4.0' ],
2333 silly audit   'import-fresh': [ '3.3.1' ],
2333 silly audit   'js-yaml': [ '4.3.1' ],
2333 silly audit   'strip-json-comments': [ '3.1.1' ],
2333 silly audit   levn: [ '0.4.1' ],
2333 silly audit   '@humanfs/core': [ '0.19.2' ],
2333 silly audit   '@humanfs/types': [ '0.15.0' ],
2333 silly audit   'fast-json-stable-stringify': [ '2.1.0' ],
2333 silly audit   'json-schema-traverse': [ '0.4.1' ],
2333 silly audit   'uri-js': [ '4.4.1' ],
2333 silly audit   'ansi-styles': [ '4.3.0' ],
2333 silly audit   'supports-color': [ '7.2.0' ],
2333 silly audit   'color-convert': [ '2.0.1' ],
2333 silly audit   'color-name': [ '1.1.4' ],
2333 silly audit   'path-key': [ '3.1.1' ],
2333 silly audit   'shebang-command': [ '2.0.0' ],
2333 silly audit   which: [ '2.0.2' ],
2333 silly audit   ms: [ '2.1.3' ],
2333 silly audit   '@next/eslint-plugin-next': [ '16.3.1' ],
2333 silly audit   'eslint-import-resolver-node': [ '0.3.10' ],
2333 silly audit   'eslint-import-resolver-typescript': [ '3.10.1' ],
2333 silly audit   'eslint-plugin-import': [ '2.32.0' ],
2333 silly audit   'eslint-plugin-jsx-a11y': [ '6.10.2' ],
2333 silly audit   'eslint-plugin-react': [ '7.37.5' ],
2333 silly audit   'eslint-plugin-react-hooks': [ '7.1.1' ],
2333 silly audit   'typescript-eslint': [ '8.67.0' ],
2333 silly audit   'fast-glob': [ '3.3.1' ],
2333 silly audit   'is-core-module': [ '2.16.2' ],
2333 silly audit   resolve: [ '2.0.0-next.7' ],
2333 silly audit   '@nolyfill/is-core-module': [ '1.0.39' ],
2333 silly audit   'get-tsconfig': [ '4.14.3' ],
2333 silly audit   'is-bun-module': [ '2.0.0' ],
2333 silly audit   'stable-hash': [ '0.0.5' ],
2333 silly audit   tinyglobby: [ '0.2.17' ],
2333 silly audit   'unrs-resolver': [ '1.12.2' ],
2333 silly audit   '@rtsao/scc': [ '1.1.0' ],
2333 silly audit   'array-includes': [ '3.1.9' ],
2333 silly audit   'array.prototype.findlastindex': [ '1.2.6' ],
2333 silly audit   'array.prototype.flat': [ '1.3.3' ],
2333 silly audit   'array.prototype.flatmap': [ '1.3.3' ],
2333 silly audit   doctrine: [ '2.1.0' ],
2333 silly audit   'eslint-module-utils': [ '2.14.0' ],
2333 silly audit   hasown: [ '2.0.4' ],
2333 silly audit   'object.fromentries': [ '2.0.8' ],
2333 silly audit   'object.groupby': [ '1.0.3' ],
2333 silly audit   'object.values': [ '1.2.1' ],
2333 silly audit   semver: [ '6.3.1', '7.8.5' ],
2333 silly audit   'string.prototype.trimend': [ '1.0.10' ],
2333 silly audit   'tsconfig-paths': [ '3.15.0' ],
2333 silly audit   'call-bind': [ '1.0.9' ],
2333 silly audit   'call-bound': [ '1.0.4' ],
2333 silly audit   'define-properties': [ '1.2.1' ],
2333 silly audit   'es-abstract': [ '1.24.2' ],
2333 silly audit   'es-object-atoms': [ '1.1.2' ],
2333 silly audit   'get-intrinsic': [ '1.3.0' ],
2333 silly audit   'is-string': [ '1.1.1' ],
2333 silly audit   'math-intrinsics': [ '1.1.0' ],
2333 silly audit   'es-errors': [ '1.3.0' ],
2333 silly audit   'es-shim-unscopables': [ '1.1.0' ],
2333 silly audit   'call-bind-apply-helpers': [ '1.0.2' ],
2333 silly audit   'es-define-property': [ '1.0.1' ],
2333 silly audit   'set-function-length': [ '1.2.2' ],
2333 silly audit   'function-bind': [ '1.1.2' ],
2333 silly audit   'define-data-property': [ '1.1.4' ],
2333 silly audit   'has-property-descriptors': [ '1.0.2' ],
2333 silly audit   'object-keys': [ '1.1.1' ],
2333 silly audit   gopd: [ '1.2.0' ],
2333 silly audit   'array-buffer-byte-length': [ '1.0.2' ],
2333 silly audit   'arraybuffer.prototype.slice': [ '1.0.4' ],
2333 silly audit   'available-typed-arrays': [ '1.0.7' ],
2333 silly audit   'data-view-buffer': [ '1.0.2' ],
2333 silly audit   'data-view-byte-length': [ '1.0.2' ],
2333 silly audit   'data-view-byte-offset': [ '1.0.1' ],
2333 silly audit   'es-set-tostringtag': [ '2.1.0' ],
2333 silly audit   'es-to-primitive': [ '1.3.4' ],
2333 silly audit   'function.prototype.name': [ '1.2.0' ],
2333 silly audit   'get-proto': [ '1.0.1' ],
2333 silly audit   'get-symbol-description': [ '1.1.0' ],
2333 silly audit   globalthis: [ '1.0.4' ],
2333 silly audit   'has-proto': [ '1.2.0' ],
2333 silly audit   'has-symbols': [ '1.1.0' ],
2333 silly audit   'internal-slot': [ '1.1.0' ],
2333 silly audit   'is-array-buffer': [ '3.0.5' ],
2333 silly audit   'is-callable': [ '1.2.7' ],
2333 silly audit   'is-data-view': [ '1.0.2' ],
2333 silly audit   'is-negative-zero': [ '2.0.3' ],
2333 silly audit   'is-regex': [ '1.2.1' ],
2333 silly audit   'is-set': [ '2.0.3' ],
2333 silly audit   'is-shared-array-buffer': [ '1.0.4' ],
2333 silly audit   'is-typed-array': [ '1.1.15' ],
2333 silly audit   'is-weakref': [ '1.1.1' ],
2333 silly audit   'object-inspect': [ '1.13.4' ],
2333 silly audit   'object.assign': [ '4.1.7' ],
2333 silly audit   'own-keys': [ '1.0.2' ],
2333 silly audit   'regexp.prototype.flags': [ '1.5.4' ],
2333 silly audit   'safe-array-concat': [ '1.1.4' ],
2333 silly audit   'safe-push-apply': [ '1.0.0' ],
2333 silly audit   'safe-regex-test': [ '1.1.0' ],
2333 silly audit   'set-proto': [ '1.0.0' ],
2333 silly audit   'stop-iteration-iterator': [ '1.1.0' ],
2333 silly audit   'string.prototype.trim': [ '1.2.11' ],
2333 silly audit   'string.prototype.trimstart': [ '1.0.8' ],
2333 silly audit   'typed-array-buffer': [ '1.0.3' ],
2333 silly audit   'typed-array-byte-length': [ '1.0.3' ],
2333 silly audit   'typed-array-byte-offset': [ '1.0.4' ],
2333 silly audit   'typed-array-length': [ '1.0.8' ],
2333 silly audit   'unbox-primitive': [ '1.1.0' ],
2333 silly audit   'which-typed-array': [ '1.1.22' ],
2333 silly audit   'possible-typed-array-names': [ '1.1.0' ],
2333 silly audit   'has-tostringtag': [ '1.0.2' ],
2333 silly audit   'es-abstract-get': [ '1.0.0' ],
2333 silly audit   'is-date-object': [ '1.1.0' ],
2333 silly audit   'is-symbol': [ '1.1.1' ],
2333 silly audit   'aria-query': [ '5.3.2' ],
2333 silly audit   'ast-types-flow': [ '0.0.8' ],
2333 silly audit   'axe-core': [ '4.13.0' ],
2333 silly audit   'axobject-query': [ '4.1.0' ],
2333 silly audit   'damerau-levenshtein': [ '1.0.8' ],
2333 silly audit   'emoji-regex': [ '9.2.2' ],
2333 silly audit   'jsx-ast-utils': [ '3.3.5' ],
2333 silly audit   'language-tags': [ '1.0.9' ],
2333 silly audit   'string.prototype.includes': [ '2.0.1' ],
2333 silly audit   'array.prototype.findlast': [ '1.2.5' ],
2333 silly audit   'array.prototype.tosorted': [ '1.1.4' ],
2333 silly audit   'es-iterator-helpers': [ '1.4.0' ],
2333 silly audit   estraverse: [ '5.3.0' ],
2333 silly audit   'object.entries': [ '1.1.9' ],
2333 silly audit   'prop-types': [ '15.8.1' ],
2333 silly audit   'string.prototype.matchall': [ '4.0.12' ],
2333 silly audit   'string.prototype.repeat': [ '1.0.0' ],
2333 silly audit   'iterator.prototype': [ '1.1.5' ],
2333 silly audit   '@babel/core': [ '7.29.7' ],
2333 silly audit   '@babel/parser': [ '7.29.8' ],
2333 silly audit   'hermes-parser': [ '0.25.1' ],
2333 silly audit   zod: [ '4.4.3' ],
2333 silly audit   'zod-validation-error': [ '4.0.2' ],
2333 silly audit   '@babel/code-frame': [ '7.29.7' ],
2333 silly audit   '@babel/generator': [ '7.29.8' ],
2333 silly audit   '@babel/helper-compilation-targets': [ '7.29.7' ],
2333 silly audit   '@babel/helper-module-transforms': [ '7.29.7' ],
2333 silly audit   '@babel/helpers': [ '7.29.7' ],
2333 silly audit   '@babel/template': [ '7.29.7' ],
2333 silly audit   '@babel/traverse': [ '7.29.8' ],
2333 silly audit   '@babel/types': [ '7.29.8' ],
2333 silly audit   '@jridgewell/remapping': [ '2.3.5' ],
2333 silly audit   'convert-source-map': [ '2.0.0' ],
2333 silly audit   gensync: [ '1.0.0-beta.2' ],
2333 silly audit   json5: [ '2.2.3', '1.0.2' ],
2333 silly audit   '@babel/helper-validator-identifier': [ '7.29.7' ],
2333 silly audit   'js-tokens': [ '4.0.0' ],
2333 silly audit   picocolors: [ '1.1.1' ],
2333 silly audit   '@jridgewell/gen-mapping': [ '0.3.13' ],
2333 silly audit   '@jridgewell/trace-mapping': [ '0.3.31' ],
2333 silly audit   jsesc: [ '3.1.0' ],
2333 silly audit   '@babel/compat-data': [ '7.29.7' ],
2333 silly audit   '@babel/helper-validator-option': [ '7.29.7' ],
2333 silly audit   browserslist: [ '4.28.8' ],
2333 silly audit   'lru-cache': [ '5.1.1' ],
2333 silly audit   '@babel/helper-module-imports': [ '7.29.7' ],
2333 silly audit   '@babel/helper-globals': [ '7.29.7' ],
2333 silly audit   '@babel/helper-string-parser': [ '7.29.7' ],
2333 silly audit   '@jridgewell/sourcemap-codec': [ '1.5.5' ],
2333 silly audit   '@jridgewell/resolve-uri': [ '3.1.2' ],
2333 silly audit   'baseline-browser-mapping': [ '2.11.15' ],
2333 silly audit   'caniuse-lite': [ '1.0.30001809' ],
2333 silly audit   'electron-to-chromium': [ '1.5.408' ],
2333 silly audit   'node-releases': [ '2.0.53' ],
2333 silly audit   'update-browserslist-db': [ '1.3.1' ],
2333 silly audit   esrecurse: [ '4.3.0' ],
2333 silly audit   acorn: [ '8.18.0' ],
2333 silly audit   'acorn-jsx': [ '5.3.2' ],
2333 silly audit   '@nodelib/fs.stat': [ '2.0.5' ],
2333 silly audit   '@nodelib/fs.walk': [ '1.2.8' ],
2333 silly audit   merge2: [ '1.4.1' ],
2333 silly audit   micromatch: [ '4.0.8' ],
2333 silly audit   '@nodelib/fs.scandir': [ '2.1.5' ],
2333 silly audit   fastq: [ '1.20.1' ],
2333 silly audit   'run-parallel': [ '1.2.0' ],
2333 silly audit   reusify: [ '1.1.0' ],
2333 silly audit   'flat-cache': [ '4.0.1' ],
2333 silly audit   'locate-path': [ '6.0.0' ],
2333 silly audit   'path-exists': [ '4.0.0' ],
2333 silly audit   flatted: [ '3.4.4' ],
2333 silly audit   keyv: [ '4.5.4' ],
2333 silly audit   'functions-have-names': [ '1.2.3' ],
2333 silly audit   'is-document.all': [ '1.0.0' ],
2333 silly audit   'dunder-proto': [ '1.0.1' ],
2333 silly audit   'resolve-pkg-maps': [ '1.0.0' ],
2333 silly audit   'hermes-estree': [ '0.25.1' ],
2333 silly audit   'parent-module': [ '1.0.1' ],
2333 silly audit   'resolve-from': [ '4.0.0' ],
2333 silly audit   'side-channel': [ '1.1.1' ],
2333 silly audit   'is-extglob': [ '2.1.1' ],
2333 silly audit   'set-function-name': [ '2.0.2' ],
2333 silly audit   argparse: [ '2.0.1' ],
2333 silly audit   'json-buffer': [ '3.0.1' ],
2333 silly audit   'language-subtag-registry': [ '0.3.23' ],
2333 silly audit   'prelude-ls': [ '1.2.1' ],
2333 silly audit   'type-check': [ '0.4.0' ],
2333 silly audit   'p-locate': [ '5.0.0' ],
2333 silly audit   yallist: [ '3.1.1' ],
2333 silly audit   braces: [ '3.0.3' ],
2333 silly audit   picomatch: [ '2.3.2', '4.0.5' ],
2333 silly audit   'fill-range': [ '7.1.1' ],
2333 silly audit   'to-regex-range': [ '5.0.1' ],
2333 silly audit   'brace-expansion': [ '1.1.18', '5.0.9' ],
2333 silly audit   'balanced-match': [ '1.0.2', '4.0.4' ],
2333 silly audit   'concat-map': [ '0.0.1' ],
2333 silly audit   '@next/env': [ '16.3.1' ],
2333 silly audit   '@next/swc-darwin-arm64': [ '16.3.1' ],
2333 silly audit   '@next/swc-darwin-x64': [ '16.3.1' ],
2333 silly audit   '@next/swc-linux-arm64-gnu': [ '16.3.1' ],
2333 silly audit   '@next/swc-linux-arm64-musl': [ '16.3.1' ],
2333 silly audit   '@next/swc-linux-x64-gnu': [ '16.3.1' ],
2333 silly audit   '@next/swc-linux-x64-musl': [ '16.3.1' ],
2333 silly audit   '@next/swc-win32-arm64-msvc': [ '16.3.1' ],
2333 silly audit   '@next/swc-win32-x64-msvc': [ '16.3.1' ],
2333 silly audit   '@swc/helpers': [ '0.5.23' ],
2333 silly audit   postcss: [ '8.5.23' ],
2333 silly audit   sharp: [ '0.35.3' ],
2333 silly audit   'styled-jsx': [ '5.1.6' ],
2333 silly audit   tslib: [ '2.8.1' ],
2333 silly audit   'deep-is': [ '0.1.4' ],
2333 silly audit   'fast-levenshtein': [ '2.0.6' ],
2333 silly audit   'word-wrap': [ '1.2.5' ],
2333 silly audit   'p-limit': [ '3.1.0' ],
2333 silly audit   'yocto-queue': [ '0.1.0' ],
2333 silly audit   callsites: [ '3.1.0' ],
2333 silly audit   nanoid: [ '3.3.18' ],
2333 silly audit   'source-map-js': [ '1.2.1' ],
2333 silly audit   'loose-envify': [ '1.4.0' ],
2333 silly audit   'object-assign': [ '4.1.1' ],
2333 silly audit   'react-is': [ '16.13.1' ],
2333 silly audit   scheduler: [ '0.27.0' ],
2333 silly audit   'node-exports-info': [ '1.6.2' ],
2333 silly audit   'path-parse': [ '1.0.7' ],
2333 silly audit   'supports-preserve-symlinks-flag': [ '1.0.0' ],
2333 silly audit   'queue-microtask': [ '1.2.3' ],
2333 silly audit   isarray: [ '2.0.5' ],
2333 silly audit   '@img/colour': [ '1.1.0' ],
2333 silly audit   '@img/sharp-darwin-arm64': [ '0.35.3' ],
2333 silly audit   '@img/sharp-darwin-x64': [ '0.35.3' ],
2333 silly audit   '@img/sharp-freebsd-wasm32': [ '0.35.3' ],
2333 silly audit   '@img/sharp-libvips-darwin-arm64': [ '1.3.2' ],
2333 silly audit   '@img/sharp-libvips-darwin-x64': [ '1.3.2' ],
2333 silly audit   '@img/sharp-libvips-linux-arm': [ '1.3.2' ],
2333 silly audit   '@img/sharp-libvips-linux-arm64': [ '1.3.2' ],
2333 silly audit   '@img/sharp-libvips-linux-ppc64': [ '1.3.2' ],
2333 silly audit   '@img/sharp-libvips-linux-riscv64': [ '1.3.2' ],
2333 silly audit   '@img/sharp-libvips-linux-s390x': [ '1.3.2' ],
2333 silly audit   '@img/sharp-libvips-linux-x64': [ '1.3.2' ],
2333 silly audit   '@img/sharp-libvips-linuxmusl-arm64': [ '1.3.2' ],
2333 silly audit   '@img/sharp-libvips-linuxmusl-x64': [ '1.3.2' ],
2333 silly audit   '@img/sharp-linux-arm': [ '0.35.3' ],
2333 silly audit   '@img/sharp-linux-arm64': [ '0.35.3' ],
2333 silly audit   '@img/sharp-linux-ppc64': [ '0.35.3' ],
2333 silly audit   '@img/sharp-linux-riscv64': [ '0.35.3' ],
2333 silly audit   '@img/sharp-linux-s390x': [ '0.35.3' ],
2333 silly audit   '@img/sharp-linux-x64': [ '0.35.3' ],
2333 silly audit   '@img/sharp-linuxmusl-arm64': [ '0.35.3' ],
2333 silly audit   '@img/sharp-linuxmusl-x64': [ '0.35.3' ],
2333 silly audit   '@img/sharp-webcontainers-wasm32': [ '0.35.3' ],
2333 silly audit   '@img/sharp-win32-arm64': [ '0.35.3' ],
2333 silly audit   '@img/sharp-win32-ia32': [ '0.35.3' ],
2333 silly audit   '@img/sharp-win32-x64': [ '0.35.3' ],
2333 silly audit   'detect-libc': [ '2.1.2' ],
2333 silly audit   '@img/sharp-wasm32': [ '0.35.3' ],
2333 silly audit   '@emnapi/runtime': [ '1.11.3', '1.10.0' ],
2333 silly audit   'shebang-regex': [ '3.0.0' ],
2333 silly audit   'side-channel-list': [ '1.0.1' ],
2333 silly audit   'side-channel-map': [ '1.0.1' ],
2333 silly audit   'side-channel-weakmap': [ '1.0.2' ],
2333 silly audit   'client-only': [ '0.0.1' ],
2333 silly audit   'has-flag': [ '4.0.0' ],
2333 silly audit   fdir: [ '6.5.0' ],
2333 silly audit   'is-number': [ '7.0.0' ],
2333 silly audit   '@types/json5': [ '0.0.29' ],
2333 silly audit   minimist: [ '1.2.8' ],
2333 silly audit   'strip-bom': [ '3.0.0' ],
2333 silly audit   'for-each': [ '0.3.5' ],
2333 silly audit   'reflect.getprototypeof': [ '1.0.10' ],
2333 silly audit   'which-builtin-type': [ '1.2.1' ],
2333 silly audit   '@typescript-eslint/eslint-plugin': [ '8.67.0' ],
2333 silly audit   '@typescript-eslint/parser': [ '8.67.0' ],
2333 silly audit   '@typescript-eslint/typescript-estree': [ '8.67.0' ],
2333 silly audit   '@typescript-eslint/utils': [ '8.67.0' ],
2333 silly audit   '@typescript-eslint/scope-manager': [ '8.67.0' ],
2333 silly audit   '@typescript-eslint/type-utils': [ '8.67.0' ],
2333 silly audit   '@typescript-eslint/visitor-keys': [ '8.67.0' ],
2333 silly audit   'ts-api-utils': [ '2.5.0' ],
2333 silly audit   '@typescript-eslint/types': [ '8.67.0' ],
2333 silly audit   '@typescript-eslint/project-service': [ '8.67.0' ],
2333 silly audit   '@typescript-eslint/tsconfig-utils': [ '8.67.0' ],
2333 silly audit   'has-bigints': [ '1.1.0' ],
2333 silly audit   'which-boxed-primitive': [ '1.1.1' ],
2333 silly audit   '@unrs/resolver-binding-android-arm-eabi': [ '1.12.2' ],
2333 silly audit   '@unrs/resolver-binding-android-arm64': [ '1.12.2' ],
2333 silly audit   '@unrs/resolver-binding-darwin-arm64': [ '1.12.2' ],
2333 silly audit   '@unrs/resolver-binding-darwin-x64': [ '1.12.2' ],
2333 silly audit   '@unrs/resolver-binding-freebsd-x64': [ '1.12.2' ],
2333 silly audit   '@unrs/resolver-binding-linux-arm-gnueabihf': [ '1.12.2' ],
2333 silly audit   '@unrs/resolver-binding-linux-arm-musleabihf': [ '1.12.2' ],
2333 silly audit   '@unrs/resolver-binding-linux-arm64-gnu': [ '1.12.2' ],
2333 silly audit   '@unrs/resolver-binding-linux-arm64-musl': [ '1.12.2' ],
2333 silly audit   '@unrs/resolver-binding-linux-loong64-gnu': [ '1.12.2' ],
2333 silly audit   '@unrs/resolver-binding-linux-loong64-musl': [ '1.12.2' ],
2333 silly audit   '@unrs/resolver-binding-linux-ppc64-gnu': [ '1.12.2' ],
2333 silly audit   '@unrs/resolver-binding-linux-riscv64-gnu': [ '1.12.2' ],
2333 silly audit   '@unrs/resolver-binding-linux-riscv64-musl': [ '1.12.2' ],
2333 silly audit   '@unrs/resolver-binding-linux-s390x-gnu': [ '1.12.2' ],
2333 silly audit   '@unrs/resolver-binding-linux-x64-gnu': [ '1.12.2' ],
2333 silly audit   '@unrs/resolver-binding-linux-x64-musl': [ '1.12.2' ],
2333 silly audit   '@unrs/resolver-binding-openharmony-arm64': [ '1.12.2' ],
2333 silly audit   '@unrs/resolver-binding-wasm32-wasi': [ '1.12.2' ],
2333 silly audit   '@unrs/resolver-binding-win32-arm64-msvc': [ '1.12.2' ],
2333 silly audit   '@unrs/resolver-binding-win32-ia32-msvc': [ '1.12.2' ],
2333 silly audit   '@unrs/resolver-binding-win32-x64-msvc': [ '1.12.2' ],
2333 silly audit   'napi-postinstall': [ '0.3.4' ],
2333 silly audit   '@emnapi/core': [ '1.10.0' ],
2333 silly audit   '@napi-rs/wasm-runtime': [ '1.2.3' ],
2333 silly audit   '@emnapi/wasi-threads': [ '1.2.1' ],
2333 silly audit   '@tybys/wasm-util': [ '0.10.3' ],
2333 silly audit   escalade: [ '3.2.0' ],
2333 silly audit   punycode: [ '2.3.1' ],
2333 silly audit   isexe: [ '2.0.0' ],
2333 silly audit   'is-bigint': [ '1.1.0' ],
2333 silly audit   'is-boolean-object': [ '1.2.2' ],
2333 silly audit   'is-number-object': [ '1.1.1' ],
2333 silly audit   'is-async-function': [ '2.1.1' ],
2333 silly audit   'is-finalizationregistry': [ '1.1.1' ],
2333 silly audit   'is-generator-function': [ '1.1.2' ],
2333 silly audit   'which-collection': [ '1.0.2' ],
2333 silly audit   'async-function': [ '1.0.0' ],
2333 silly audit   'generator-function': [ '2.0.1' ],
2333 silly audit   'is-map': [ '2.0.3' ],
2333 silly audit   'is-weakmap': [ '2.0.2' ],
2333 silly audit   'is-weakset': [ '2.0.4' ]
2333 silly audit }
2334 http cache is-weakmap@https://registry.npmjs.org/is-weakmap/-/is-weakmap-2.0.2.tgz 0ms (cache hit)
2335 http cache is-weakset@https://registry.npmjs.org/is-weakset/-/is-weakset-2.0.4.tgz 0ms (cache hit)
2336 http cache async-function@https://registry.npmjs.org/async-function/-/async-function-1.0.0.tgz 0ms (cache hit)
2337 http cache is-map@https://registry.npmjs.org/is-map/-/is-map-2.0.3.tgz 0ms (cache hit)
2338 http cache generator-function@https://registry.npmjs.org/generator-function/-/generator-function-2.0.1.tgz 0ms (cache hit)
2339 http cache is-async-function@https://registry.npmjs.org/is-async-function/-/is-async-function-2.1.1.tgz 0ms (cache hit)
2340 http cache which-collection@https://registry.npmjs.org/which-collection/-/which-collection-1.0.2.tgz 0ms (cache hit)
2341 http cache is-generator-function@https://registry.npmjs.org/is-generator-function/-/is-generator-function-1.1.2.tgz 0ms (cache hit)
2342 http cache is-boolean-object@https://registry.npmjs.org/is-boolean-object/-/is-boolean-object-1.2.2.tgz 0ms (cache hit)
2343 http cache is-number-object@https://registry.npmjs.org/is-number-object/-/is-number-object-1.1.1.tgz 0ms (cache hit)
2344 http cache isexe@https://registry.npmjs.org/isexe/-/isexe-2.0.0.tgz 0ms (cache hit)
2345 http cache escalade@https://registry.npmjs.org/escalade/-/escalade-3.2.0.tgz 0ms (cache hit)
2346 http cache is-bigint@https://registry.npmjs.org/is-bigint/-/is-bigint-1.1.0.tgz 0ms (cache hit)
2347 http cache is-finalizationregistry@https://registry.npmjs.org/is-finalizationregistry/-/is-finalizationregistry-1.1.1.tgz 0ms (cache hit)
2348 http cache punycode@https://registry.npmjs.org/punycode/-/punycode-2.3.1.tgz 0ms (cache hit)
2349 http cache napi-postinstall@https://registry.npmjs.org/napi-postinstall/-/napi-postinstall-0.3.4.tgz 0ms (cache hit)
2350 http cache @unrs/resolver-binding-darwin-arm64@https://registry.npmjs.org/@unrs/resolver-binding-darwin-arm64/-/resolver-binding-darwin-arm64-1.12.2.tgz 0ms (cache hit)
2351 http cache which-boxed-primitive@https://registry.npmjs.org/which-boxed-primitive/-/which-boxed-primitive-1.1.1.tgz 0ms (cache hit)
2352 http cache @typescript-eslint/project-service@https://registry.npmjs.org/@typescript-eslint/project-service/-/project-service-8.67.0.tgz 0ms (cache hit)
2353 http cache has-bigints@https://registry.npmjs.org/has-bigints/-/has-bigints-1.1.0.tgz 0ms (cache hit)
2354 http cache @typescript-eslint/types@https://registry.npmjs.org/@typescript-eslint/types/-/types-8.67.0.tgz 0ms (cache hit)
2355 http cache ts-api-utils@https://registry.npmjs.org/ts-api-utils/-/ts-api-utils-2.5.0.tgz 0ms (cache hit)
2356 http cache @typescript-eslint/tsconfig-utils@https://registry.npmjs.org/@typescript-eslint/tsconfig-utils/-/tsconfig-utils-8.67.0.tgz 0ms (cache hit)
2357 http cache @typescript-eslint/visitor-keys@https://registry.npmjs.org/@typescript-eslint/visitor-keys/-/visitor-keys-8.67.0.tgz 0ms (cache hit)
2358 http cache @typescript-eslint/scope-manager@https://registry.npmjs.org/@typescript-eslint/scope-manager/-/scope-manager-8.67.0.tgz 0ms (cache hit)
2359 http cache @typescript-eslint/typescript-estree@https://registry.npmjs.org/@typescript-eslint/typescript-estree/-/typescript-estree-8.67.0.tgz 0ms (cache hit)
2360 http cache @typescript-eslint/utils@https://registry.npmjs.org/@typescript-eslint/utils/-/utils-8.67.0.tgz 0ms (cache hit)
2361 http cache which-builtin-type@https://registry.npmjs.org/which-builtin-type/-/which-builtin-type-1.2.1.tgz 0ms (cache hit)
2362 http cache @typescript-eslint/parser@https://registry.npmjs.org/@typescript-eslint/parser/-/parser-8.67.0.tgz 0ms (cache hit)
2363 http cache reflect.getprototypeof@https://registry.npmjs.org/reflect.getprototypeof/-/reflect.getprototypeof-1.0.10.tgz 0ms (cache hit)
2364 http cache @typescript-eslint/type-utils@https://registry.npmjs.org/@typescript-eslint/type-utils/-/type-utils-8.67.0.tgz 0ms (cache hit)
2365 http cache for-each@https://registry.npmjs.org/for-each/-/for-each-0.3.5.tgz 0ms (cache hit)
2366 http cache @typescript-eslint/eslint-plugin@https://registry.npmjs.org/@typescript-eslint/eslint-plugin/-/eslint-plugin-8.67.0.tgz 0ms (cache hit)
2367 http cache strip-bom@https://registry.npmjs.org/strip-bom/-/strip-bom-3.0.0.tgz 0ms (cache hit)
2368 http cache minimist@https://registry.npmjs.org/minimist/-/minimist-1.2.8.tgz 0ms (cache hit)
2369 http cache @types/json5@https://registry.npmjs.org/@types/json5/-/json5-0.0.29.tgz 0ms (cache hit)
2370 http cache client-only@https://registry.npmjs.org/client-only/-/client-only-0.0.1.tgz 0ms (cache hit)
2371 http cache is-number@https://registry.npmjs.org/is-number/-/is-number-7.0.0.tgz 0ms (cache hit)
2372 http cache has-flag@https://registry.npmjs.org/has-flag/-/has-flag-4.0.0.tgz 0ms (cache hit)
2373 http cache side-channel-map@https://registry.npmjs.org/side-channel-map/-/side-channel-map-1.0.1.tgz 0ms (cache hit)
2374 http cache side-channel-weakmap@https://registry.npmjs.org/side-channel-weakmap/-/side-channel-weakmap-1.0.2.tgz 0ms (cache hit)
2375 http cache @emnapi/runtime@https://registry.npmjs.org/@emnapi/runtime/-/runtime-1.11.3.tgz 0ms (cache hit)
2376 http cache shebang-regex@https://registry.npmjs.org/shebang-regex/-/shebang-regex-3.0.0.tgz 0ms (cache hit)
2377 http cache @img/colour@https://registry.npmjs.org/@img/colour/-/colour-1.1.0.tgz 0ms (cache hit)
2378 http cache @img/sharp-libvips-darwin-arm64@https://registry.npmjs.org/@img/sharp-libvips-darwin-arm64/-/sharp-libvips-darwin-arm64-1.3.2.tgz 0ms (cache hit)
2379 http cache side-channel-list@https://registry.npmjs.org/side-channel-list/-/side-channel-list-1.0.1.tgz 0ms (cache hit)
2380 http cache @img/sharp-wasm32@https://registry.npmjs.org/@img/sharp-wasm32/-/sharp-wasm32-0.35.3.tgz 0ms (cache hit)
2381 http cache isarray@https://registry.npmjs.org/isarray/-/isarray-2.0.5.tgz 0ms (cache hit)
2382 http cache @img/sharp-darwin-arm64@https://registry.npmjs.org/@img/sharp-darwin-arm64/-/sharp-darwin-arm64-0.35.3.tgz 0ms (cache hit)
2383 http cache supports-preserve-symlinks-flag@https://registry.npmjs.org/supports-preserve-symlinks-flag/-/supports-preserve-symlinks-flag-1.0.0.tgz 0ms (cache hit)
2384 http cache detect-libc@https://registry.npmjs.org/detect-libc/-/detect-libc-2.1.2.tgz 0ms (cache hit)
2385 http cache path-parse@https://registry.npmjs.org/path-parse/-/path-parse-1.0.7.tgz 0ms (cache hit)
2386 http cache react-is@https://registry.npmjs.org/react-is/-/react-is-16.13.1.tgz 0ms (cache hit)
2387 http cache node-exports-info@https://registry.npmjs.org/node-exports-info/-/node-exports-info-1.6.2.tgz 0ms (cache hit)
2388 http cache loose-envify@https://registry.npmjs.org/loose-envify/-/loose-envify-1.4.0.tgz 0ms (cache hit)
2389 http cache queue-microtask@https://registry.npmjs.org/queue-microtask/-/queue-microtask-1.2.3.tgz 0ms (cache hit)
2390 http cache callsites@https://registry.npmjs.org/callsites/-/callsites-3.1.0.tgz 0ms (cache hit)
2391 http cache scheduler@https://registry.npmjs.org/scheduler/-/scheduler-0.27.0.tgz 0ms (cache hit)
2392 http cache source-map-js@https://registry.npmjs.org/source-map-js/-/source-map-js-1.2.1.tgz 0ms (cache hit)
2393 http cache word-wrap@https://registry.npmjs.org/word-wrap/-/word-wrap-1.2.5.tgz 0ms (cache hit)
2394 http cache nanoid@https://registry.npmjs.org/nanoid/-/nanoid-3.3.18.tgz 0ms (cache hit)
2395 http cache p-limit@https://registry.npmjs.org/p-limit/-/p-limit-3.1.0.tgz 0ms (cache hit)
2396 http cache fast-levenshtein@https://registry.npmjs.org/fast-levenshtein/-/fast-levenshtein-2.0.6.tgz 0ms (cache hit)
2397 http cache tslib@https://registry.npmjs.org/tslib/-/tslib-2.8.1.tgz 0ms (cache hit)
2398 http cache yocto-queue@https://registry.npmjs.org/yocto-queue/-/yocto-queue-0.1.0.tgz 0ms (cache hit)
2399 http cache styled-jsx@https://registry.npmjs.org/styled-jsx/-/styled-jsx-5.1.6.tgz 0ms (cache hit)
2400 http cache deep-is@https://registry.npmjs.org/deep-is/-/deep-is-0.1.4.tgz 0ms (cache hit)
2401 http cache @swc/helpers@https://registry.npmjs.org/@swc/helpers/-/helpers-0.5.23.tgz 0ms (cache hit)
2402 http cache postcss@https://registry.npmjs.org/postcss/-/postcss-8.5.23.tgz 0ms (cache hit)
2403 http cache @next/env@https://registry.npmjs.org/@next/env/-/env-16.3.1.tgz 0ms (cache hit)
2404 http cache @next/swc-darwin-arm64@https://registry.npmjs.org/@next/swc-darwin-arm64/-/swc-darwin-arm64-16.3.1.tgz 0ms (cache hit)
2405 http cache sharp@https://registry.npmjs.org/sharp/-/sharp-0.35.3.tgz 0ms (cache hit)
2406 http cache balanced-match@https://registry.npmjs.org/balanced-match/-/balanced-match-1.0.2.tgz 0ms (cache hit)
2407 http cache to-regex-range@https://registry.npmjs.org/to-regex-range/-/to-regex-range-5.0.1.tgz 0ms (cache hit)
2408 http cache fill-range@https://registry.npmjs.org/fill-range/-/fill-range-7.1.1.tgz 0ms (cache hit)
2409 http cache brace-expansion@https://registry.npmjs.org/brace-expansion/-/brace-expansion-1.1.18.tgz 0ms (cache hit)
2410 http cache braces@https://registry.npmjs.org/braces/-/braces-3.0.3.tgz 0ms (cache hit)
2411 http cache picomatch@https://registry.npmjs.org/picomatch/-/picomatch-2.3.2.tgz 0ms (cache hit)
2412 http cache concat-map@https://registry.npmjs.org/concat-map/-/concat-map-0.0.1.tgz 0ms (cache hit)
2413 http cache p-locate@https://registry.npmjs.org/p-locate/-/p-locate-5.0.0.tgz 0ms (cache hit)
2414 http cache type-check@https://registry.npmjs.org/type-check/-/type-check-0.4.0.tgz 0ms (cache hit)
2415 http cache yallist@https://registry.npmjs.org/yallist/-/yallist-3.1.1.tgz 0ms (cache hit)
2416 http cache prelude-ls@https://registry.npmjs.org/prelude-ls/-/prelude-ls-1.2.1.tgz 0ms (cache hit)
2417 http cache json-buffer@https://registry.npmjs.org/json-buffer/-/json-buffer-3.0.1.tgz 0ms (cache hit)
2418 http cache argparse@https://registry.npmjs.org/argparse/-/argparse-2.0.1.tgz 0ms (cache hit)
2419 http cache set-function-name@https://registry.npmjs.org/set-function-name/-/set-function-name-2.0.2.tgz 0ms (cache hit)
2420 http cache language-subtag-registry@https://registry.npmjs.org/language-subtag-registry/-/language-subtag-registry-0.3.23.tgz 0ms (cache hit)
2421 http cache object-assign@https://registry.npmjs.org/object-assign/-/object-assign-4.1.1.tgz 0ms (cache hit)
2422 http cache hermes-estree@https://registry.npmjs.org/hermes-estree/-/hermes-estree-0.25.1.tgz 0ms (cache hit)
2423 http cache is-extglob@https://registry.npmjs.org/is-extglob/-/is-extglob-2.1.1.tgz 0ms (cache hit)
2424 http cache parent-module@https://registry.npmjs.org/parent-module/-/parent-module-1.0.1.tgz 0ms (cache hit)
2425 http cache resolve-pkg-maps@https://registry.npmjs.org/resolve-pkg-maps/-/resolve-pkg-maps-1.0.0.tgz 0ms (cache hit)
2426 http cache dunder-proto@https://registry.npmjs.org/dunder-proto/-/dunder-proto-1.0.1.tgz 0ms (cache hit)
2427 http cache functions-have-names@https://registry.npmjs.org/functions-have-names/-/functions-have-names-1.2.3.tgz 0ms (cache hit)
2428 http cache resolve-from@https://registry.npmjs.org/resolve-from/-/resolve-from-4.0.0.tgz 0ms (cache hit)
2429 http cache side-channel@https://registry.npmjs.org/side-channel/-/side-channel-1.1.1.tgz 0ms (cache hit)
2430 http cache is-document.all@https://registry.npmjs.org/is-document.all/-/is-document.all-1.0.0.tgz 0ms (cache hit)
2431 http cache keyv@https://registry.npmjs.org/keyv/-/keyv-4.5.4.tgz 0ms (cache hit)
2432 http cache path-exists@https://registry.npmjs.org/path-exists/-/path-exists-4.0.0.tgz 0ms (cache hit)
2433 http cache locate-path@https://registry.npmjs.org/locate-path/-/locate-path-6.0.0.tgz 0ms (cache hit)
2434 http cache flat-cache@https://registry.npmjs.org/flat-cache/-/flat-cache-4.0.1.tgz 0ms (cache hit)
2435 http cache flatted@https://registry.npmjs.org/flatted/-/flatted-3.4.4.tgz 0ms (cache hit)
2436 http cache run-parallel@https://registry.npmjs.org/run-parallel/-/run-parallel-1.2.0.tgz 0ms (cache hit)
2437 http cache reusify@https://registry.npmjs.org/reusify/-/reusify-1.1.0.tgz 0ms (cache hit)
2438 http cache micromatch@https://registry.npmjs.org/micromatch/-/micromatch-4.0.8.tgz 0ms (cache hit)
2439 http cache merge2@https://registry.npmjs.org/merge2/-/merge2-1.4.1.tgz 0ms (cache hit)
2440 http cache @nodelib/fs.walk@https://registry.npmjs.org/@nodelib/fs.walk/-/fs.walk-1.2.8.tgz 0ms (cache hit)
2441 http cache fastq@https://registry.npmjs.org/fastq/-/fastq-1.20.1.tgz 0ms (cache hit)
2442 http cache @nodelib/fs.scandir@https://registry.npmjs.org/@nodelib/fs.scandir/-/fs.scandir-2.1.5.tgz 0ms (cache hit)
2443 http cache @nodelib/fs.stat@https://registry.npmjs.org/@nodelib/fs.stat/-/fs.stat-2.0.5.tgz 0ms (cache hit)
2444 http cache acorn-jsx@https://registry.npmjs.org/acorn-jsx/-/acorn-jsx-5.3.2.tgz 0ms (cache hit)
2445 http cache esrecurse@https://registry.npmjs.org/esrecurse/-/esrecurse-4.3.0.tgz 0ms (cache hit)
2446 http cache node-releases@https://registry.npmjs.org/node-releases/-/node-releases-2.0.53.tgz 0ms (cache hit)
2447 http cache update-browserslist-db@https://registry.npmjs.org/update-browserslist-db/-/update-browserslist-db-1.3.1.tgz 0ms (cache hit)
2448 http cache acorn@https://registry.npmjs.org/acorn/-/acorn-8.18.0.tgz 0ms (cache hit)
2449 http cache caniuse-lite@https://registry.npmjs.org/caniuse-lite/-/caniuse-lite-1.0.30001809.tgz 0ms (cache hit)
2450 http cache baseline-browser-mapping@https://registry.npmjs.org/baseline-browser-mapping/-/baseline-browser-mapping-2.11.15.tgz 0ms (cache hit)
2451 http cache @jridgewell/resolve-uri@https://registry.npmjs.org/@jridgewell/resolve-uri/-/resolve-uri-3.1.2.tgz 0ms (cache hit)
2452 http cache @babel/helper-string-parser@https://registry.npmjs.org/@babel/helper-string-parser/-/helper-string-parser-7.29.7.tgz 0ms (cache hit)
2453 http cache electron-to-chromium@https://registry.npmjs.org/electron-to-chromium/-/electron-to-chromium-1.5.408.tgz 0ms (cache hit)
2454 http cache @babel/helper-module-imports@https://registry.npmjs.org/@babel/helper-module-imports/-/helper-module-imports-7.29.7.tgz 0ms (cache hit)
2455 http cache lru-cache@https://registry.npmjs.org/lru-cache/-/lru-cache-5.1.1.tgz 0ms (cache hit)
2456 http cache @jridgewell/sourcemap-codec@https://registry.npmjs.org/@jridgewell/sourcemap-codec/-/sourcemap-codec-1.5.5.tgz 0ms (cache hit)
2457 http cache browserslist@https://registry.npmjs.org/browserslist/-/browserslist-4.28.8.tgz 0ms (cache hit)
2458 http cache @babel/helper-validator-option@https://registry.npmjs.org/@babel/helper-validator-option/-/helper-validator-option-7.29.7.tgz 0ms (cache hit)
2459 http cache jsesc@https://registry.npmjs.org/jsesc/-/jsesc-3.1.0.tgz 0ms (cache hit)
2460 http cache @jridgewell/trace-mapping@https://registry.npmjs.org/@jridgewell/trace-mapping/-/trace-mapping-0.3.31.tgz 0ms (cache hit)
2461 http cache @babel/compat-data@https://registry.npmjs.org/@babel/compat-data/-/compat-data-7.29.7.tgz 0ms (cache hit)
2462 http cache @jridgewell/gen-mapping@https://registry.npmjs.org/@jridgewell/gen-mapping/-/gen-mapping-0.3.13.tgz 0ms (cache hit)
2463 http cache picocolors@https://registry.npmjs.org/picocolors/-/picocolors-1.1.1.tgz 0ms (cache hit)
2464 http cache json5@https://registry.npmjs.org/json5/-/json5-2.2.3.tgz 0ms (cache hit)
2465 http cache @babel/helper-validator-identifier@https://registry.npmjs.org/@babel/helper-validator-identifier/-/helper-validator-identifier-7.29.7.tgz 0ms (cache hit)
2466 http cache js-tokens@https://registry.npmjs.org/js-tokens/-/js-tokens-4.0.0.tgz 0ms (cache hit)
2467 http cache convert-source-map@https://registry.npmjs.org/convert-source-map/-/convert-source-map-2.0.0.tgz 0ms (cache hit)
2468 http cache @babel/types@https://registry.npmjs.org/@babel/types/-/types-7.29.8.tgz 0ms (cache hit)
2469 http cache @babel/helper-globals@https://registry.npmjs.org/@babel/helper-globals/-/helper-globals-7.29.7.tgz 0ms (cache hit)
2470 http cache @jridgewell/remapping@https://registry.npmjs.org/@jridgewell/remapping/-/remapping-2.3.5.tgz 0ms (cache hit)
2471 http cache @babel/helpers@https://registry.npmjs.org/@babel/helpers/-/helpers-7.29.7.tgz 0ms (cache hit)
2472 http cache @babel/traverse@https://registry.npmjs.org/@babel/traverse/-/traverse-7.29.8.tgz 0ms (cache hit)
2473 http cache @babel/template@https://registry.npmjs.org/@babel/template/-/template-7.29.7.tgz 0ms (cache hit)
2474 http cache gensync@https://registry.npmjs.org/gensync/-/gensync-1.0.0-beta.2.tgz 0ms (cache hit)
2475 http cache @babel/helper-module-transforms@https://registry.npmjs.org/@babel/helper-module-transforms/-/helper-module-transforms-7.29.7.tgz 0ms (cache hit)
2476 http cache @babel/helper-compilation-targets@https://registry.npmjs.org/@babel/helper-compilation-targets/-/helper-compilation-targets-7.29.7.tgz 0ms (cache hit)
2477 http cache @babel/generator@https://registry.npmjs.org/@babel/generator/-/generator-7.29.8.tgz 0ms (cache hit)
2478 http cache zod@https://registry.npmjs.org/zod/-/zod-4.4.3.tgz 0ms (cache hit)
2479 http cache zod-validation-error@https://registry.npmjs.org/zod-validation-error/-/zod-validation-error-4.0.2.tgz 0ms (cache hit)
2480 http cache @babel/code-frame@https://registry.npmjs.org/@babel/code-frame/-/code-frame-7.29.7.tgz 0ms (cache hit)
2481 http cache hermes-parser@https://registry.npmjs.org/hermes-parser/-/hermes-parser-0.25.1.tgz 0ms (cache hit)
2482 http cache @babel/core@https://registry.npmjs.org/@babel/core/-/core-7.29.7.tgz 0ms (cache hit)
2483 http cache @babel/parser@https://registry.npmjs.org/@babel/parser/-/parser-7.29.8.tgz 0ms (cache hit)
2484 http cache iterator.prototype@https://registry.npmjs.org/iterator.prototype/-/iterator.prototype-1.1.5.tgz 0ms (cache hit)
2485 http cache string.prototype.matchall@https://registry.npmjs.org/string.prototype.matchall/-/string.prototype.matchall-4.0.12.tgz 0ms (cache hit)
2486 http cache prop-types@https://registry.npmjs.org/prop-types/-/prop-types-15.8.1.tgz 0ms (cache hit)
2487 http cache estraverse@https://registry.npmjs.org/estraverse/-/estraverse-5.3.0.tgz 0ms (cache hit)
2488 http cache object.entries@https://registry.npmjs.org/object.entries/-/object.entries-1.1.9.tgz 0ms (cache hit)
2489 http cache es-iterator-helpers@https://registry.npmjs.org/es-iterator-helpers/-/es-iterator-helpers-1.4.0.tgz 0ms (cache hit)
2490 http cache string.prototype.repeat@https://registry.npmjs.org/string.prototype.repeat/-/string.prototype.repeat-1.0.0.tgz 0ms (cache hit)
2491 http cache array.prototype.findlast@https://registry.npmjs.org/array.prototype.findlast/-/array.prototype.findlast-1.2.5.tgz 0ms (cache hit)
2492 http cache language-tags@https://registry.npmjs.org/language-tags/-/language-tags-1.0.9.tgz 0ms (cache hit)
2493 http cache string.prototype.includes@https://registry.npmjs.org/string.prototype.includes/-/string.prototype.includes-2.0.1.tgz 0ms (cache hit)
2494 http cache emoji-regex@https://registry.npmjs.org/emoji-regex/-/emoji-regex-9.2.2.tgz 0ms (cache hit)
2495 http cache jsx-ast-utils@https://registry.npmjs.org/jsx-ast-utils/-/jsx-ast-utils-3.3.5.tgz 0ms (cache hit)
2496 http cache axobject-query@https://registry.npmjs.org/axobject-query/-/axobject-query-4.1.0.tgz 0ms (cache hit)
2497 http cache array.prototype.tosorted@https://registry.npmjs.org/array.prototype.tosorted/-/array.prototype.tosorted-1.1.4.tgz 0ms (cache hit)
2498 http cache damerau-levenshtein@https://registry.npmjs.org/damerau-levenshtein/-/damerau-levenshtein-1.0.8.tgz 0ms (cache hit)
2499 http cache axe-core@https://registry.npmjs.org/axe-core/-/axe-core-4.13.0.tgz 0ms (cache hit)
2500 http cache ast-types-flow@https://registry.npmjs.org/ast-types-flow/-/ast-types-flow-0.0.8.tgz 0ms (cache hit)
2501 http cache is-symbol@https://registry.npmjs.org/is-symbol/-/is-symbol-1.1.1.tgz 0ms (cache hit)
2502 http cache aria-query@https://registry.npmjs.org/aria-query/-/aria-query-5.3.2.tgz 0ms (cache hit)
2503 http cache has-tostringtag@https://registry.npmjs.org/has-tostringtag/-/has-tostringtag-1.0.2.tgz 0ms (cache hit)
2504 http cache is-date-object@https://registry.npmjs.org/is-date-object/-/is-date-object-1.1.0.tgz 0ms (cache hit)
2505 http cache es-abstract-get@https://registry.npmjs.org/es-abstract-get/-/es-abstract-get-1.0.0.tgz 0ms (cache hit)
2506 http cache possible-typed-array-names@https://registry.npmjs.org/possible-typed-array-names/-/possible-typed-array-names-1.1.0.tgz 0ms (cache hit)
2507 http cache which-typed-array@https://registry.npmjs.org/which-typed-array/-/which-typed-array-1.1.22.tgz 0ms (cache hit)
2508 http cache typed-array-length@https://registry.npmjs.org/typed-array-length/-/typed-array-length-1.0.8.tgz 0ms (cache hit)
2509 http cache typed-array-byte-length@https://registry.npmjs.org/typed-array-byte-length/-/typed-array-byte-length-1.0.3.tgz 0ms (cache hit)
2510 http cache typed-array-byte-offset@https://registry.npmjs.org/typed-array-byte-offset/-/typed-array-byte-offset-1.0.4.tgz 0ms (cache hit)
2511 http cache typed-array-buffer@https://registry.npmjs.org/typed-array-buffer/-/typed-array-buffer-1.0.3.tgz 0ms (cache hit)
2512 http cache string.prototype.trimstart@https://registry.npmjs.org/string.prototype.trimstart/-/string.prototype.trimstart-1.0.8.tgz 0ms (cache hit)
2513 http cache unbox-primitive@https://registry.npmjs.org/unbox-primitive/-/unbox-primitive-1.1.0.tgz 0ms (cache hit)
2514 http cache string.prototype.trim@https://registry.npmjs.org/string.prototype.trim/-/string.prototype.trim-1.2.11.tgz 0ms (cache hit)
2515 http cache stop-iteration-iterator@https://registry.npmjs.org/stop-iteration-iterator/-/stop-iteration-iterator-1.1.0.tgz 0ms (cache hit)
2516 http cache safe-regex-test@https://registry.npmjs.org/safe-regex-test/-/safe-regex-test-1.1.0.tgz 0ms (cache hit)
2517 http cache safe-array-concat@https://registry.npmjs.org/safe-array-concat/-/safe-array-concat-1.1.4.tgz 0ms (cache hit)
2518 http cache safe-push-apply@https://registry.npmjs.org/safe-push-apply/-/safe-push-apply-1.0.0.tgz 0ms (cache hit)
2519 http cache regexp.prototype.flags@https://registry.npmjs.org/regexp.prototype.flags/-/regexp.prototype.flags-1.5.4.tgz 0ms (cache hit)
2520 http cache own-keys@https://registry.npmjs.org/own-keys/-/own-keys-1.0.2.tgz 0ms (cache hit)
2521 http cache set-proto@https://registry.npmjs.org/set-proto/-/set-proto-1.0.0.tgz 0ms (cache hit)
2522 http cache object.assign@https://registry.npmjs.org/object.assign/-/object.assign-4.1.7.tgz 0ms (cache hit)
2523 http cache is-typed-array@https://registry.npmjs.org/is-typed-array/-/is-typed-array-1.1.15.tgz 0ms (cache hit)
2524 http cache is-weakref@https://registry.npmjs.org/is-weakref/-/is-weakref-1.1.1.tgz 0ms (cache hit)
2525 http cache is-shared-array-buffer@https://registry.npmjs.org/is-shared-array-buffer/-/is-shared-array-buffer-1.0.4.tgz 0ms (cache hit)
2526 http cache is-set@https://registry.npmjs.org/is-set/-/is-set-2.0.3.tgz 0ms (cache hit)
2527 http cache is-negative-zero@https://registry.npmjs.org/is-negative-zero/-/is-negative-zero-2.0.3.tgz 0ms (cache hit)
2528 http cache is-data-view@https://registry.npmjs.org/is-data-view/-/is-data-view-1.0.2.tgz 0ms (cache hit)
2529 http cache object-inspect@https://registry.npmjs.org/object-inspect/-/object-inspect-1.13.4.tgz 0ms (cache hit)
2530 http cache is-regex@https://registry.npmjs.org/is-regex/-/is-regex-1.2.1.tgz 0ms (cache hit)
2531 http cache is-callable@https://registry.npmjs.org/is-callable/-/is-callable-1.2.7.tgz 0ms (cache hit)
2532 http cache is-array-buffer@https://registry.npmjs.org/is-array-buffer/-/is-array-buffer-3.0.5.tgz 0ms (cache hit)
2533 http cache has-proto@https://registry.npmjs.org/has-proto/-/has-proto-1.2.0.tgz 0ms (cache hit)
2534 http cache internal-slot@https://registry.npmjs.org/internal-slot/-/internal-slot-1.1.0.tgz 0ms (cache hit)
2535 http cache globalthis@https://registry.npmjs.org/globalthis/-/globalthis-1.0.4.tgz 0ms (cache hit)
2536 http cache has-symbols@https://registry.npmjs.org/has-symbols/-/has-symbols-1.1.0.tgz 0ms (cache hit)
2537 http cache get-symbol-description@https://registry.npmjs.org/get-symbol-description/-/get-symbol-description-1.1.0.tgz 0ms (cache hit)
2538 http cache function.prototype.name@https://registry.npmjs.org/function.prototype.name/-/function.prototype.name-1.2.0.tgz 0ms (cache hit)
2539 http cache get-proto@https://registry.npmjs.org/get-proto/-/get-proto-1.0.1.tgz 0ms (cache hit)
2540 http cache es-to-primitive@https://registry.npmjs.org/es-to-primitive/-/es-to-primitive-1.3.4.tgz 0ms (cache hit)
2541 http cache es-set-tostringtag@https://registry.npmjs.org/es-set-tostringtag/-/es-set-tostringtag-2.1.0.tgz 0ms (cache hit)
2542 http cache data-view-byte-offset@https://registry.npmjs.org/data-view-byte-offset/-/data-view-byte-offset-1.0.1.tgz 0ms (cache hit)
2543 http cache data-view-buffer@https://registry.npmjs.org/data-view-buffer/-/data-view-buffer-1.0.2.tgz 0ms (cache hit)
2544 http cache arraybuffer.prototype.slice@https://registry.npmjs.org/arraybuffer.prototype.slice/-/arraybuffer.prototype.slice-1.0.4.tgz 0ms (cache hit)
2545 http cache array-buffer-byte-length@https://registry.npmjs.org/array-buffer-byte-length/-/array-buffer-byte-length-1.0.2.tgz 0ms (cache hit)
2546 http cache data-view-byte-length@https://registry.npmjs.org/data-view-byte-length/-/data-view-byte-length-1.0.2.tgz 0ms (cache hit)
2547 http cache gopd@https://registry.npmjs.org/gopd/-/gopd-1.2.0.tgz 0ms (cache hit)
2548 http cache object-keys@https://registry.npmjs.org/object-keys/-/object-keys-1.1.1.tgz 0ms (cache hit)
2549 http cache available-typed-arrays@https://registry.npmjs.org/available-typed-arrays/-/available-typed-arrays-1.0.7.tgz 0ms (cache hit)
2550 http cache define-data-property@https://registry.npmjs.org/define-data-property/-/define-data-property-1.1.4.tgz 0ms (cache hit)
2551 http cache function-bind@https://registry.npmjs.org/function-bind/-/function-bind-1.1.2.tgz 0ms (cache hit)
2552 http cache set-function-length@https://registry.npmjs.org/set-function-length/-/set-function-length-1.2.2.tgz 0ms (cache hit)
2553 http cache call-bind-apply-helpers@https://registry.npmjs.org/call-bind-apply-helpers/-/call-bind-apply-helpers-1.0.2.tgz 0ms (cache hit)
2554 http cache es-define-property@https://registry.npmjs.org/es-define-property/-/es-define-property-1.0.1.tgz 0ms (cache hit)
2555 http cache has-property-descriptors@https://registry.npmjs.org/has-property-descriptors/-/has-property-descriptors-1.0.2.tgz 0ms (cache hit)
2556 http cache es-errors@https://registry.npmjs.org/es-errors/-/es-errors-1.3.0.tgz 0ms (cache hit)
2557 http cache math-intrinsics@https://registry.npmjs.org/math-intrinsics/-/math-intrinsics-1.1.0.tgz 0ms (cache hit)
2558 http cache es-shim-unscopables@https://registry.npmjs.org/es-shim-unscopables/-/es-shim-unscopables-1.1.0.tgz 0ms (cache hit)
2559 http cache is-string@https://registry.npmjs.org/is-string/-/is-string-1.1.1.tgz 0ms (cache hit)
2560 http cache define-properties@https://registry.npmjs.org/define-properties/-/define-properties-1.2.1.tgz 0ms (cache hit)
2561 http cache es-object-atoms@https://registry.npmjs.org/es-object-atoms/-/es-object-atoms-1.1.2.tgz 0ms (cache hit)
2562 http cache call-bound@https://registry.npmjs.org/call-bound/-/call-bound-1.0.4.tgz 0ms (cache hit)
2563 http cache get-intrinsic@https://registry.npmjs.org/get-intrinsic/-/get-intrinsic-1.3.0.tgz 0ms (cache hit)
2564 http cache call-bind@https://registry.npmjs.org/call-bind/-/call-bind-1.0.9.tgz 0ms (cache hit)
2565 http cache string.prototype.trimend@https://registry.npmjs.org/string.prototype.trimend/-/string.prototype.trimend-1.0.10.tgz 0ms (cache hit)
2566 http cache tsconfig-paths@https://registry.npmjs.org/tsconfig-paths/-/tsconfig-paths-3.15.0.tgz 0ms (cache hit)
2567 http cache semver@https://registry.npmjs.org/semver/-/semver-6.3.1.tgz 0ms (cache hit)
2568 http cache object.groupby@https://registry.npmjs.org/object.groupby/-/object.groupby-1.0.3.tgz 0ms (cache hit)
2569 http cache object.values@https://registry.npmjs.org/object.values/-/object.values-1.2.1.tgz 0ms (cache hit)
2570 http cache hasown@https://registry.npmjs.org/hasown/-/hasown-2.0.4.tgz 0ms (cache hit)
2571 http cache object.fromentries@https://registry.npmjs.org/object.fromentries/-/object.fromentries-2.0.8.tgz 0ms (cache hit)
2572 http cache eslint-module-utils@https://registry.npmjs.org/eslint-module-utils/-/eslint-module-utils-2.14.0.tgz 0ms (cache hit)
2573 http cache doctrine@https://registry.npmjs.org/doctrine/-/doctrine-2.1.0.tgz 0ms (cache hit)
2574 http cache array.prototype.flatmap@https://registry.npmjs.org/array.prototype.flatmap/-/array.prototype.flatmap-1.3.3.tgz 0ms (cache hit)
2575 http cache array.prototype.flat@https://registry.npmjs.org/array.prototype.flat/-/array.prototype.flat-1.3.3.tgz 0ms (cache hit)
2576 http cache array.prototype.findlastindex@https://registry.npmjs.org/array.prototype.findlastindex/-/array.prototype.findlastindex-1.2.6.tgz 0ms (cache hit)
2577 http cache array-includes@https://registry.npmjs.org/array-includes/-/array-includes-3.1.9.tgz 0ms (cache hit)
2578 http cache @rtsao/scc@https://registry.npmjs.org/@rtsao/scc/-/scc-1.1.0.tgz 0ms (cache hit)
2579 http cache unrs-resolver@https://registry.npmjs.org/unrs-resolver/-/unrs-resolver-1.12.2.tgz 0ms (cache hit)
2580 http cache tinyglobby@https://registry.npmjs.org/tinyglobby/-/tinyglobby-0.2.17.tgz 0ms (cache hit)
2581 http cache stable-hash@https://registry.npmjs.org/stable-hash/-/stable-hash-0.0.5.tgz 0ms (cache hit)
2582 http cache get-tsconfig@https://registry.npmjs.org/get-tsconfig/-/get-tsconfig-4.14.3.tgz 0ms (cache hit)
2583 http cache @nolyfill/is-core-module@https://registry.npmjs.org/@nolyfill/is-core-module/-/is-core-module-1.0.39.tgz 0ms (cache hit)
2584 http cache resolve@https://registry.npmjs.org/resolve/-/resolve-2.0.0-next.7.tgz 0ms (cache hit)
2585 http cache is-core-module@https://registry.npmjs.org/is-core-module/-/is-core-module-2.16.2.tgz 0ms (cache hit)
2586 http cache fast-glob@https://registry.npmjs.org/fast-glob/-/fast-glob-3.3.1.tgz 0ms (cache hit)
2587 http cache typescript-eslint@https://registry.npmjs.org/typescript-eslint/-/typescript-eslint-8.67.0.tgz 0ms (cache hit)
2588 http cache eslint-plugin-react-hooks@https://registry.npmjs.org/eslint-plugin-react-hooks/-/eslint-plugin-react-hooks-7.1.1.tgz 0ms (cache hit)
2589 http cache eslint-plugin-react@https://registry.npmjs.org/eslint-plugin-react/-/eslint-plugin-react-7.37.5.tgz 0ms (cache hit)
2590 http cache eslint-plugin-jsx-a11y@https://registry.npmjs.org/eslint-plugin-jsx-a11y/-/eslint-plugin-jsx-a11y-6.10.2.tgz 0ms (cache hit)
2591 http cache eslint-plugin-import@https://registry.npmjs.org/eslint-plugin-import/-/eslint-plugin-import-2.32.0.tgz 0ms (cache hit)
2592 http cache eslint-import-resolver-typescript@https://registry.npmjs.org/eslint-import-resolver-typescript/-/eslint-import-resolver-typescript-3.10.1.tgz 0ms (cache hit)
2593 http cache eslint-import-resolver-node@https://registry.npmjs.org/eslint-import-resolver-node/-/eslint-import-resolver-node-0.3.10.tgz 0ms (cache hit)
2594 http cache @next/eslint-plugin-next@https://registry.npmjs.org/@next/eslint-plugin-next/-/eslint-plugin-next-16.3.1.tgz 0ms (cache hit)
2595 http cache ms@https://registry.npmjs.org/ms/-/ms-2.1.3.tgz 0ms (cache hit)
2596 http cache which@https://registry.npmjs.org/which/-/which-2.0.2.tgz 0ms (cache hit)
2597 http cache shebang-command@https://registry.npmjs.org/shebang-command/-/shebang-command-2.0.0.tgz 0ms (cache hit)
2598 http cache path-key@https://registry.npmjs.org/path-key/-/path-key-3.1.1.tgz 0ms (cache hit)
2599 http cache color-name@https://registry.npmjs.org/color-name/-/color-name-1.1.4.tgz 0ms (cache hit)
2600 http cache color-convert@https://registry.npmjs.org/color-convert/-/color-convert-2.0.1.tgz 0ms (cache hit)
2601 http cache supports-color@https://registry.npmjs.org/supports-color/-/supports-color-7.2.0.tgz 0ms (cache hit)
2602 http cache ansi-styles@https://registry.npmjs.org/ansi-styles/-/ansi-styles-4.3.0.tgz 0ms (cache hit)
2603 http cache uri-js@https://registry.npmjs.org/uri-js/-/uri-js-4.4.1.tgz 0ms (cache hit)
2604 http cache fast-json-stable-stringify@https://registry.npmjs.org/fast-json-stable-stringify/-/fast-json-stable-stringify-2.1.0.tgz 0ms (cache hit)
2605 http cache @humanfs/types@https://registry.npmjs.org/@humanfs/types/-/types-0.15.0.tgz 0ms (cache hit)
2606 http cache json-schema-traverse@https://registry.npmjs.org/json-schema-traverse/-/json-schema-traverse-0.4.1.tgz 0ms (cache hit)
2607 http cache @humanfs/core@https://registry.npmjs.org/@humanfs/core/-/core-0.19.2.tgz 0ms (cache hit)
2608 http cache strip-json-comments@https://registry.npmjs.org/strip-json-comments/-/strip-json-comments-3.1.1.tgz 0ms (cache hit)
2609 http cache levn@https://registry.npmjs.org/levn/-/levn-0.4.1.tgz 0ms (cache hit)
2610 http cache js-yaml@https://registry.npmjs.org/js-yaml/-/js-yaml-4.3.1.tgz 0ms (cache hit)
2611 http cache import-fresh@https://registry.npmjs.org/import-fresh/-/import-fresh-3.3.1.tgz 0ms (cache hit)
2612 http cache is-bun-module@https://registry.npmjs.org/is-bun-module/-/is-bun-module-2.0.0.tgz 0ms (cache hit)
2613 http cache @types/json-schema@https://registry.npmjs.org/@types/json-schema/-/json-schema-7.0.15.tgz 0ms (cache hit)
2614 http cache globals@https://registry.npmjs.org/globals/-/globals-14.0.0.tgz 0ms (cache hit)
2615 http cache @eslint/object-schema@https://registry.npmjs.org/@eslint/object-schema/-/object-schema-2.1.7.tgz 0ms (cache hit)
2616 http cache optionator@https://registry.npmjs.org/optionator/-/optionator-0.9.4.tgz 0ms (cache hit)
2617 http cache natural-compare@https://registry.npmjs.org/natural-compare/-/natural-compare-1.4.0.tgz 0ms (cache hit)
2618 http cache minimatch@https://registry.npmjs.org/minimatch/-/minimatch-3.1.5.tgz 0ms (cache hit)
2619 http cache lodash.merge@https://registry.npmjs.org/lodash.merge/-/lodash.merge-4.6.2.tgz 0ms (cache hit)
2620 http cache is-glob@https://registry.npmjs.org/is-glob/-/is-glob-4.0.3.tgz 0ms (cache hit)
2621 http cache json-stable-stringify-without-jsonify@https://registry.npmjs.org/json-stable-stringify-without-jsonify/-/json-stable-stringify-without-jsonify-1.0.1.tgz 0ms (cache hit)
2622 http cache imurmurhash@https://registry.npmjs.org/imurmurhash/-/imurmurhash-0.1.4.tgz 0ms (cache hit)
2623 http cache ignore@https://registry.npmjs.org/ignore/-/ignore-5.3.2.tgz 0ms (cache hit)
2624 http cache find-up@https://registry.npmjs.org/find-up/-/find-up-5.0.0.tgz 0ms (cache hit)
2625 http cache esutils@https://registry.npmjs.org/esutils/-/esutils-2.0.3.tgz 0ms (cache hit)
2626 http cache file-entry-cache@https://registry.npmjs.org/file-entry-cache/-/file-entry-cache-8.0.0.tgz 0ms (cache hit)
2627 http cache fast-deep-equal@https://registry.npmjs.org/fast-deep-equal/-/fast-deep-equal-3.1.3.tgz 0ms (cache hit)
2628 http cache glob-parent@https://registry.npmjs.org/glob-parent/-/glob-parent-6.0.2.tgz 0ms (cache hit)
2629 http cache espree@https://registry.npmjs.org/espree/-/espree-10.4.0.tgz 0ms (cache hit)
2630 http cache esquery@https://registry.npmjs.org/esquery/-/esquery-1.7.0.tgz 0ms (cache hit)
2631 http cache eslint-visitor-keys@https://registry.npmjs.org/eslint-visitor-keys/-/eslint-visitor-keys-4.2.1.tgz 0ms (cache hit)
2632 http cache debug@https://registry.npmjs.org/debug/-/debug-4.4.3.tgz 0ms (cache hit)
2633 http cache escape-string-regexp@https://registry.npmjs.org/escape-string-regexp/-/escape-string-regexp-4.0.0.tgz 0ms (cache hit)
2634 http cache cross-spawn@https://registry.npmjs.org/cross-spawn/-/cross-spawn-7.0.6.tgz 1ms (cache hit)
2635 http cache eslint-scope@https://registry.npmjs.org/eslint-scope/-/eslint-scope-8.4.0.tgz 0ms (cache hit)
2636 http cache es-abstract@https://registry.npmjs.org/es-abstract/-/es-abstract-1.24.2.tgz 0ms (cache hit)
2637 http cache chalk@https://registry.npmjs.org/chalk/-/chalk-4.1.2.tgz 0ms (cache hit)
2638 http cache @types/estree@https://registry.npmjs.org/@types/estree/-/estree-1.0.9.tgz 0ms (cache hit)
2639 http cache ajv@https://registry.npmjs.org/ajv/-/ajv-6.15.0.tgz 0ms (cache hit)
2640 http cache @humanwhocodes/module-importer@https://registry.npmjs.org/@humanwhocodes/module-importer/-/module-importer-1.0.1.tgz 0ms (cache hit)
2641 http cache @humanwhocodes/retry@https://registry.npmjs.org/@humanwhocodes/retry/-/retry-0.4.3.tgz 0ms (cache hit)
2642 http cache @eslint/js@https://registry.npmjs.org/@eslint/js/-/js-9.39.5.tgz 0ms (cache hit)
2643 http cache @eslint/eslintrc@https://registry.npmjs.org/@eslint/eslintrc/-/eslintrc-3.3.6.tgz 0ms (cache hit)
2644 http cache @eslint/core@https://registry.npmjs.org/@eslint/core/-/core-0.17.0.tgz 0ms (cache hit)
2645 http cache @humanfs/node@https://registry.npmjs.org/@humanfs/node/-/node-0.16.8.tgz 0ms (cache hit)
2646 http cache @eslint/plugin-kit@https://registry.npmjs.org/@eslint/plugin-kit/-/plugin-kit-0.4.1.tgz 0ms (cache hit)
2647 http cache @eslint/config-helpers@https://registry.npmjs.org/@eslint/config-helpers/-/config-helpers-0.4.2.tgz 0ms (cache hit)
2648 http cache @eslint/config-array@https://registry.npmjs.org/@eslint/config-array/-/config-array-0.21.2.tgz 0ms (cache hit)
2649 http cache undici-types@https://registry.npmjs.org/undici-types/-/undici-types-6.21.0.tgz 0ms (cache hit)
2650 http cache csstype@https://registry.npmjs.org/csstype/-/csstype-3.2.3.tgz 0ms (cache hit)
2651 http cache @eslint-community/regexpp@https://registry.npmjs.org/@eslint-community/regexpp/-/regexpp-4.12.2.tgz 0ms (cache hit)
2652 http cache typescript@https://registry.npmjs.org/typescript/-/typescript-5.9.3.tgz 0ms (cache hit)
2653 http cache react-dom@https://registry.npmjs.org/react-dom/-/react-dom-19.2.8.tgz 0ms (cache hit)
2654 http cache @eslint-community/eslint-utils@https://registry.npmjs.org/@eslint-community/eslint-utils/-/eslint-utils-4.10.1.tgz 0ms (cache hit)
2655 http cache @types/react-dom@https://registry.npmjs.org/@types/react-dom/-/react-dom-19.2.4.tgz 0ms (cache hit)
2656 http cache eslint@https://registry.npmjs.org/eslint/-/eslint-9.39.5.tgz 0ms (cache hit)
2657 http cache react@https://registry.npmjs.org/react/-/react-19.2.8.tgz 0ms (cache hit)
2658 http cache next@https://registry.npmjs.org/next/-/next-16.3.1.tgz 0ms (cache hit)
2659 http cache eslint-config-next@https://registry.npmjs.org/eslint-config-next/-/eslint-config-next-16.3.1.tgz 0ms (cache hit)
2660 http cache @types/react@https://registry.npmjs.org/@types/react/-/react-19.2.18.tgz 0ms (cache hit)
2661 http cache semver@https://registry.npmjs.org/semver/-/semver-7.8.5.tgz 0ms (cache hit)
2662 http cache balanced-match@https://registry.npmjs.org/balanced-match/-/balanced-match-4.0.4.tgz 0ms (cache hit)
2663 http cache minimatch@https://registry.npmjs.org/minimatch/-/minimatch-10.2.6.tgz 0ms (cache hit)
2664 http cache semver@https://registry.npmjs.org/semver/-/semver-7.8.5.tgz 0ms (cache hit)
2665 http cache @types/node@https://registry.npmjs.org/@types/node/-/node-20.19.43.tgz 0ms (cache hit)
2666 http cache ignore@https://registry.npmjs.org/ignore/-/ignore-7.0.6.tgz 0ms (cache hit)
2667 http cache brace-expansion@https://registry.npmjs.org/brace-expansion/-/brace-expansion-5.0.9.tgz 0ms (cache hit)
2668 http cache eslint-visitor-keys@https://registry.npmjs.org/eslint-visitor-keys/-/eslint-visitor-keys-5.0.1.tgz 0ms (cache hit)
2669 http cache debug@https://registry.npmjs.org/debug/-/debug-3.2.7.tgz 0ms (cache hit)
2670 http cache json5@https://registry.npmjs.org/json5/-/json5-1.0.2.tgz 0ms (cache hit)
2671 http cache semver@https://registry.npmjs.org/semver/-/semver-7.8.5.tgz 0ms (cache hit)
2672 http cache glob-parent@https://registry.npmjs.org/glob-parent/-/glob-parent-5.1.2.tgz 0ms (cache hit)
2673 http cache debug@https://registry.npmjs.org/debug/-/debug-3.2.7.tgz 0ms (cache hit)
2674 http cache fdir@https://registry.npmjs.org/fdir/-/fdir-6.5.0.tgz 0ms (cache hit)
2675 http cache picomatch@https://registry.npmjs.org/picomatch/-/picomatch-4.0.5.tgz 0ms (cache hit)
2676 http cache debug@https://registry.npmjs.org/debug/-/debug-3.2.7.tgz 0ms (cache hit)
2677 http cache @eslint-community/eslint-utils@https://registry.npmjs.org/@eslint-community/eslint-utils/-/eslint-utils-4.9.1.tgz 0ms (cache hit)
2678 http cache eslint-visitor-keys@https://registry.npmjs.org/eslint-visitor-keys/-/eslint-visitor-keys-3.4.3.tgz 0ms (cache hit)
2679 silly tarball no local data for is-weakmap@https://registry.npmjs.org/is-weakmap/-/is-weakmap-2.0.2.tgz. Extracting by manifest.
2680 silly tarball no local data for is-weakset@https://registry.npmjs.org/is-weakset/-/is-weakset-2.0.4.tgz. Extracting by manifest.
2681 http cache eslint-visitor-keys@https://registry.npmjs.org/eslint-visitor-keys/-/eslint-visitor-keys-3.4.3.tgz 0ms (cache hit)
2682 http cache globals@https://registry.npmjs.org/globals/-/globals-16.4.0.tgz 0ms (cache hit)
2683 silly tarball no local data for async-function@https://registry.npmjs.org/async-function/-/async-function-1.0.0.tgz. Extracting by manifest.
2684 silly tarball no local data for is-map@https://registry.npmjs.org/is-map/-/is-map-2.0.3.tgz. Extracting by manifest.
2685 silly tarball no local data for generator-function@https://registry.npmjs.org/generator-function/-/generator-function-2.0.1.tgz. Extracting by manifest.
2686 silly tarball no local data for is-async-function@https://registry.npmjs.org/is-async-function/-/is-async-function-2.1.1.tgz. Extracting by manifest.
2687 silly tarball no local data for which-collection@https://registry.npmjs.org/which-collection/-/which-collection-1.0.2.tgz. Extracting by manifest.
2688 silly tarball no local data for is-generator-function@https://registry.npmjs.org/is-generator-function/-/is-generator-function-1.1.2.tgz. Extracting by manifest.
2689 silly tarball no local data for is-boolean-object@https://registry.npmjs.org/is-boolean-object/-/is-boolean-object-1.2.2.tgz. Extracting by manifest.
2690 silly tarball no local data for is-number-object@https://registry.npmjs.org/is-number-object/-/is-number-object-1.1.1.tgz. Extracting by manifest.
2691 silly tarball no local data for isexe@https://registry.npmjs.org/isexe/-/isexe-2.0.0.tgz. Extracting by manifest.
2692 silly tarball no local data for escalade@https://registry.npmjs.org/escalade/-/escalade-3.2.0.tgz. Extracting by manifest.
2693 silly tarball no local data for is-bigint@https://registry.npmjs.org/is-bigint/-/is-bigint-1.1.0.tgz. Extracting by manifest.
2694 silly tarball no local data for is-finalizationregistry@https://registry.npmjs.org/is-finalizationregistry/-/is-finalizationregistry-1.1.1.tgz. Extracting by manifest.
2695 silly tarball no local data for punycode@https://registry.npmjs.org/punycode/-/punycode-2.3.1.tgz. Extracting by manifest.
2696 silly tarball no local data for napi-postinstall@https://registry.npmjs.org/napi-postinstall/-/napi-postinstall-0.3.4.tgz. Extracting by manifest.
2697 silly tarball no local data for @unrs/resolver-binding-darwin-arm64@https://registry.npmjs.org/@unrs/resolver-binding-darwin-arm64/-/resolver-binding-darwin-arm64-1.12.2.tgz. Extracting by manifest.
2698 silly tarball no local data for which-boxed-primitive@https://registry.npmjs.org/which-boxed-primitive/-/which-boxed-primitive-1.1.1.tgz. Extracting by manifest.
2699 silly tarball no local data for @typescript-eslint/project-service@https://registry.npmjs.org/@typescript-eslint/project-service/-/project-service-8.67.0.tgz. Extracting by manifest.
2700 silly tarball no local data for has-bigints@https://registry.npmjs.org/has-bigints/-/has-bigints-1.1.0.tgz. Extracting by manifest.
2701 silly tarball no local data for @typescript-eslint/types@https://registry.npmjs.org/@typescript-eslint/types/-/types-8.67.0.tgz. Extracting by manifest.
2702 silly tarball no local data for ts-api-utils@https://registry.npmjs.org/ts-api-utils/-/ts-api-utils-2.5.0.tgz. Extracting by manifest.
2703 silly tarball no local data for @typescript-eslint/tsconfig-utils@https://registry.npmjs.org/@typescript-eslint/tsconfig-utils/-/tsconfig-utils-8.67.0.tgz. Extracting by manifest.
2704 silly tarball no local data for @typescript-eslint/visitor-keys@https://registry.npmjs.org/@typescript-eslint/visitor-keys/-/visitor-keys-8.67.0.tgz. Extracting by manifest.
2705 silly tarball no local data for @typescript-eslint/scope-manager@https://registry.npmjs.org/@typescript-eslint/scope-manager/-/scope-manager-8.67.0.tgz. Extracting by manifest.
2706 silly tarball no local data for @typescript-eslint/typescript-estree@https://registry.npmjs.org/@typescript-eslint/typescript-estree/-/typescript-estree-8.67.0.tgz. Extracting by manifest.
2707 silly tarball no local data for @typescript-eslint/utils@https://registry.npmjs.org/@typescript-eslint/utils/-/utils-8.67.0.tgz. Extracting by manifest.
2708 silly tarball no local data for which-builtin-type@https://registry.npmjs.org/which-builtin-type/-/which-builtin-type-1.2.1.tgz. Extracting by manifest.
2709 silly tarball no local data for @typescript-eslint/parser@https://registry.npmjs.org/@typescript-eslint/parser/-/parser-8.67.0.tgz. Extracting by manifest.
2710 silly tarball no local data for reflect.getprototypeof@https://registry.npmjs.org/reflect.getprototypeof/-/reflect.getprototypeof-1.0.10.tgz. Extracting by manifest.
2711 silly tarball no local data for @typescript-eslint/type-utils@https://registry.npmjs.org/@typescript-eslint/type-utils/-/type-utils-8.67.0.tgz. Extracting by manifest.
2712 silly tarball no local data for for-each@https://registry.npmjs.org/for-each/-/for-each-0.3.5.tgz. Extracting by manifest.
2713 silly tarball no local data for @typescript-eslint/eslint-plugin@https://registry.npmjs.org/@typescript-eslint/eslint-plugin/-/eslint-plugin-8.67.0.tgz. Extracting by manifest.
2714 silly tarball no local data for strip-bom@https://registry.npmjs.org/strip-bom/-/strip-bom-3.0.0.tgz. Extracting by manifest.
2715 silly tarball no local data for minimist@https://registry.npmjs.org/minimist/-/minimist-1.2.8.tgz. Extracting by manifest.
2716 silly tarball no local data for @types/json5@https://registry.npmjs.org/@types/json5/-/json5-0.0.29.tgz. Extracting by manifest.
2717 silly tarball no local data for client-only@https://registry.npmjs.org/client-only/-/client-only-0.0.1.tgz. Extracting by manifest.
2718 silly tarball no local data for is-number@https://registry.npmjs.org/is-number/-/is-number-7.0.0.tgz. Extracting by manifest.
2719 silly tarball no local data for has-flag@https://registry.npmjs.org/has-flag/-/has-flag-4.0.0.tgz. Extracting by manifest.
2720 silly tarball no local data for side-channel-map@https://registry.npmjs.org/side-channel-map/-/side-channel-map-1.0.1.tgz. Extracting by manifest.
2721 silly tarball no local data for side-channel-weakmap@https://registry.npmjs.org/side-channel-weakmap/-/side-channel-weakmap-1.0.2.tgz. Extracting by manifest.
2722 silly tarball no local data for @emnapi/runtime@https://registry.npmjs.org/@emnapi/runtime/-/runtime-1.11.3.tgz. Extracting by manifest.
2723 silly tarball no local data for shebang-regex@https://registry.npmjs.org/shebang-regex/-/shebang-regex-3.0.0.tgz. Extracting by manifest.
2724 silly tarball no local data for @img/colour@https://registry.npmjs.org/@img/colour/-/colour-1.1.0.tgz. Extracting by manifest.
2725 silly tarball no local data for @img/sharp-libvips-darwin-arm64@https://registry.npmjs.org/@img/sharp-libvips-darwin-arm64/-/sharp-libvips-darwin-arm64-1.3.2.tgz. Extracting by manifest.
2726 silly tarball no local data for side-channel-list@https://registry.npmjs.org/side-channel-list/-/side-channel-list-1.0.1.tgz. Extracting by manifest.
2727 silly tarball no local data for @img/sharp-wasm32@https://registry.npmjs.org/@img/sharp-wasm32/-/sharp-wasm32-0.35.3.tgz. Extracting by manifest.
2728 silly tarball no local data for isarray@https://registry.npmjs.org/isarray/-/isarray-2.0.5.tgz. Extracting by manifest.
2729 silly tarball no local data for @img/sharp-darwin-arm64@https://registry.npmjs.org/@img/sharp-darwin-arm64/-/sharp-darwin-arm64-0.35.3.tgz. Extracting by manifest.
2730 silly tarball no local data for supports-preserve-symlinks-flag@https://registry.npmjs.org/supports-preserve-symlinks-flag/-/supports-preserve-symlinks-flag-1.0.0.tgz. Extracting by manifest.
2731 silly tarball no local data for detect-libc@https://registry.npmjs.org/detect-libc/-/detect-libc-2.1.2.tgz. Extracting by manifest.
2732 silly tarball no local data for path-parse@https://registry.npmjs.org/path-parse/-/path-parse-1.0.7.tgz. Extracting by manifest.
2733 silly tarball no local data for react-is@https://registry.npmjs.org/react-is/-/react-is-16.13.1.tgz. Extracting by manifest.
2734 silly tarball no local data for node-exports-info@https://registry.npmjs.org/node-exports-info/-/node-exports-info-1.6.2.tgz. Extracting by manifest.
2735 silly tarball no local data for loose-envify@https://registry.npmjs.org/loose-envify/-/loose-envify-1.4.0.tgz. Extracting by manifest.
2736 silly tarball no local data for queue-microtask@https://registry.npmjs.org/queue-microtask/-/queue-microtask-1.2.3.tgz. Extracting by manifest.
2737 silly tarball no local data for callsites@https://registry.npmjs.org/callsites/-/callsites-3.1.0.tgz. Extracting by manifest.
2738 silly tarball no local data for scheduler@https://registry.npmjs.org/scheduler/-/scheduler-0.27.0.tgz. Extracting by manifest.
2739 silly tarball no local data for source-map-js@https://registry.npmjs.org/source-map-js/-/source-map-js-1.2.1.tgz. Extracting by manifest.
2740 silly tarball no local data for word-wrap@https://registry.npmjs.org/word-wrap/-/word-wrap-1.2.5.tgz. Extracting by manifest.
2741 silly tarball no local data for nanoid@https://registry.npmjs.org/nanoid/-/nanoid-3.3.18.tgz. Extracting by manifest.
2742 silly tarball no local data for p-limit@https://registry.npmjs.org/p-limit/-/p-limit-3.1.0.tgz. Extracting by manifest.
2743 silly tarball no local data for fast-levenshtein@https://registry.npmjs.org/fast-levenshtein/-/fast-levenshtein-2.0.6.tgz. Extracting by manifest.
2744 silly tarball no local data for tslib@https://registry.npmjs.org/tslib/-/tslib-2.8.1.tgz. Extracting by manifest.
2745 silly tarball no local data for yocto-queue@https://registry.npmjs.org/yocto-queue/-/yocto-queue-0.1.0.tgz. Extracting by manifest.
2746 silly tarball no local data for styled-jsx@https://registry.npmjs.org/styled-jsx/-/styled-jsx-5.1.6.tgz. Extracting by manifest.
2747 silly tarball no local data for deep-is@https://registry.npmjs.org/deep-is/-/deep-is-0.1.4.tgz. Extracting by manifest.
2748 silly tarball no local data for @swc/helpers@https://registry.npmjs.org/@swc/helpers/-/helpers-0.5.23.tgz. Extracting by manifest.
2749 silly tarball no local data for postcss@https://registry.npmjs.org/postcss/-/postcss-8.5.23.tgz. Extracting by manifest.
2750 silly tarball no local data for @next/env@https://registry.npmjs.org/@next/env/-/env-16.3.1.tgz. Extracting by manifest.
2751 silly tarball no local data for @next/swc-darwin-arm64@https://registry.npmjs.org/@next/swc-darwin-arm64/-/swc-darwin-arm64-16.3.1.tgz. Extracting by manifest.
2752 silly tarball no local data for sharp@https://registry.npmjs.org/sharp/-/sharp-0.35.3.tgz. Extracting by manifest.
2753 silly tarball no local data for balanced-match@https://registry.npmjs.org/balanced-match/-/balanced-match-1.0.2.tgz. Extracting by manifest.
2754 silly tarball no local data for to-regex-range@https://registry.npmjs.org/to-regex-range/-/to-regex-range-5.0.1.tgz. Extracting by manifest.
2755 silly tarball no local data for fill-range@https://registry.npmjs.org/fill-range/-/fill-range-7.1.1.tgz. Extracting by manifest.
2756 silly tarball no local data for brace-expansion@https://registry.npmjs.org/brace-expansion/-/brace-expansion-1.1.18.tgz. Extracting by manifest.
2757 silly tarball no local data for braces@https://registry.npmjs.org/braces/-/braces-3.0.3.tgz. Extracting by manifest.
2758 silly tarball no local data for picomatch@https://registry.npmjs.org/picomatch/-/picomatch-2.3.2.tgz. Extracting by manifest.
2759 silly tarball no local data for concat-map@https://registry.npmjs.org/concat-map/-/concat-map-0.0.1.tgz. Extracting by manifest.
2760 silly tarball no local data for p-locate@https://registry.npmjs.org/p-locate/-/p-locate-5.0.0.tgz. Extracting by manifest.
2761 silly tarball no local data for type-check@https://registry.npmjs.org/type-check/-/type-check-0.4.0.tgz. Extracting by manifest.
2762 silly tarball no local data for yallist@https://registry.npmjs.org/yallist/-/yallist-3.1.1.tgz. Extracting by manifest.
2763 silly tarball no local data for prelude-ls@https://registry.npmjs.org/prelude-ls/-/prelude-ls-1.2.1.tgz. Extracting by manifest.
2764 silly tarball no local data for json-buffer@https://registry.npmjs.org/json-buffer/-/json-buffer-3.0.1.tgz. Extracting by manifest.
2765 silly tarball no local data for argparse@https://registry.npmjs.org/argparse/-/argparse-2.0.1.tgz. Extracting by manifest.
2766 silly tarball no local data for set-function-name@https://registry.npmjs.org/set-function-name/-/set-function-name-2.0.2.tgz. Extracting by manifest.
2767 silly tarball no local data for language-subtag-registry@https://registry.npmjs.org/language-subtag-registry/-/language-subtag-registry-0.3.23.tgz. Extracting by manifest.
2768 silly tarball no local data for object-assign@https://registry.npmjs.org/object-assign/-/object-assign-4.1.1.tgz. Extracting by manifest.
2769 silly tarball no local data for hermes-estree@https://registry.npmjs.org/hermes-estree/-/hermes-estree-0.25.1.tgz. Extracting by manifest.
2770 silly tarball no local data for is-extglob@https://registry.npmjs.org/is-extglob/-/is-extglob-2.1.1.tgz. Extracting by manifest.
2771 silly tarball no local data for parent-module@https://registry.npmjs.org/parent-module/-/parent-module-1.0.1.tgz. Extracting by manifest.
2772 silly tarball no local data for resolve-pkg-maps@https://registry.npmjs.org/resolve-pkg-maps/-/resolve-pkg-maps-1.0.0.tgz. Extracting by manifest.
2773 silly tarball no local data for dunder-proto@https://registry.npmjs.org/dunder-proto/-/dunder-proto-1.0.1.tgz. Extracting by manifest.
2774 silly tarball no local data for functions-have-names@https://registry.npmjs.org/functions-have-names/-/functions-have-names-1.2.3.tgz. Extracting by manifest.
2775 silly tarball no local data for resolve-from@https://registry.npmjs.org/resolve-from/-/resolve-from-4.0.0.tgz. Extracting by manifest.
2776 silly tarball no local data for side-channel@https://registry.npmjs.org/side-channel/-/side-channel-1.1.1.tgz. Extracting by manifest.
2777 silly tarball no local data for is-document.all@https://registry.npmjs.org/is-document.all/-/is-document.all-1.0.0.tgz. Extracting by manifest.
2778 silly tarball no local data for keyv@https://registry.npmjs.org/keyv/-/keyv-4.5.4.tgz. Extracting by manifest.
2779 silly tarball no local data for path-exists@https://registry.npmjs.org/path-exists/-/path-exists-4.0.0.tgz. Extracting by manifest.
2780 silly tarball no local data for locate-path@https://registry.npmjs.org/locate-path/-/locate-path-6.0.0.tgz. Extracting by manifest.
2781 silly tarball no local data for flat-cache@https://registry.npmjs.org/flat-cache/-/flat-cache-4.0.1.tgz. Extracting by manifest.
2782 silly tarball no local data for flatted@https://registry.npmjs.org/flatted/-/flatted-3.4.4.tgz. Extracting by manifest.
2783 silly tarball no local data for run-parallel@https://registry.npmjs.org/run-parallel/-/run-parallel-1.2.0.tgz. Extracting by manifest.
2784 silly tarball no local data for reusify@https://registry.npmjs.org/reusify/-/reusify-1.1.0.tgz. Extracting by manifest.
2785 silly tarball no local data for micromatch@https://registry.npmjs.org/micromatch/-/micromatch-4.0.8.tgz. Extracting by manifest.
2786 silly tarball no local data for merge2@https://registry.npmjs.org/merge2/-/merge2-1.4.1.tgz. Extracting by manifest.
2787 silly tarball no local data for @nodelib/fs.walk@https://registry.npmjs.org/@nodelib/fs.walk/-/fs.walk-1.2.8.tgz. Extracting by manifest.
2788 silly tarball no local data for fastq@https://registry.npmjs.org/fastq/-/fastq-1.20.1.tgz. Extracting by manifest.
2789 silly tarball no local data for @nodelib/fs.scandir@https://registry.npmjs.org/@nodelib/fs.scandir/-/fs.scandir-2.1.5.tgz. Extracting by manifest.
2790 silly tarball no local data for @nodelib/fs.stat@https://registry.npmjs.org/@nodelib/fs.stat/-/fs.stat-2.0.5.tgz. Extracting by manifest.
2791 silly tarball no local data for acorn-jsx@https://registry.npmjs.org/acorn-jsx/-/acorn-jsx-5.3.2.tgz. Extracting by manifest.
2792 silly tarball no local data for esrecurse@https://registry.npmjs.org/esrecurse/-/esrecurse-4.3.0.tgz. Extracting by manifest.
2793 silly tarball no local data for node-releases@https://registry.npmjs.org/node-releases/-/node-releases-2.0.53.tgz. Extracting by manifest.
2794 silly tarball no local data for update-browserslist-db@https://registry.npmjs.org/update-browserslist-db/-/update-browserslist-db-1.3.1.tgz. Extracting by manifest.
2795 silly tarball no local data for acorn@https://registry.npmjs.org/acorn/-/acorn-8.18.0.tgz. Extracting by manifest.
2796 silly tarball no local data for caniuse-lite@https://registry.npmjs.org/caniuse-lite/-/caniuse-lite-1.0.30001809.tgz. Extracting by manifest.
2797 silly tarball no local data for baseline-browser-mapping@https://registry.npmjs.org/baseline-browser-mapping/-/baseline-browser-mapping-2.11.15.tgz. Extracting by manifest.
2798 silly tarball no local data for @jridgewell/resolve-uri@https://registry.npmjs.org/@jridgewell/resolve-uri/-/resolve-uri-3.1.2.tgz. Extracting by manifest.
2799 silly tarball no local data for @babel/helper-string-parser@https://registry.npmjs.org/@babel/helper-string-parser/-/helper-string-parser-7.29.7.tgz. Extracting by manifest.
2800 silly tarball no local data for electron-to-chromium@https://registry.npmjs.org/electron-to-chromium/-/electron-to-chromium-1.5.408.tgz. Extracting by manifest.
2801 silly tarball no local data for @babel/helper-module-imports@https://registry.npmjs.org/@babel/helper-module-imports/-/helper-module-imports-7.29.7.tgz. Extracting by manifest.
2802 silly tarball no local data for lru-cache@https://registry.npmjs.org/lru-cache/-/lru-cache-5.1.1.tgz. Extracting by manifest.
2803 silly tarball no local data for @jridgewell/sourcemap-codec@https://registry.npmjs.org/@jridgewell/sourcemap-codec/-/sourcemap-codec-1.5.5.tgz. Extracting by manifest.
2804 silly tarball no local data for browserslist@https://registry.npmjs.org/browserslist/-/browserslist-4.28.8.tgz. Extracting by manifest.
2805 silly tarball no local data for @babel/helper-validator-option@https://registry.npmjs.org/@babel/helper-validator-option/-/helper-validator-option-7.29.7.tgz. Extracting by manifest.
2806 silly tarball no local data for jsesc@https://registry.npmjs.org/jsesc/-/jsesc-3.1.0.tgz. Extracting by manifest.
2807 silly tarball no local data for @jridgewell/trace-mapping@https://registry.npmjs.org/@jridgewell/trace-mapping/-/trace-mapping-0.3.31.tgz. Extracting by manifest.
2808 silly tarball no local data for @babel/compat-data@https://registry.npmjs.org/@babel/compat-data/-/compat-data-7.29.7.tgz. Extracting by manifest.
2809 silly tarball no local data for @jridgewell/gen-mapping@https://registry.npmjs.org/@jridgewell/gen-mapping/-/gen-mapping-0.3.13.tgz. Extracting by manifest.
2810 silly tarball no local data for picocolors@https://registry.npmjs.org/picocolors/-/picocolors-1.1.1.tgz. Extracting by manifest.
2811 silly tarball no local data for json5@https://registry.npmjs.org/json5/-/json5-2.2.3.tgz. Extracting by manifest.
2812 silly tarball no local data for @babel/helper-validator-identifier@https://registry.npmjs.org/@babel/helper-validator-identifier/-/helper-validator-identifier-7.29.7.tgz. Extracting by manifest.
2813 silly tarball no local data for js-tokens@https://registry.npmjs.org/js-tokens/-/js-tokens-4.0.0.tgz. Extracting by manifest.
2814 silly tarball no local data for convert-source-map@https://registry.npmjs.org/convert-source-map/-/convert-source-map-2.0.0.tgz. Extracting by manifest.
2815 silly tarball no local data for @babel/types@https://registry.npmjs.org/@babel/types/-/types-7.29.8.tgz. Extracting by manifest.
2816 silly tarball no local data for @babel/helper-globals@https://registry.npmjs.org/@babel/helper-globals/-/helper-globals-7.29.7.tgz. Extracting by manifest.
2817 silly tarball no local data for @jridgewell/remapping@https://registry.npmjs.org/@jridgewell/remapping/-/remapping-2.3.5.tgz. Extracting by manifest.
2818 silly tarball no local data for @babel/helpers@https://registry.npmjs.org/@babel/helpers/-/helpers-7.29.7.tgz. Extracting by manifest.
2819 silly tarball no local data for @babel/traverse@https://registry.npmjs.org/@babel/traverse/-/traverse-7.29.8.tgz. Extracting by manifest.
2820 silly tarball no local data for @babel/template@https://registry.npmjs.org/@babel/template/-/template-7.29.7.tgz. Extracting by manifest.
2821 silly tarball no local data for gensync@https://registry.npmjs.org/gensync/-/gensync-1.0.0-beta.2.tgz. Extracting by manifest.
2822 silly tarball no local data for @babel/helper-module-transforms@https://registry.npmjs.org/@babel/helper-module-transforms/-/helper-module-transforms-7.29.7.tgz. Extracting by manifest.
2823 silly tarball no local data for @babel/helper-compilation-targets@https://registry.npmjs.org/@babel/helper-compilation-targets/-/helper-compilation-targets-7.29.7.tgz. Extracting by manifest.
2824 silly tarball no local data for @babel/generator@https://registry.npmjs.org/@babel/generator/-/generator-7.29.8.tgz. Extracting by manifest.
2825 silly tarball no local data for zod@https://registry.npmjs.org/zod/-/zod-4.4.3.tgz. Extracting by manifest.
2826 silly tarball no local data for zod-validation-error@https://registry.npmjs.org/zod-validation-error/-/zod-validation-error-4.0.2.tgz. Extracting by manifest.
2827 silly tarball no local data for @babel/code-frame@https://registry.npmjs.org/@babel/code-frame/-/code-frame-7.29.7.tgz. Extracting by manifest.
2828 silly tarball no local data for hermes-parser@https://registry.npmjs.org/hermes-parser/-/hermes-parser-0.25.1.tgz. Extracting by manifest.
2829 silly tarball no local data for @babel/core@https://registry.npmjs.org/@babel/core/-/core-7.29.7.tgz. Extracting by manifest.
2830 silly tarball no local data for @babel/parser@https://registry.npmjs.org/@babel/parser/-/parser-7.29.8.tgz. Extracting by manifest.
2831 silly tarball no local data for iterator.prototype@https://registry.npmjs.org/iterator.prototype/-/iterator.prototype-1.1.5.tgz. Extracting by manifest.
2832 silly tarball no local data for string.prototype.matchall@https://registry.npmjs.org/string.prototype.matchall/-/string.prototype.matchall-4.0.12.tgz. Extracting by manifest.
2833 silly tarball no local data for prop-types@https://registry.npmjs.org/prop-types/-/prop-types-15.8.1.tgz. Extracting by manifest.
2834 silly tarball no local data for estraverse@https://registry.npmjs.org/estraverse/-/estraverse-5.3.0.tgz. Extracting by manifest.
2835 silly tarball no local data for object.entries@https://registry.npmjs.org/object.entries/-/object.entries-1.1.9.tgz. Extracting by manifest.
2836 silly tarball no local data for es-iterator-helpers@https://registry.npmjs.org/es-iterator-helpers/-/es-iterator-helpers-1.4.0.tgz. Extracting by manifest.
2837 silly tarball no local data for string.prototype.repeat@https://registry.npmjs.org/string.prototype.repeat/-/string.prototype.repeat-1.0.0.tgz. Extracting by manifest.
2838 silly tarball no local data for array.prototype.findlast@https://registry.npmjs.org/array.prototype.findlast/-/array.prototype.findlast-1.2.5.tgz. Extracting by manifest.
2839 silly tarball no local data for language-tags@https://registry.npmjs.org/language-tags/-/language-tags-1.0.9.tgz. Extracting by manifest.
2840 silly tarball no local data for string.prototype.includes@https://registry.npmjs.org/string.prototype.includes/-/string.prototype.includes-2.0.1.tgz. Extracting by manifest.
2841 silly tarball no local data for emoji-regex@https://registry.npmjs.org/emoji-regex/-/emoji-regex-9.2.2.tgz. Extracting by manifest.
2842 silly tarball no local data for jsx-ast-utils@https://registry.npmjs.org/jsx-ast-utils/-/jsx-ast-utils-3.3.5.tgz. Extracting by manifest.
2843 silly tarball no local data for axobject-query@https://registry.npmjs.org/axobject-query/-/axobject-query-4.1.0.tgz. Extracting by manifest.
2844 silly tarball no local data for array.prototype.tosorted@https://registry.npmjs.org/array.prototype.tosorted/-/array.prototype.tosorted-1.1.4.tgz. Extracting by manifest.
2845 silly tarball no local data for damerau-levenshtein@https://registry.npmjs.org/damerau-levenshtein/-/damerau-levenshtein-1.0.8.tgz. Extracting by manifest.
2846 silly tarball no local data for axe-core@https://registry.npmjs.org/axe-core/-/axe-core-4.13.0.tgz. Extracting by manifest.
2847 silly tarball no local data for ast-types-flow@https://registry.npmjs.org/ast-types-flow/-/ast-types-flow-0.0.8.tgz. Extracting by manifest.
2848 silly tarball no local data for is-symbol@https://registry.npmjs.org/is-symbol/-/is-symbol-1.1.1.tgz. Extracting by manifest.
2849 silly tarball no local data for aria-query@https://registry.npmjs.org/aria-query/-/aria-query-5.3.2.tgz. Extracting by manifest.
2850 silly tarball no local data for has-tostringtag@https://registry.npmjs.org/has-tostringtag/-/has-tostringtag-1.0.2.tgz. Extracting by manifest.
2851 silly tarball no local data for is-date-object@https://registry.npmjs.org/is-date-object/-/is-date-object-1.1.0.tgz. Extracting by manifest.
2852 silly tarball no local data for es-abstract-get@https://registry.npmjs.org/es-abstract-get/-/es-abstract-get-1.0.0.tgz. Extracting by manifest.
2853 silly tarball no local data for possible-typed-array-names@https://registry.npmjs.org/possible-typed-array-names/-/possible-typed-array-names-1.1.0.tgz. Extracting by manifest.
2854 silly tarball no local data for which-typed-array@https://registry.npmjs.org/which-typed-array/-/which-typed-array-1.1.22.tgz. Extracting by manifest.
2855 silly tarball no local data for typed-array-length@https://registry.npmjs.org/typed-array-length/-/typed-array-length-1.0.8.tgz. Extracting by manifest.
2856 silly tarball no local data for typed-array-byte-length@https://registry.npmjs.org/typed-array-byte-length/-/typed-array-byte-length-1.0.3.tgz. Extracting by manifest.
2857 silly tarball no local data for typed-array-byte-offset@https://registry.npmjs.org/typed-array-byte-offset/-/typed-array-byte-offset-1.0.4.tgz. Extracting by manifest.
2858 silly tarball no local data for typed-array-buffer@https://registry.npmjs.org/typed-array-buffer/-/typed-array-buffer-1.0.3.tgz. Extracting by manifest.
2859 silly tarball no local data for string.prototype.trimstart@https://registry.npmjs.org/string.prototype.trimstart/-/string.prototype.trimstart-1.0.8.tgz. Extracting by manifest.
2860 silly tarball no local data for unbox-primitive@https://registry.npmjs.org/unbox-primitive/-/unbox-primitive-1.1.0.tgz. Extracting by manifest.
2861 silly tarball no local data for string.prototype.trim@https://registry.npmjs.org/string.prototype.trim/-/string.prototype.trim-1.2.11.tgz. Extracting by manifest.
2862 silly tarball no local data for stop-iteration-iterator@https://registry.npmjs.org/stop-iteration-iterator/-/stop-iteration-iterator-1.1.0.tgz. Extracting by manifest.
2863 silly tarball no local data for safe-regex-test@https://registry.npmjs.org/safe-regex-test/-/safe-regex-test-1.1.0.tgz. Extracting by manifest.
2864 silly tarball no local data for safe-array-concat@https://registry.npmjs.org/safe-array-concat/-/safe-array-concat-1.1.4.tgz. Extracting by manifest.
2865 silly tarball no local data for safe-push-apply@https://registry.npmjs.org/safe-push-apply/-/safe-push-apply-1.0.0.tgz. Extracting by manifest.
2866 silly tarball no local data for regexp.prototype.flags@https://registry.npmjs.org/regexp.prototype.flags/-/regexp.prototype.flags-1.5.4.tgz. Extracting by manifest.
2867 silly tarball no local data for own-keys@https://registry.npmjs.org/own-keys/-/own-keys-1.0.2.tgz. Extracting by manifest.
2868 silly tarball no local data for set-proto@https://registry.npmjs.org/set-proto/-/set-proto-1.0.0.tgz. Extracting by manifest.
2869 silly tarball no local data for object.assign@https://registry.npmjs.org/object.assign/-/object.assign-4.1.7.tgz. Extracting by manifest.
2870 silly tarball no local data for is-typed-array@https://registry.npmjs.org/is-typed-array/-/is-typed-array-1.1.15.tgz. Extracting by manifest.
2871 silly tarball no local data for is-weakref@https://registry.npmjs.org/is-weakref/-/is-weakref-1.1.1.tgz. Extracting by manifest.
2872 silly tarball no local data for is-shared-array-buffer@https://registry.npmjs.org/is-shared-array-buffer/-/is-shared-array-buffer-1.0.4.tgz. Extracting by manifest.
2873 silly tarball no local data for is-set@https://registry.npmjs.org/is-set/-/is-set-2.0.3.tgz. Extracting by manifest.
2874 silly tarball no local data for is-negative-zero@https://registry.npmjs.org/is-negative-zero/-/is-negative-zero-2.0.3.tgz. Extracting by manifest.
2875 silly tarball no local data for is-data-view@https://registry.npmjs.org/is-data-view/-/is-data-view-1.0.2.tgz. Extracting by manifest.
2876 silly tarball no local data for object-inspect@https://registry.npmjs.org/object-inspect/-/object-inspect-1.13.4.tgz. Extracting by manifest.
2877 silly tarball no local data for is-regex@https://registry.npmjs.org/is-regex/-/is-regex-1.2.1.tgz. Extracting by manifest.
2878 silly tarball no local data for is-callable@https://registry.npmjs.org/is-callable/-/is-callable-1.2.7.tgz. Extracting by manifest.
2879 silly tarball no local data for is-array-buffer@https://registry.npmjs.org/is-array-buffer/-/is-array-buffer-3.0.5.tgz. Extracting by manifest.
2880 silly tarball no local data for has-proto@https://registry.npmjs.org/has-proto/-/has-proto-1.2.0.tgz. Extracting by manifest.
2881 silly tarball no local data for internal-slot@https://registry.npmjs.org/internal-slot/-/internal-slot-1.1.0.tgz. Extracting by manifest.
2882 silly tarball no local data for globalthis@https://registry.npmjs.org/globalthis/-/globalthis-1.0.4.tgz. Extracting by manifest.
2883 silly tarball no local data for has-symbols@https://registry.npmjs.org/has-symbols/-/has-symbols-1.1.0.tgz. Extracting by manifest.
2884 silly tarball no local data for get-symbol-description@https://registry.npmjs.org/get-symbol-description/-/get-symbol-description-1.1.0.tgz. Extracting by manifest.
2885 silly tarball no local data for function.prototype.name@https://registry.npmjs.org/function.prototype.name/-/function.prototype.name-1.2.0.tgz. Extracting by manifest.
2886 silly tarball no local data for get-proto@https://registry.npmjs.org/get-proto/-/get-proto-1.0.1.tgz. Extracting by manifest.
2887 silly tarball no local data for es-to-primitive@https://registry.npmjs.org/es-to-primitive/-/es-to-primitive-1.3.4.tgz. Extracting by manifest.
2888 silly tarball no local data for es-set-tostringtag@https://registry.npmjs.org/es-set-tostringtag/-/es-set-tostringtag-2.1.0.tgz. Extracting by manifest.
2889 silly tarball no local data for data-view-byte-offset@https://registry.npmjs.org/data-view-byte-offset/-/data-view-byte-offset-1.0.1.tgz. Extracting by manifest.
2890 silly tarball no local data for data-view-buffer@https://registry.npmjs.org/data-view-buffer/-/data-view-buffer-1.0.2.tgz. Extracting by manifest.
2891 silly tarball no local data for arraybuffer.prototype.slice@https://registry.npmjs.org/arraybuffer.prototype.slice/-/arraybuffer.prototype.slice-1.0.4.tgz. Extracting by manifest.
2892 silly tarball no local data for array-buffer-byte-length@https://registry.npmjs.org/array-buffer-byte-length/-/array-buffer-byte-length-1.0.2.tgz. Extracting by manifest.
2893 silly tarball no local data for data-view-byte-length@https://registry.npmjs.org/data-view-byte-length/-/data-view-byte-length-1.0.2.tgz. Extracting by manifest.
2894 silly tarball no local data for gopd@https://registry.npmjs.org/gopd/-/gopd-1.2.0.tgz. Extracting by manifest.
2895 silly tarball no local data for object-keys@https://registry.npmjs.org/object-keys/-/object-keys-1.1.1.tgz. Extracting by manifest.
2896 silly tarball no local data for available-typed-arrays@https://registry.npmjs.org/available-typed-arrays/-/available-typed-arrays-1.0.7.tgz. Extracting by manifest.
2897 silly tarball no local data for define-data-property@https://registry.npmjs.org/define-data-property/-/define-data-property-1.1.4.tgz. Extracting by manifest.
2898 silly tarball no local data for function-bind@https://registry.npmjs.org/function-bind/-/function-bind-1.1.2.tgz. Extracting by manifest.
2899 silly tarball no local data for set-function-length@https://registry.npmjs.org/set-function-length/-/set-function-length-1.2.2.tgz. Extracting by manifest.
2900 silly tarball no local data for call-bind-apply-helpers@https://registry.npmjs.org/call-bind-apply-helpers/-/call-bind-apply-helpers-1.0.2.tgz. Extracting by manifest.
2901 silly tarball no local data for es-define-property@https://registry.npmjs.org/es-define-property/-/es-define-property-1.0.1.tgz. Extracting by manifest.
2902 silly tarball no local data for has-property-descriptors@https://registry.npmjs.org/has-property-descriptors/-/has-property-descriptors-1.0.2.tgz. Extracting by manifest.
2903 silly tarball no local data for es-errors@https://registry.npmjs.org/es-errors/-/es-errors-1.3.0.tgz. Extracting by manifest.
2904 silly tarball no local data for math-intrinsics@https://registry.npmjs.org/math-intrinsics/-/math-intrinsics-1.1.0.tgz. Extracting by manifest.
2905 silly tarball no local data for es-shim-unscopables@https://registry.npmjs.org/es-shim-unscopables/-/es-shim-unscopables-1.1.0.tgz. Extracting by manifest.
2906 silly tarball no local data for is-string@https://registry.npmjs.org/is-string/-/is-string-1.1.1.tgz. Extracting by manifest.
2907 silly tarball no local data for define-properties@https://registry.npmjs.org/define-properties/-/define-properties-1.2.1.tgz. Extracting by manifest.
2908 silly tarball no local data for es-object-atoms@https://registry.npmjs.org/es-object-atoms/-/es-object-atoms-1.1.2.tgz. Extracting by manifest.
2909 silly tarball no local data for call-bound@https://registry.npmjs.org/call-bound/-/call-bound-1.0.4.tgz. Extracting by manifest.
2910 silly tarball no local data for get-intrinsic@https://registry.npmjs.org/get-intrinsic/-/get-intrinsic-1.3.0.tgz. Extracting by manifest.
2911 silly tarball no local data for call-bind@https://registry.npmjs.org/call-bind/-/call-bind-1.0.9.tgz. Extracting by manifest.
2912 silly tarball no local data for string.prototype.trimend@https://registry.npmjs.org/string.prototype.trimend/-/string.prototype.trimend-1.0.10.tgz. Extracting by manifest.
2913 silly tarball no local data for tsconfig-paths@https://registry.npmjs.org/tsconfig-paths/-/tsconfig-paths-3.15.0.tgz. Extracting by manifest.
2914 silly tarball no local data for semver@https://registry.npmjs.org/semver/-/semver-6.3.1.tgz. Extracting by manifest.
2915 silly tarball no local data for object.groupby@https://registry.npmjs.org/object.groupby/-/object.groupby-1.0.3.tgz. Extracting by manifest.
2916 silly tarball no local data for object.values@https://registry.npmjs.org/object.values/-/object.values-1.2.1.tgz. Extracting by manifest.
2917 silly tarball no local data for hasown@https://registry.npmjs.org/hasown/-/hasown-2.0.4.tgz. Extracting by manifest.
2918 silly tarball no local data for object.fromentries@https://registry.npmjs.org/object.fromentries/-/object.fromentries-2.0.8.tgz. Extracting by manifest.
2919 silly tarball no local data for eslint-module-utils@https://registry.npmjs.org/eslint-module-utils/-/eslint-module-utils-2.14.0.tgz. Extracting by manifest.
2920 silly tarball no local data for doctrine@https://registry.npmjs.org/doctrine/-/doctrine-2.1.0.tgz. Extracting by manifest.
2921 silly tarball no local data for array.prototype.flatmap@https://registry.npmjs.org/array.prototype.flatmap/-/array.prototype.flatmap-1.3.3.tgz. Extracting by manifest.
2922 silly tarball no local data for array.prototype.flat@https://registry.npmjs.org/array.prototype.flat/-/array.prototype.flat-1.3.3.tgz. Extracting by manifest.
2923 silly tarball no local data for array.prototype.findlastindex@https://registry.npmjs.org/array.prototype.findlastindex/-/array.prototype.findlastindex-1.2.6.tgz. Extracting by manifest.
2924 silly tarball no local data for array-includes@https://registry.npmjs.org/array-includes/-/array-includes-3.1.9.tgz. Extracting by manifest.
2925 silly tarball no local data for @rtsao/scc@https://registry.npmjs.org/@rtsao/scc/-/scc-1.1.0.tgz. Extracting by manifest.
2926 silly tarball no local data for unrs-resolver@https://registry.npmjs.org/unrs-resolver/-/unrs-resolver-1.12.2.tgz. Extracting by manifest.
2927 silly tarball no local data for tinyglobby@https://registry.npmjs.org/tinyglobby/-/tinyglobby-0.2.17.tgz. Extracting by manifest.
2928 silly tarball no local data for stable-hash@https://registry.npmjs.org/stable-hash/-/stable-hash-0.0.5.tgz. Extracting by manifest.
2929 silly tarball no local data for get-tsconfig@https://registry.npmjs.org/get-tsconfig/-/get-tsconfig-4.14.3.tgz. Extracting by manifest.
2930 silly tarball no local data for @nolyfill/is-core-module@https://registry.npmjs.org/@nolyfill/is-core-module/-/is-core-module-1.0.39.tgz. Extracting by manifest.
2931 silly tarball no local data for resolve@https://registry.npmjs.org/resolve/-/resolve-2.0.0-next.7.tgz. Extracting by manifest.
2932 silly tarball no local data for is-core-module@https://registry.npmjs.org/is-core-module/-/is-core-module-2.16.2.tgz. Extracting by manifest.
2933 silly tarball no local data for fast-glob@https://registry.npmjs.org/fast-glob/-/fast-glob-3.3.1.tgz. Extracting by manifest.
2934 silly tarball no local data for typescript-eslint@https://registry.npmjs.org/typescript-eslint/-/typescript-eslint-8.67.0.tgz. Extracting by manifest.
2935 silly tarball no local data for eslint-plugin-react-hooks@https://registry.npmjs.org/eslint-plugin-react-hooks/-/eslint-plugin-react-hooks-7.1.1.tgz. Extracting by manifest.
2936 silly tarball no local data for eslint-plugin-react@https://registry.npmjs.org/eslint-plugin-react/-/eslint-plugin-react-7.37.5.tgz. Extracting by manifest.
2937 silly tarball no local data for eslint-plugin-jsx-a11y@https://registry.npmjs.org/eslint-plugin-jsx-a11y/-/eslint-plugin-jsx-a11y-6.10.2.tgz. Extracting by manifest.
2938 silly tarball no local data for eslint-plugin-import@https://registry.npmjs.org/eslint-plugin-import/-/eslint-plugin-import-2.32.0.tgz. Extracting by manifest.
2939 silly tarball no local data for eslint-import-resolver-typescript@https://registry.npmjs.org/eslint-import-resolver-typescript/-/eslint-import-resolver-typescript-3.10.1.tgz. Extracting by manifest.
2940 silly tarball no local data for eslint-import-resolver-node@https://registry.npmjs.org/eslint-import-resolver-node/-/eslint-import-resolver-node-0.3.10.tgz. Extracting by manifest.
2941 silly tarball no local data for @next/eslint-plugin-next@https://registry.npmjs.org/@next/eslint-plugin-next/-/eslint-plugin-next-16.3.1.tgz. Extracting by manifest.
2942 silly tarball no local data for ms@https://registry.npmjs.org/ms/-/ms-2.1.3.tgz. Extracting by manifest.
2943 silly tarball no local data for which@https://registry.npmjs.org/which/-/which-2.0.2.tgz. Extracting by manifest.
2944 silly tarball no local data for shebang-command@https://registry.npmjs.org/shebang-command/-/shebang-command-2.0.0.tgz. Extracting by manifest.
2945 silly tarball no local data for path-key@https://registry.npmjs.org/path-key/-/path-key-3.1.1.tgz. Extracting by manifest.
2946 silly tarball no local data for color-name@https://registry.npmjs.org/color-name/-/color-name-1.1.4.tgz. Extracting by manifest.
2947 silly tarball no local data for color-convert@https://registry.npmjs.org/color-convert/-/color-convert-2.0.1.tgz. Extracting by manifest.
2948 silly tarball no local data for supports-color@https://registry.npmjs.org/supports-color/-/supports-color-7.2.0.tgz. Extracting by manifest.
2949 silly tarball no local data for ansi-styles@https://registry.npmjs.org/ansi-styles/-/ansi-styles-4.3.0.tgz. Extracting by manifest.
2950 silly tarball no local data for uri-js@https://registry.npmjs.org/uri-js/-/uri-js-4.4.1.tgz. Extracting by manifest.
2951 silly tarball no local data for fast-json-stable-stringify@https://registry.npmjs.org/fast-json-stable-stringify/-/fast-json-stable-stringify-2.1.0.tgz. Extracting by manifest.
2952 silly tarball no local data for @humanfs/types@https://registry.npmjs.org/@humanfs/types/-/types-0.15.0.tgz. Extracting by manifest.
2953 silly tarball no local data for json-schema-traverse@https://registry.npmjs.org/json-schema-traverse/-/json-schema-traverse-0.4.1.tgz. Extracting by manifest.
2954 silly tarball no local data for @humanfs/core@https://registry.npmjs.org/@humanfs/core/-/core-0.19.2.tgz. Extracting by manifest.
2955 silly tarball no local data for strip-json-comments@https://registry.npmjs.org/strip-json-comments/-/strip-json-comments-3.1.1.tgz. Extracting by manifest.
2956 silly tarball no local data for levn@https://registry.npmjs.org/levn/-/levn-0.4.1.tgz. Extracting by manifest.
2957 silly tarball no local data for js-yaml@https://registry.npmjs.org/js-yaml/-/js-yaml-4.3.1.tgz. Extracting by manifest.
2958 silly tarball no local data for import-fresh@https://registry.npmjs.org/import-fresh/-/import-fresh-3.3.1.tgz. Extracting by manifest.
2959 silly tarball no local data for is-bun-module@https://registry.npmjs.org/is-bun-module/-/is-bun-module-2.0.0.tgz. Extracting by manifest.
2960 silly tarball no local data for @types/json-schema@https://registry.npmjs.org/@types/json-schema/-/json-schema-7.0.15.tgz. Extracting by manifest.
2961 silly tarball no local data for globals@https://registry.npmjs.org/globals/-/globals-14.0.0.tgz. Extracting by manifest.
2962 silly tarball no local data for @eslint/object-schema@https://registry.npmjs.org/@eslint/object-schema/-/object-schema-2.1.7.tgz. Extracting by manifest.
2963 silly tarball no local data for optionator@https://registry.npmjs.org/optionator/-/optionator-0.9.4.tgz. Extracting by manifest.
2964 silly tarball no local data for natural-compare@https://registry.npmjs.org/natural-compare/-/natural-compare-1.4.0.tgz. Extracting by manifest.
2965 silly tarball no local data for minimatch@https://registry.npmjs.org/minimatch/-/minimatch-3.1.5.tgz. Extracting by manifest.
2966 silly tarball no local data for lodash.merge@https://registry.npmjs.org/lodash.merge/-/lodash.merge-4.6.2.tgz. Extracting by manifest.
2967 silly tarball no local data for is-glob@https://registry.npmjs.org/is-glob/-/is-glob-4.0.3.tgz. Extracting by manifest.
2968 silly tarball no local data for json-stable-stringify-without-jsonify@https://registry.npmjs.org/json-stable-stringify-without-jsonify/-/json-stable-stringify-without-jsonify-1.0.1.tgz. Extracting by manifest.
2969 silly tarball no local data for imurmurhash@https://registry.npmjs.org/imurmurhash/-/imurmurhash-0.1.4.tgz. Extracting by manifest.
2970 silly tarball no local data for ignore@https://registry.npmjs.org/ignore/-/ignore-5.3.2.tgz. Extracting by manifest.
2971 silly tarball no local data for find-up@https://registry.npmjs.org/find-up/-/find-up-5.0.0.tgz. Extracting by manifest.
2972 silly tarball no local data for esutils@https://registry.npmjs.org/esutils/-/esutils-2.0.3.tgz. Extracting by manifest.
2973 silly tarball no local data for file-entry-cache@https://registry.npmjs.org/file-entry-cache/-/file-entry-cache-8.0.0.tgz. Extracting by manifest.
2974 silly tarball no local data for fast-deep-equal@https://registry.npmjs.org/fast-deep-equal/-/fast-deep-equal-3.1.3.tgz. Extracting by manifest.
2975 silly tarball no local data for glob-parent@https://registry.npmjs.org/glob-parent/-/glob-parent-6.0.2.tgz. Extracting by manifest.
2976 silly tarball no local data for espree@https://registry.npmjs.org/espree/-/espree-10.4.0.tgz. Extracting by manifest.
2977 silly tarball no local data for esquery@https://registry.npmjs.org/esquery/-/esquery-1.7.0.tgz. Extracting by manifest.
2978 silly tarball no local data for eslint-visitor-keys@https://registry.npmjs.org/eslint-visitor-keys/-/eslint-visitor-keys-4.2.1.tgz. Extracting by manifest.
2979 silly tarball no local data for debug@https://registry.npmjs.org/debug/-/debug-4.4.3.tgz. Extracting by manifest.
2980 silly tarball no local data for escape-string-regexp@https://registry.npmjs.org/escape-string-regexp/-/escape-string-regexp-4.0.0.tgz. Extracting by manifest.
2981 silly tarball no local data for cross-spawn@https://registry.npmjs.org/cross-spawn/-/cross-spawn-7.0.6.tgz. Extracting by manifest.
2982 silly tarball no local data for eslint-scope@https://registry.npmjs.org/eslint-scope/-/eslint-scope-8.4.0.tgz. Extracting by manifest.
2983 silly tarball no local data for es-abstract@https://registry.npmjs.org/es-abstract/-/es-abstract-1.24.2.tgz. Extracting by manifest.
2984 silly tarball no local data for chalk@https://registry.npmjs.org/chalk/-/chalk-4.1.2.tgz. Extracting by manifest.
2985 silly tarball no local data for @types/estree@https://registry.npmjs.org/@types/estree/-/estree-1.0.9.tgz. Extracting by manifest.
2986 silly tarball no local data for ajv@https://registry.npmjs.org/ajv/-/ajv-6.15.0.tgz. Extracting by manifest.
2987 silly tarball no local data for @humanwhocodes/module-importer@https://registry.npmjs.org/@humanwhocodes/module-importer/-/module-importer-1.0.1.tgz. Extracting by manifest.
2988 silly tarball no local data for @humanwhocodes/retry@https://registry.npmjs.org/@humanwhocodes/retry/-/retry-0.4.3.tgz. Extracting by manifest.
2989 silly tarball no local data for @eslint/js@https://registry.npmjs.org/@eslint/js/-/js-9.39.5.tgz. Extracting by manifest.
2990 silly tarball no local data for @eslint/eslintrc@https://registry.npmjs.org/@eslint/eslintrc/-/eslintrc-3.3.6.tgz. Extracting by manifest.
2991 silly tarball no local data for @eslint/core@https://registry.npmjs.org/@eslint/core/-/core-0.17.0.tgz. Extracting by manifest.
2992 silly tarball no local data for @humanfs/node@https://registry.npmjs.org/@humanfs/node/-/node-0.16.8.tgz. Extracting by manifest.
2993 silly tarball no local data for @eslint/plugin-kit@https://registry.npmjs.org/@eslint/plugin-kit/-/plugin-kit-0.4.1.tgz. Extracting by manifest.
2994 silly tarball no local data for @eslint/config-helpers@https://registry.npmjs.org/@eslint/config-helpers/-/config-helpers-0.4.2.tgz. Extracting by manifest.
2995 silly tarball no local data for @eslint/config-array@https://registry.npmjs.org/@eslint/config-array/-/config-array-0.21.2.tgz. Extracting by manifest.
2996 silly tarball no local data for undici-types@https://registry.npmjs.org/undici-types/-/undici-types-6.21.0.tgz. Extracting by manifest.
2997 silly tarball no local data for csstype@https://registry.npmjs.org/csstype/-/csstype-3.2.3.tgz. Extracting by manifest.
2998 silly tarball no local data for @eslint-community/regexpp@https://registry.npmjs.org/@eslint-community/regexpp/-/regexpp-4.12.2.tgz. Extracting by manifest.
2999 silly tarball no local data for typescript@https://registry.npmjs.org/typescript/-/typescript-5.9.3.tgz. Extracting by manifest.
3000 silly tarball no local data for react-dom@https://registry.npmjs.org/react-dom/-/react-dom-19.2.8.tgz. Extracting by manifest.
3001 silly tarball no local data for @eslint-community/eslint-utils@https://registry.npmjs.org/@eslint-community/eslint-utils/-/eslint-utils-4.10.1.tgz. Extracting by manifest.
3002 silly tarball no local data for @types/react-dom@https://registry.npmjs.org/@types/react-dom/-/react-dom-19.2.4.tgz. Extracting by manifest.
3003 silly tarball no local data for eslint@https://registry.npmjs.org/eslint/-/eslint-9.39.5.tgz. Extracting by manifest.
3004 silly tarball no local data for react@https://registry.npmjs.org/react/-/react-19.2.8.tgz. Extracting by manifest.
3005 silly tarball no local data for next@https://registry.npmjs.org/next/-/next-16.3.1.tgz. Extracting by manifest.
3006 silly tarball no local data for eslint-config-next@https://registry.npmjs.org/eslint-config-next/-/eslint-config-next-16.3.1.tgz. Extracting by manifest.
3007 silly tarball no local data for @types/react@https://registry.npmjs.org/@types/react/-/react-19.2.18.tgz. Extracting by manifest.
3008 silly tarball no local data for semver@https://registry.npmjs.org/semver/-/semver-7.8.5.tgz. Extracting by manifest.
3009 silly tarball no local data for balanced-match@https://registry.npmjs.org/balanced-match/-/balanced-match-4.0.4.tgz. Extracting by manifest.
3010 silly tarball no local data for minimatch@https://registry.npmjs.org/minimatch/-/minimatch-10.2.6.tgz. Extracting by manifest.
3011 silly tarball no local data for semver@https://registry.npmjs.org/semver/-/semver-7.8.5.tgz. Extracting by manifest.
3012 silly tarball no local data for @types/node@https://registry.npmjs.org/@types/node/-/node-20.19.43.tgz. Extracting by manifest.
3013 silly tarball no local data for ignore@https://registry.npmjs.org/ignore/-/ignore-7.0.6.tgz. Extracting by manifest.
3014 silly tarball no local data for brace-expansion@https://registry.npmjs.org/brace-expansion/-/brace-expansion-5.0.9.tgz. Extracting by manifest.
3015 silly tarball no local data for eslint-visitor-keys@https://registry.npmjs.org/eslint-visitor-keys/-/eslint-visitor-keys-5.0.1.tgz. Extracting by manifest.
3016 silly tarball no local data for debug@https://registry.npmjs.org/debug/-/debug-3.2.7.tgz. Extracting by manifest.
3017 silly tarball no local data for json5@https://registry.npmjs.org/json5/-/json5-1.0.2.tgz. Extracting by manifest.
3018 silly tarball no local data for semver@https://registry.npmjs.org/semver/-/semver-7.8.5.tgz. Extracting by manifest.
3019 silly tarball no local data for glob-parent@https://registry.npmjs.org/glob-parent/-/glob-parent-5.1.2.tgz. Extracting by manifest.
3020 silly tarball no local data for debug@https://registry.npmjs.org/debug/-/debug-3.2.7.tgz. Extracting by manifest.
3021 silly tarball no local data for fdir@https://registry.npmjs.org/fdir/-/fdir-6.5.0.tgz. Extracting by manifest.
3022 silly tarball no local data for picomatch@https://registry.npmjs.org/picomatch/-/picomatch-4.0.5.tgz. Extracting by manifest.
3023 silly tarball no local data for debug@https://registry.npmjs.org/debug/-/debug-3.2.7.tgz. Extracting by manifest.
3024 silly tarball no local data for @eslint-community/eslint-utils@https://registry.npmjs.org/@eslint-community/eslint-utils/-/eslint-utils-4.9.1.tgz. Extracting by manifest.
3025 silly tarball no local data for eslint-visitor-keys@https://registry.npmjs.org/eslint-visitor-keys/-/eslint-visitor-keys-3.4.3.tgz. Extracting by manifest.
3026 silly tarball no local data for eslint-visitor-keys@https://registry.npmjs.org/eslint-visitor-keys/-/eslint-visitor-keys-3.4.3.tgz. Extracting by manifest.
3027 silly tarball no local data for globals@https://registry.npmjs.org/globals/-/globals-16.4.0.tgz. Extracting by manifest.
3028 http fetch GET 200 https://registry.npmjs.org/is-weakmap/-/is-weakmap-2.0.2.tgz 180ms (cache miss)
3029 http fetch GET 200 https://registry.npmjs.org/which-collection/-/which-collection-1.0.2.tgz 179ms (cache miss)
3030 http fetch GET 200 https://registry.npmjs.org/is-weakset/-/is-weakset-2.0.4.tgz 180ms (cache miss)
3031 http fetch GET 200 https://registry.npmjs.org/is-map/-/is-map-2.0.3.tgz 232ms (cache miss)
3032 http fetch GET 200 https://registry.npmjs.org/generator-function/-/generator-function-2.0.1.tgz 232ms (cache miss)
3033 http fetch GET 200 https://registry.npmjs.org/async-function/-/async-function-1.0.0.tgz 301ms (cache miss)
3034 http fetch GET 200 https://registry.npmjs.org/is-generator-function/-/is-generator-function-1.1.2.tgz 301ms (cache miss)
3035 http fetch GET 200 https://registry.npmjs.org/is-async-function/-/is-async-function-2.1.1.tgz 350ms (cache miss)
3036 http fetch GET 200 https://registry.npmjs.org/is-finalizationregistry/-/is-finalizationregistry-1.1.1.tgz 414ms (cache miss)
3037 http fetch GET 200 https://registry.npmjs.org/is-boolean-object/-/is-boolean-object-1.2.2.tgz 462ms (cache miss)
3038 http fetch GET 200 https://registry.npmjs.org/is-bigint/-/is-bigint-1.1.0.tgz 461ms (cache miss)
3039 http fetch GET 200 https://registry.npmjs.org/isexe/-/isexe-2.0.0.tgz 503ms (cache miss)
3040 http fetch GET 200 https://registry.npmjs.org/punycode/-/punycode-2.3.1.tgz 610ms (cache miss)
3041 http fetch GET 200 https://registry.npmjs.org/is-number-object/-/is-number-object-1.1.1.tgz 611ms (cache miss)
3042 http fetch GET 200 https://registry.npmjs.org/escalade/-/escalade-3.2.0.tgz 611ms (cache miss)
3043 http fetch GET 200 https://registry.npmjs.org/has-bigints/-/has-bigints-1.1.0.tgz 975ms (cache miss)
3044 http fetch GET 200 https://registry.npmjs.org/@typescript-eslint/project-service/-/project-service-8.67.0.tgz 975ms (cache miss)
3045 http fetch GET 200 https://registry.npmjs.org/which-boxed-primitive/-/which-boxed-primitive-1.1.1.tgz 976ms (cache miss)
3046 http fetch GET 200 https://registry.npmjs.org/napi-postinstall/-/napi-postinstall-0.3.4.tgz 976ms (cache miss)
3047 http fetch POST 200 https://registry.npmjs.org/-/npm/v1/security/advisories/bulk 1075ms
3048 silly audit report {}
3049 http fetch GET 200 https://registry.npmjs.org/@typescript-eslint/types/-/types-8.67.0.tgz 1049ms (cache miss)
3050 http fetch GET 200 https://registry.npmjs.org/ts-api-utils/-/ts-api-utils-2.5.0.tgz 1294ms (cache miss)
3051 http fetch GET 200 https://registry.npmjs.org/@typescript-eslint/scope-manager/-/scope-manager-8.67.0.tgz 2558ms (cache miss)
3052 http fetch GET 200 https://registry.npmjs.org/@typescript-eslint/tsconfig-utils/-/tsconfig-utils-8.67.0.tgz 2793ms (cache miss)
3053 http fetch GET 200 https://registry.npmjs.org/which-builtin-type/-/which-builtin-type-1.2.1.tgz 2793ms (cache miss)
3054 http fetch GET 200 https://registry.npmjs.org/@typescript-eslint/typescript-estree/-/typescript-estree-8.67.0.tgz 2798ms (cache miss)
3055 http fetch GET 200 https://registry.npmjs.org/reflect.getprototypeof/-/reflect.getprototypeof-1.0.10.tgz 3046ms (cache miss)
3056 http fetch GET 200 https://registry.npmjs.org/minimist/-/minimist-1.2.8.tgz 3046ms (cache miss)
3057 http fetch GET 200 https://registry.npmjs.org/@typescript-eslint/parser/-/parser-8.67.0.tgz 3046ms (cache miss)
3058 http fetch GET 200 https://registry.npmjs.org/for-each/-/for-each-0.3.5.tgz 3046ms (cache miss)
3059 http fetch GET 200 https://registry.npmjs.org/@typescript-eslint/visitor-keys/-/visitor-keys-8.67.0.tgz 4095ms (cache miss)
3060 http fetch GET 200 https://registry.npmjs.org/@typescript-eslint/type-utils/-/type-utils-8.67.0.tgz 4102ms (cache miss)
3061 http fetch GET 200 https://registry.npmjs.org/@typescript-eslint/utils/-/utils-8.67.0.tgz 4380ms (cache miss)
3062 http fetch GET 200 https://registry.npmjs.org/strip-bom/-/strip-bom-3.0.0.tgz 5330ms (cache miss)
3063 http fetch GET 200 https://registry.npmjs.org/@types/json5/-/json5-0.0.29.tgz 5330ms (cache miss)
3064 http fetch GET 200 https://registry.npmjs.org/client-only/-/client-only-0.0.1.tgz 6596ms (cache miss)
3065 http fetch GET 200 https://registry.npmjs.org/has-flag/-/has-flag-4.0.0.tgz 6596ms (cache miss)
3066 http fetch GET 200 https://registry.npmjs.org/side-channel-map/-/side-channel-map-1.0.1.tgz 6596ms (cache miss)
3067 http fetch GET 200 https://registry.npmjs.org/@img/colour/-/colour-1.1.0.tgz 6596ms (cache miss)
3068 http fetch GET 200 https://registry.npmjs.org/is-number/-/is-number-7.0.0.tgz 6596ms (cache miss)
3069 http fetch GET 200 https://registry.npmjs.org/shebang-regex/-/shebang-regex-3.0.0.tgz 6597ms (cache miss)
3070 http fetch GET 200 https://registry.npmjs.org/side-channel-weakmap/-/side-channel-weakmap-1.0.2.tgz 6597ms (cache miss)
3071 http fetch GET 200 https://registry.npmjs.org/@typescript-eslint/eslint-plugin/-/eslint-plugin-8.67.0.tgz 7025ms (cache miss)
3072 http fetch GET 200 https://registry.npmjs.org/side-channel-list/-/side-channel-list-1.0.1.tgz 7388ms (cache miss)
3073 http fetch GET 200 https://registry.npmjs.org/@emnapi/runtime/-/runtime-1.11.3.tgz 7393ms (cache miss)
3074 http fetch GET 200 https://registry.npmjs.org/isarray/-/isarray-2.0.5.tgz 8646ms (cache miss)
3075 http fetch GET 200 https://registry.npmjs.org/@img/sharp-darwin-arm64/-/sharp-darwin-arm64-0.35.3.tgz 9290ms (cache miss)
3076 http fetch GET 200 https://registry.npmjs.org/queue-microtask/-/queue-microtask-1.2.3.tgz 10988ms (cache miss)
3077 http fetch GET 200 https://registry.npmjs.org/node-exports-info/-/node-exports-info-1.6.2.tgz 10989ms (cache miss)
3078 http fetch GET 200 https://registry.npmjs.org/react-is/-/react-is-16.13.1.tgz 11067ms (cache miss)
3079 http fetch GET 200 https://registry.npmjs.org/detect-libc/-/detect-libc-2.1.2.tgz 11068ms (cache miss)
3080 http fetch GET 200 https://registry.npmjs.org/path-parse/-/path-parse-1.0.7.tgz 11068ms (cache miss)
3081 http fetch GET 200 https://registry.npmjs.org/scheduler/-/scheduler-0.27.0.tgz 11067ms (cache miss)
3082 http fetch GET 200 https://registry.npmjs.org/supports-preserve-symlinks-flag/-/supports-preserve-symlinks-flag-1.0.0.tgz 11068ms (cache miss)
3083 http fetch GET 200 https://registry.npmjs.org/loose-envify/-/loose-envify-1.4.0.tgz 11068ms (cache miss)
3084 http fetch GET 200 https://registry.npmjs.org/callsites/-/callsites-3.1.0.tgz 11761ms (cache miss)
3085 http fetch GET 200 https://registry.npmjs.org/source-map-js/-/source-map-js-1.2.1.tgz 11762ms (cache miss)
3086 http fetch GET 200 https://registry.npmjs.org/word-wrap/-/word-wrap-1.2.5.tgz 12645ms (cache miss)
3087 http fetch GET 200 https://registry.npmjs.org/nanoid/-/nanoid-3.3.18.tgz 13355ms (cache miss)
3088 http fetch GET 200 https://registry.npmjs.org/deep-is/-/deep-is-0.1.4.tgz 15943ms (cache miss)
3089 http fetch GET 200 https://registry.npmjs.org/@unrs/resolver-binding-darwin-arm64/-/resolver-binding-darwin-arm64-1.12.2.tgz 15949ms (cache miss)
3090 http fetch GET 200 https://registry.npmjs.org/tslib/-/tslib-2.8.1.tgz 16007ms (cache miss)
3091 http fetch GET 200 https://registry.npmjs.org/yocto-queue/-/yocto-queue-0.1.0.tgz 16108ms (cache miss)
3092 http fetch GET 200 https://registry.npmjs.org/p-limit/-/p-limit-3.1.0.tgz 16108ms (cache miss)
3093 http fetch GET 200 https://registry.npmjs.org/@next/env/-/env-16.3.1.tgz 16868ms (cache miss)
3094 http fetch GET 200 https://registry.npmjs.org/fast-levenshtein/-/fast-levenshtein-2.0.6.tgz 16869ms (cache miss)
3095 http fetch GET 200 https://registry.npmjs.org/postcss/-/postcss-8.5.23.tgz 16878ms (cache miss)
3096 http fetch GET 200 https://registry.npmjs.org/@swc/helpers/-/helpers-0.5.23.tgz 17727ms (cache miss)
3097 http fetch GET 200 https://registry.npmjs.org/balanced-match/-/balanced-match-1.0.2.tgz 19046ms (cache miss)
3098 http fetch GET 200 https://registry.npmjs.org/styled-jsx/-/styled-jsx-5.1.6.tgz 19105ms (cache miss)
3099 http fetch GET 200 https://registry.npmjs.org/braces/-/braces-3.0.3.tgz 20549ms (cache miss)
3100 http fetch GET 200 https://registry.npmjs.org/brace-expansion/-/brace-expansion-1.1.18.tgz 20549ms (cache miss)
3101 http fetch GET 200 https://registry.npmjs.org/fill-range/-/fill-range-7.1.1.tgz 20550ms (cache miss)
3102 http fetch GET 200 https://registry.npmjs.org/to-regex-range/-/to-regex-range-5.0.1.tgz 20551ms (cache miss)
3103 http fetch GET 200 https://registry.npmjs.org/picomatch/-/picomatch-2.3.2.tgz 20552ms (cache miss)
3104 http fetch GET 200 https://registry.npmjs.org/sharp/-/sharp-0.35.3.tgz 20761ms (cache miss)
3105 http fetch GET 200 https://registry.npmjs.org/p-locate/-/p-locate-5.0.0.tgz 20761ms (cache miss)
3106 http fetch GET 200 https://registry.npmjs.org/concat-map/-/concat-map-0.0.1.tgz 20762ms (cache miss)
3107 http fetch GET 200 https://registry.npmjs.org/type-check/-/type-check-0.4.0.tgz 20761ms (cache miss)
3108 http fetch GET 200 https://registry.npmjs.org/yallist/-/yallist-3.1.1.tgz 21257ms (cache miss)
3109 http fetch GET 200 https://registry.npmjs.org/json-buffer/-/json-buffer-3.0.1.tgz 21930ms (cache miss)
3110 http fetch GET 200 https://registry.npmjs.org/prelude-ls/-/prelude-ls-1.2.1.tgz 21930ms (cache miss)
3111 http fetch GET 200 https://registry.npmjs.org/dunder-proto/-/dunder-proto-1.0.1.tgz 23534ms (cache miss)
3112 http fetch GET 200 https://registry.npmjs.org/resolve-pkg-maps/-/resolve-pkg-maps-1.0.0.tgz 23663ms (cache miss)
3113 http fetch GET 200 https://registry.npmjs.org/object-assign/-/object-assign-4.1.1.tgz 23664ms (cache miss)
3114 http fetch GET 200 https://registry.npmjs.org/argparse/-/argparse-2.0.1.tgz 23665ms (cache miss)
3115 http fetch GET 200 https://registry.npmjs.org/is-extglob/-/is-extglob-2.1.1.tgz 23743ms (cache miss)
3116 http fetch GET 200 https://registry.npmjs.org/hermes-estree/-/hermes-estree-0.25.1.tgz 23747ms (cache miss)
3117 http fetch GET 200 https://registry.npmjs.org/set-function-name/-/set-function-name-2.0.2.tgz 23830ms (cache miss)
3118 http fetch GET 200 https://registry.npmjs.org/functions-have-names/-/functions-have-names-1.2.3.tgz 24142ms (cache miss)
3119 http fetch GET 200 https://registry.npmjs.org/parent-module/-/parent-module-1.0.1.tgz 24143ms (cache miss)
3120 http fetch GET 200 https://registry.npmjs.org/side-channel/-/side-channel-1.1.1.tgz 25367ms (cache miss)
3121 http fetch GET 200 https://registry.npmjs.org/resolve-from/-/resolve-from-4.0.0.tgz 25369ms (cache miss)
3122 http fetch GET 200 https://registry.npmjs.org/language-subtag-registry/-/language-subtag-registry-0.3.23.tgz 26451ms (cache miss)
3123 http fetch GET 200 https://registry.npmjs.org/run-parallel/-/run-parallel-1.2.0.tgz 27773ms (cache miss)
3124 http fetch GET 200 https://registry.npmjs.org/path-exists/-/path-exists-4.0.0.tgz 27773ms (cache miss)
3125 http fetch GET 200 https://registry.npmjs.org/is-document.all/-/is-document.all-1.0.0.tgz 27773ms (cache miss)
3126 http fetch GET 200 https://registry.npmjs.org/flat-cache/-/flat-cache-4.0.1.tgz 27773ms (cache miss)
3127 http fetch GET 200 https://registry.npmjs.org/flatted/-/flatted-3.4.4.tgz 27914ms (cache miss)
3128 http fetch GET 200 https://registry.npmjs.org/keyv/-/keyv-4.5.4.tgz 27914ms (cache miss)
3129 http fetch GET 200 https://registry.npmjs.org/locate-path/-/locate-path-6.0.0.tgz 27915ms (cache miss)
3130 http fetch GET 200 https://registry.npmjs.org/reusify/-/reusify-1.1.0.tgz 28121ms (cache miss)
3131 http fetch GET 200 https://registry.npmjs.org/micromatch/-/micromatch-4.0.8.tgz 28170ms (cache miss)
3132 http fetch GET 200 https://registry.npmjs.org/merge2/-/merge2-1.4.1.tgz 28400ms (cache miss)
3133 http fetch GET 200 https://registry.npmjs.org/@nodelib/fs.walk/-/fs.walk-1.2.8.tgz 28401ms (cache miss)
3134 http fetch GET 200 https://registry.npmjs.org/fastq/-/fastq-1.20.1.tgz 29001ms (cache miss)
3135 http fetch GET 200 https://registry.npmjs.org/acorn-jsx/-/acorn-jsx-5.3.2.tgz 29705ms (cache miss)
3136 http fetch GET 200 https://registry.npmjs.org/esrecurse/-/esrecurse-4.3.0.tgz 29706ms (cache miss)
3137 http fetch GET 200 https://registry.npmjs.org/@nodelib/fs.stat/-/fs.stat-2.0.5.tgz 29755ms (cache miss)
3138 http fetch GET 200 https://registry.npmjs.org/@nodelib/fs.scandir/-/fs.scandir-2.1.5.tgz 29755ms (cache miss)
3139 http fetch GET 200 https://registry.npmjs.org/update-browserslist-db/-/update-browserslist-db-1.3.1.tgz 29941ms (cache miss)
3140 http fetch GET 200 https://registry.npmjs.org/node-releases/-/node-releases-2.0.53.tgz 30303ms (cache miss)
3141 http fetch GET 200 https://registry.npmjs.org/baseline-browser-mapping/-/baseline-browser-mapping-2.11.15.tgz 30428ms (cache miss)
3142 http fetch GET 200 https://registry.npmjs.org/@jridgewell/resolve-uri/-/resolve-uri-3.1.2.tgz 31035ms (cache miss)
3143 http fetch GET 200 https://registry.npmjs.org/@babel/helper-string-parser/-/helper-string-parser-7.29.7.tgz 31736ms (cache miss)
3144 http fetch GET 200 https://registry.npmjs.org/acorn/-/acorn-8.18.0.tgz 32316ms (cache miss)
3145 http fetch GET 200 https://registry.npmjs.org/electron-to-chromium/-/electron-to-chromium-1.5.408.tgz 32316ms (cache miss)
3146 http fetch GET 200 https://registry.npmjs.org/lru-cache/-/lru-cache-5.1.1.tgz 34483ms (cache miss)
3147 http fetch GET 200 https://registry.npmjs.org/browserslist/-/browserslist-4.28.8.tgz 34484ms (cache miss)
3148 http fetch GET 200 https://registry.npmjs.org/@babel/helper-module-imports/-/helper-module-imports-7.29.7.tgz 34486ms (cache miss)
3149 http fetch GET 200 https://registry.npmjs.org/@jridgewell/sourcemap-codec/-/sourcemap-codec-1.5.5.tgz 34489ms (cache miss)
3150 http fetch GET 200 https://registry.npmjs.org/@babel/helper-validator-option/-/helper-validator-option-7.29.7.tgz 35266ms (cache miss)
3151 http fetch GET 200 https://registry.npmjs.org/jsesc/-/jsesc-3.1.0.tgz 35267ms (cache miss)
3152 http fetch GET 200 https://registry.npmjs.org/@jridgewell/trace-mapping/-/trace-mapping-0.3.31.tgz 35273ms (cache miss)
3153 http fetch GET 200 https://registry.npmjs.org/caniuse-lite/-/caniuse-lite-1.0.30001809.tgz 35431ms (cache miss)
3154 http fetch GET 200 https://registry.npmjs.org/@babel/compat-data/-/compat-data-7.29.7.tgz 35954ms (cache miss)
3155 http fetch GET 200 https://registry.npmjs.org/@jridgewell/gen-mapping/-/gen-mapping-0.3.13.tgz 35995ms (cache miss)
3156 http fetch GET 200 https://registry.npmjs.org/@babel/helper-validator-identifier/-/helper-validator-identifier-7.29.7.tgz 36361ms (cache miss)
3157 http fetch GET 200 https://registry.npmjs.org/picocolors/-/picocolors-1.1.1.tgz 36466ms (cache miss)
3158 http fetch GET 200 https://registry.npmjs.org/json5/-/json5-2.2.3.tgz 36470ms (cache miss)
3159 http fetch GET 200 https://registry.npmjs.org/js-tokens/-/js-tokens-4.0.0.tgz 38532ms (cache miss)
3160 http fetch GET 200 https://registry.npmjs.org/convert-source-map/-/convert-source-map-2.0.0.tgz 38533ms (cache miss)
3161 http fetch GET 200 https://registry.npmjs.org/@babel/helper-globals/-/helper-globals-7.29.7.tgz 39565ms (cache miss)
3162 http fetch GET 200 https://registry.npmjs.org/@jridgewell/remapping/-/remapping-2.3.5.tgz 40174ms (cache miss)
3163 http fetch GET 200 https://registry.npmjs.org/gensync/-/gensync-1.0.0-beta.2.tgz 41893ms (cache miss)
3164 http fetch GET 200 https://registry.npmjs.org/@babel/template/-/template-7.29.7.tgz 41927ms (cache miss)
3165 http fetch GET 200 https://registry.npmjs.org/@babel/traverse/-/traverse-7.29.8.tgz 42258ms (cache miss)
3166 http fetch GET 200 https://registry.npmjs.org/@babel/helper-module-transforms/-/helper-module-transforms-7.29.7.tgz 42354ms (cache miss)
3167 http fetch GET 200 https://registry.npmjs.org/@babel/helper-compilation-targets/-/helper-compilation-targets-7.29.7.tgz 43019ms (cache miss)
3168 http fetch GET 200 https://registry.npmjs.org/@babel/generator/-/generator-7.29.8.tgz 43025ms (cache miss)
3169 http fetch GET 200 https://registry.npmjs.org/@babel/helpers/-/helpers-7.29.7.tgz 43188ms (cache miss)
3170 http fetch GET 200 https://registry.npmjs.org/zod-validation-error/-/zod-validation-error-4.0.2.tgz 45634ms (cache miss)
3171 http fetch GET 200 https://registry.npmjs.org/@babel/types/-/types-7.29.8.tgz 45750ms (cache miss)
3172 http fetch GET 200 https://registry.npmjs.org/@babel/code-frame/-/code-frame-7.29.7.tgz 46510ms (cache miss)
3173 http fetch GET 200 https://registry.npmjs.org/iterator.prototype/-/iterator.prototype-1.1.5.tgz 49695ms (cache miss)
3174 http fetch GET 200 https://registry.npmjs.org/string.prototype.matchall/-/string.prototype.matchall-4.0.12.tgz 49694ms (cache miss)
3175 http fetch GET 200 https://registry.npmjs.org/estraverse/-/estraverse-5.3.0.tgz 50721ms (cache miss)
3176 http fetch GET 200 https://registry.npmjs.org/object.entries/-/object.entries-1.1.9.tgz 50721ms (cache miss)
3177 http fetch GET 200 https://registry.npmjs.org/prop-types/-/prop-types-15.8.1.tgz 50724ms (cache miss)
3178 http fetch GET 200 https://registry.npmjs.org/string.prototype.repeat/-/string.prototype.repeat-1.0.0.tgz 52375ms (cache miss)
3179 http fetch GET 200 https://registry.npmjs.org/es-iterator-helpers/-/es-iterator-helpers-1.4.0.tgz 52539ms (cache miss)
3180 http fetch GET 200 https://registry.npmjs.org/@babel/core/-/core-7.29.7.tgz 53166ms (cache miss)
3181 http fetch GET 200 https://registry.npmjs.org/hermes-parser/-/hermes-parser-0.25.1.tgz 53837ms (cache miss)
3182 http fetch GET 200 https://registry.npmjs.org/array.prototype.findlast/-/array.prototype.findlast-1.2.5.tgz 53886ms (cache miss)
3183 http fetch GET 200 https://registry.npmjs.org/language-tags/-/language-tags-1.0.9.tgz 56041ms (cache miss)
3184 http fetch GET 200 https://registry.npmjs.org/string.prototype.includes/-/string.prototype.includes-2.0.1.tgz 56041ms (cache miss)
3185 http fetch GET 200 https://registry.npmjs.org/axobject-query/-/axobject-query-4.1.0.tgz 56405ms (cache miss)
3186 http fetch GET 200 https://registry.npmjs.org/jsx-ast-utils/-/jsx-ast-utils-3.3.5.tgz 56494ms (cache miss)
3187 http fetch GET 200 https://registry.npmjs.org/emoji-regex/-/emoji-regex-9.2.2.tgz 56528ms (cache miss)
3188 http fetch GET 200 https://registry.npmjs.org/damerau-levenshtein/-/damerau-levenshtein-1.0.8.tgz 57895ms (cache miss)
3189 http fetch GET 200 https://registry.npmjs.org/array.prototype.tosorted/-/array.prototype.tosorted-1.1.4.tgz 57896ms (cache miss)
3190 http fetch GET 200 https://registry.npmjs.org/@babel/parser/-/parser-7.29.8.tgz 57975ms (cache miss)
3191 http fetch GET 200 https://registry.npmjs.org/ast-types-flow/-/ast-types-flow-0.0.8.tgz 58632ms (cache miss)
3192 http fetch GET 200 https://registry.npmjs.org/is-symbol/-/is-symbol-1.1.1.tgz 58632ms (cache miss)
3193 http fetch GET 200 https://registry.npmjs.org/has-tostringtag/-/has-tostringtag-1.0.2.tgz 60369ms (cache miss)
3194 http fetch GET 200 https://registry.npmjs.org/zod/-/zod-4.4.3.tgz 60386ms (cache miss)
3195 http fetch GET 200 https://registry.npmjs.org/aria-query/-/aria-query-5.3.2.tgz 60430ms (cache miss)
3196 http fetch GET 200 https://registry.npmjs.org/is-date-object/-/is-date-object-1.1.0.tgz 60881ms (cache miss)
3197 http fetch GET 200 https://registry.npmjs.org/es-abstract-get/-/es-abstract-get-1.0.0.tgz 61450ms (cache miss)
3198 http fetch GET 200 https://registry.npmjs.org/possible-typed-array-names/-/possible-typed-array-names-1.1.0.tgz 61450ms (cache miss)
3199 http fetch GET 200 https://registry.npmjs.org/which-typed-array/-/which-typed-array-1.1.22.tgz 62337ms (cache miss)
3200 http fetch GET 200 https://registry.npmjs.org/typed-array-byte-length/-/typed-array-byte-length-1.0.3.tgz 62396ms (cache miss)
3201 http fetch GET 200 https://registry.npmjs.org/typed-array-length/-/typed-array-length-1.0.8.tgz 62398ms (cache miss)
3202 http fetch GET 200 https://registry.npmjs.org/typed-array-buffer/-/typed-array-buffer-1.0.3.tgz 63725ms (cache miss)
3203 http fetch GET 200 https://registry.npmjs.org/typed-array-byte-offset/-/typed-array-byte-offset-1.0.4.tgz 63726ms (cache miss)
3204 http fetch GET 200 https://registry.npmjs.org/string.prototype.trim/-/string.prototype.trim-1.2.11.tgz 64157ms (cache miss)
3205 http fetch GET 200 https://registry.npmjs.org/unbox-primitive/-/unbox-primitive-1.1.0.tgz 64157ms (cache miss)
3206 http fetch GET 200 https://registry.npmjs.org/string.prototype.trimstart/-/string.prototype.trimstart-1.0.8.tgz 64157ms (cache miss)
3207 http fetch GET 200 https://registry.npmjs.org/stop-iteration-iterator/-/stop-iteration-iterator-1.1.0.tgz 64581ms (cache miss)
3208 http fetch GET 200 https://registry.npmjs.org/safe-regex-test/-/safe-regex-test-1.1.0.tgz 65003ms (cache miss)
3209 http fetch GET 200 https://registry.npmjs.org/safe-array-concat/-/safe-array-concat-1.1.4.tgz 65057ms (cache miss)
3210 http fetch GET 200 https://registry.npmjs.org/safe-push-apply/-/safe-push-apply-1.0.0.tgz 66448ms (cache miss)
3211 http fetch GET 200 https://registry.npmjs.org/own-keys/-/own-keys-1.0.2.tgz 66449ms (cache miss)
3212 http fetch GET 200 https://registry.npmjs.org/regexp.prototype.flags/-/regexp.prototype.flags-1.5.4.tgz 66449ms (cache miss)
3213 http fetch GET 200 https://registry.npmjs.org/axe-core/-/axe-core-4.13.0.tgz 66919ms (cache miss)
3214 http fetch GET 200 https://registry.npmjs.org/set-proto/-/set-proto-1.0.0.tgz 67452ms (cache miss)
3215 http fetch GET 200 https://registry.npmjs.org/object.assign/-/object.assign-4.1.7.tgz 67460ms (cache miss)
3216 http fetch GET 200 https://registry.npmjs.org/@img/sharp-wasm32/-/sharp-wasm32-0.35.3.tgz 67640ms (cache miss)
3217 http fetch GET 200 https://registry.npmjs.org/is-weakref/-/is-weakref-1.1.1.tgz 67627ms (cache miss)
3218 http fetch GET 200 https://registry.npmjs.org/is-typed-array/-/is-typed-array-1.1.15.tgz 67628ms (cache miss)
3219 http fetch GET 200 https://registry.npmjs.org/is-shared-array-buffer/-/is-shared-array-buffer-1.0.4.tgz 67628ms (cache miss)
3220 http fetch GET 200 https://registry.npmjs.org/is-set/-/is-set-2.0.3.tgz 68316ms (cache miss)
3221 http fetch GET 200 https://registry.npmjs.org/is-data-view/-/is-data-view-1.0.2.tgz 68909ms (cache miss)
3222 http fetch GET 200 https://registry.npmjs.org/is-regex/-/is-regex-1.2.1.tgz 68909ms (cache miss)
3223 http fetch GET 200 https://registry.npmjs.org/is-negative-zero/-/is-negative-zero-2.0.3.tgz 68910ms (cache miss)
3224 http fetch GET 200 https://registry.npmjs.org/is-callable/-/is-callable-1.2.7.tgz 68910ms (cache miss)
3225 http fetch GET 200 https://registry.npmjs.org/object-inspect/-/object-inspect-1.13.4.tgz 69024ms (cache miss)
3226 http fetch GET 200 https://registry.npmjs.org/is-array-buffer/-/is-array-buffer-3.0.5.tgz 69710ms (cache miss)
3227 http fetch GET 200 https://registry.npmjs.org/has-proto/-/has-proto-1.2.0.tgz 70086ms (cache miss)
3228 http fetch GET 200 https://registry.npmjs.org/has-symbols/-/has-symbols-1.1.0.tgz 70085ms (cache miss)
3229 http fetch GET 200 https://registry.npmjs.org/get-symbol-description/-/get-symbol-description-1.1.0.tgz 70120ms (cache miss)
3230 http fetch GET 200 https://registry.npmjs.org/function.prototype.name/-/function.prototype.name-1.2.0.tgz 70120ms (cache miss)
3231 http fetch GET 200 https://registry.npmjs.org/globalthis/-/globalthis-1.0.4.tgz 70376ms (cache miss)
3232 http fetch GET 200 https://registry.npmjs.org/internal-slot/-/internal-slot-1.1.0.tgz 70377ms (cache miss)
3233 http fetch GET 200 https://registry.npmjs.org/get-proto/-/get-proto-1.0.1.tgz 70454ms (cache miss)
3234 http fetch GET 200 https://registry.npmjs.org/es-to-primitive/-/es-to-primitive-1.3.4.tgz 70765ms (cache miss)
3235 http fetch GET 200 https://registry.npmjs.org/arraybuffer.prototype.slice/-/arraybuffer.prototype.slice-1.0.4.tgz 70855ms (cache miss)
3236 http fetch GET 200 https://registry.npmjs.org/data-view-buffer/-/data-view-buffer-1.0.2.tgz 70855ms (cache miss)
3237 http fetch GET 200 https://registry.npmjs.org/es-set-tostringtag/-/es-set-tostringtag-2.1.0.tgz 70855ms (cache miss)
3238 http fetch GET 200 https://registry.npmjs.org/data-view-byte-offset/-/data-view-byte-offset-1.0.1.tgz 70855ms (cache miss)
3239 http fetch GET 200 https://registry.npmjs.org/array-buffer-byte-length/-/array-buffer-byte-length-1.0.2.tgz 71257ms (cache miss)
3240 http fetch GET 200 https://registry.npmjs.org/gopd/-/gopd-1.2.0.tgz 71641ms (cache miss)
3241 http fetch GET 200 https://registry.npmjs.org/function-bind/-/function-bind-1.1.2.tgz 71940ms (cache miss)
3242 http fetch GET 200 https://registry.npmjs.org/object-keys/-/object-keys-1.1.1.tgz 71941ms (cache miss)
3243 http fetch GET 200 https://registry.npmjs.org/set-function-length/-/set-function-length-1.2.2.tgz 71941ms (cache miss)
3244 http fetch GET 200 https://registry.npmjs.org/available-typed-arrays/-/available-typed-arrays-1.0.7.tgz 71941ms (cache miss)
3245 http fetch GET 200 https://registry.npmjs.org/define-data-property/-/define-data-property-1.1.4.tgz 71941ms (cache miss)
3246 http fetch GET 200 https://registry.npmjs.org/data-view-byte-length/-/data-view-byte-length-1.0.2.tgz 71942ms (cache miss)
3247 http fetch GET 200 https://registry.npmjs.org/has-property-descriptors/-/has-property-descriptors-1.0.2.tgz 73160ms (cache miss)
3248 http fetch GET 200 https://registry.npmjs.org/call-bind-apply-helpers/-/call-bind-apply-helpers-1.0.2.tgz 73160ms (cache miss)
3249 http fetch GET 200 https://registry.npmjs.org/es-errors/-/es-errors-1.3.0.tgz 73161ms (cache miss)
3250 http fetch GET 200 https://registry.npmjs.org/es-define-property/-/es-define-property-1.0.1.tgz 73161ms (cache miss)
3251 http fetch GET 200 https://registry.npmjs.org/math-intrinsics/-/math-intrinsics-1.1.0.tgz 73161ms (cache miss)
3252 http fetch GET 200 https://registry.npmjs.org/is-string/-/is-string-1.1.1.tgz 74912ms (cache miss)
3253 http fetch GET 200 https://registry.npmjs.org/es-shim-unscopables/-/es-shim-unscopables-1.1.0.tgz 74913ms (cache miss)
3254 http fetch GET 200 https://registry.npmjs.org/define-properties/-/define-properties-1.2.1.tgz 74913ms (cache miss)
3255 http fetch GET 200 https://registry.npmjs.org/get-intrinsic/-/get-intrinsic-1.3.0.tgz 74912ms (cache miss)
3256 http fetch GET 200 https://registry.npmjs.org/call-bound/-/call-bound-1.0.4.tgz 75144ms (cache miss)
3257 http fetch GET 200 https://registry.npmjs.org/string.prototype.trimend/-/string.prototype.trimend-1.0.10.tgz 75145ms (cache miss)
3258 http fetch GET 200 https://registry.npmjs.org/object.values/-/object.values-1.2.1.tgz 76429ms (cache miss)
3259 http fetch GET 200 https://registry.npmjs.org/es-object-atoms/-/es-object-atoms-1.1.2.tgz 76430ms (cache miss)
3260 http fetch GET 200 https://registry.npmjs.org/call-bind/-/call-bind-1.0.9.tgz 79526ms (cache miss)
3261 http fetch GET 200 https://registry.npmjs.org/object.groupby/-/object.groupby-1.0.3.tgz 88460ms (cache miss)
3262 http fetch GET 200 https://registry.npmjs.org/semver/-/semver-6.3.1.tgz 89116ms (cache miss)
3263 http fetch GET 200 https://registry.npmjs.org/hasown/-/hasown-2.0.4.tgz 89457ms (cache miss)
3264 http fetch GET 200 https://registry.npmjs.org/tsconfig-paths/-/tsconfig-paths-3.15.0.tgz 91092ms (cache miss)
3265 http fetch GET 200 https://registry.npmjs.org/object.fromentries/-/object.fromentries-2.0.8.tgz 95878ms (cache miss)
3266 http fetch GET 200 https://registry.npmjs.org/array.prototype.flatmap/-/array.prototype.flatmap-1.3.3.tgz 95878ms (cache miss)
3267 http fetch GET 200 https://registry.npmjs.org/eslint-module-utils/-/eslint-module-utils-2.14.0.tgz 96657ms (cache miss)
3268 http fetch GET 200 https://registry.npmjs.org/doctrine/-/doctrine-2.1.0.tgz 97233ms (cache miss)
3269 http fetch GET 200 https://registry.npmjs.org/array-includes/-/array-includes-3.1.9.tgz 100563ms (cache miss)
3270 http fetch GET 200 https://registry.npmjs.org/array.prototype.findlastindex/-/array.prototype.findlastindex-1.2.6.tgz 100975ms (cache miss)
3271 http fetch GET 200 https://registry.npmjs.org/unrs-resolver/-/unrs-resolver-1.12.2.tgz 101427ms (cache miss)
3272 http fetch GET 200 https://registry.npmjs.org/@rtsao/scc/-/scc-1.1.0.tgz 101428ms (cache miss)
3273 http fetch GET 200 https://registry.npmjs.org/array.prototype.flat/-/array.prototype.flat-1.3.3.tgz 101428ms (cache miss)
3274 http fetch GET 200 https://registry.npmjs.org/get-tsconfig/-/get-tsconfig-4.14.3.tgz 112468ms (cache miss)
3275 http fetch GET 200 https://registry.npmjs.org/@nolyfill/is-core-module/-/is-core-module-1.0.39.tgz 113092ms (cache miss)
3276 http fetch GET 200 https://registry.npmjs.org/stable-hash/-/stable-hash-0.0.5.tgz 113094ms (cache miss)
3277 http fetch GET 200 https://registry.npmjs.org/tinyglobby/-/tinyglobby-0.2.17.tgz 113094ms (cache miss)
3278 http fetch GET 200 https://registry.npmjs.org/is-core-module/-/is-core-module-2.16.2.tgz 116280ms (cache miss)
3279 http fetch GET 200 https://registry.npmjs.org/typescript-eslint/-/typescript-eslint-8.67.0.tgz 116901ms (cache miss)
3280 http fetch GET 200 https://registry.npmjs.org/resolve/-/resolve-2.0.0-next.7.tgz 118148ms (cache miss)
3281 http fetch GET 200 https://registry.npmjs.org/fast-glob/-/fast-glob-3.3.1.tgz 118484ms (cache miss)
3282 http fetch GET 200 https://registry.npmjs.org/eslint-import-resolver-typescript/-/eslint-import-resolver-typescript-3.10.1.tgz 132288ms (cache miss)
3283 http fetch GET 200 https://registry.npmjs.org/eslint-import-resolver-node/-/eslint-import-resolver-node-0.3.10.tgz 136686ms (cache miss)
3284 http fetch GET 200 https://registry.npmjs.org/ms/-/ms-2.1.3.tgz 137955ms (cache miss)
3285 http fetch GET 200 https://registry.npmjs.org/which/-/which-2.0.2.tgz 137956ms (cache miss)
3286 http fetch GET 200 https://registry.npmjs.org/@next/eslint-plugin-next/-/eslint-plugin-next-16.3.1.tgz 138074ms (cache miss)
3287 http fetch GET 200 https://registry.npmjs.org/eslint-plugin-react/-/eslint-plugin-react-7.37.5.tgz 138493ms (cache miss)
3288 http fetch GET 200 https://registry.npmjs.org/eslint-plugin-jsx-a11y/-/eslint-plugin-jsx-a11y-6.10.2.tgz 140341ms (cache miss)
3289 http fetch GET 200 https://registry.npmjs.org/shebang-command/-/shebang-command-2.0.0.tgz 141747ms (cache miss)
3290 http fetch GET 200 https://registry.npmjs.org/color-name/-/color-name-1.1.4.tgz 141747ms (cache miss)
3291 http fetch GET 200 https://registry.npmjs.org/path-key/-/path-key-3.1.1.tgz 141748ms (cache miss)
3292 http fetch GET 200 https://registry.npmjs.org/color-convert/-/color-convert-2.0.1.tgz 142068ms (cache miss)
3293 http fetch GET 200 https://registry.npmjs.org/supports-color/-/supports-color-7.2.0.tgz 146858ms (cache miss)
3294 http fetch GET 200 https://registry.npmjs.org/ansi-styles/-/ansi-styles-4.3.0.tgz 149951ms (cache miss)
3295 http fetch GET 200 https://registry.npmjs.org/fast-json-stable-stringify/-/fast-json-stable-stringify-2.1.0.tgz 151248ms (cache miss)
3296 http fetch GET 200 https://registry.npmjs.org/json-schema-traverse/-/json-schema-traverse-0.4.1.tgz 152345ms (cache miss)
3297 http fetch GET 200 https://registry.npmjs.org/@humanfs/types/-/types-0.15.0.tgz 152346ms (cache miss)
3298 http fetch GET 200 https://registry.npmjs.org/eslint-plugin-import/-/eslint-plugin-import-2.32.0.tgz 152484ms (cache miss)
3299 http fetch GET 200 https://registry.npmjs.org/@humanfs/core/-/core-0.19.2.tgz 152651ms (cache miss)
3300 http fetch GET 200 https://registry.npmjs.org/strip-json-comments/-/strip-json-comments-3.1.1.tgz 154213ms (cache miss)
3301 http fetch GET 200 https://registry.npmjs.org/levn/-/levn-0.4.1.tgz 154217ms (cache miss)
3302 http fetch GET 200 https://registry.npmjs.org/import-fresh/-/import-fresh-3.3.1.tgz 154734ms (cache miss)
3303 http fetch GET 200 https://registry.npmjs.org/is-bun-module/-/is-bun-module-2.0.0.tgz 155166ms (cache miss)
3304 http fetch GET 200 https://registry.npmjs.org/eslint-plugin-react-hooks/-/eslint-plugin-react-hooks-7.1.1.tgz 155168ms (cache miss)
3305 http fetch GET 200 https://registry.npmjs.org/uri-js/-/uri-js-4.4.1.tgz 155172ms (cache miss)
3306 http fetch GET 200 https://registry.npmjs.org/js-yaml/-/js-yaml-4.3.1.tgz 155308ms (cache miss)
3307 http fetch GET 200 https://registry.npmjs.org/@types/json-schema/-/json-schema-7.0.15.tgz 155627ms (cache miss)
3308 http fetch GET 200 https://registry.npmjs.org/optionator/-/optionator-0.9.4.tgz 155644ms (cache miss)
3309 http fetch GET 200 https://registry.npmjs.org/natural-compare/-/natural-compare-1.4.0.tgz 155645ms (cache miss)
3310 http fetch GET 200 https://registry.npmjs.org/minimatch/-/minimatch-3.1.5.tgz 155659ms (cache miss)
3311 http fetch GET 200 https://registry.npmjs.org/globals/-/globals-14.0.0.tgz 155674ms (cache miss)
3312 http fetch GET 200 https://registry.npmjs.org/@eslint/object-schema/-/object-schema-2.1.7.tgz 155674ms (cache miss)
3313 http fetch GET 200 https://registry.npmjs.org/is-glob/-/is-glob-4.0.3.tgz 155683ms (cache miss)
3314 http fetch GET 200 https://registry.npmjs.org/lodash.merge/-/lodash.merge-4.6.2.tgz 155683ms (cache miss)
3315 http fetch GET 200 https://registry.npmjs.org/json-stable-stringify-without-jsonify/-/json-stable-stringify-without-jsonify-1.0.1.tgz 155810ms (cache miss)
3316 http fetch GET 200 https://registry.npmjs.org/imurmurhash/-/imurmurhash-0.1.4.tgz 155916ms (cache miss)
3317 http fetch GET 200 https://registry.npmjs.org/find-up/-/find-up-5.0.0.tgz 155916ms (cache miss)
3318 http fetch GET 200 https://registry.npmjs.org/ignore/-/ignore-5.3.2.tgz 155917ms (cache miss)
3319 http fetch GET 200 https://registry.npmjs.org/esutils/-/esutils-2.0.3.tgz 155930ms (cache miss)
3320 http fetch GET 200 https://registry.npmjs.org/escape-string-regexp/-/escape-string-regexp-4.0.0.tgz 156101ms (cache miss)
3321 http fetch GET 200 https://registry.npmjs.org/fast-deep-equal/-/fast-deep-equal-3.1.3.tgz 156117ms (cache miss)
3322 http fetch GET 200 https://registry.npmjs.org/eslint-visitor-keys/-/eslint-visitor-keys-4.2.1.tgz 156117ms (cache miss)
3323 http fetch GET 200 https://registry.npmjs.org/glob-parent/-/glob-parent-6.0.2.tgz 156131ms (cache miss)
3324 http fetch GET 200 https://registry.npmjs.org/debug/-/debug-4.4.3.tgz 156130ms (cache miss)
3325 http fetch GET 200 https://registry.npmjs.org/file-entry-cache/-/file-entry-cache-8.0.0.tgz 156132ms (cache miss)
3326 http fetch GET 200 https://registry.npmjs.org/espree/-/espree-10.4.0.tgz 156145ms (cache miss)
3327 http fetch GET 200 https://registry.npmjs.org/cross-spawn/-/cross-spawn-7.0.6.tgz 156290ms (cache miss)
3328 http fetch GET 200 https://registry.npmjs.org/chalk/-/chalk-4.1.2.tgz 156365ms (cache miss)
3329 http fetch GET 200 https://registry.npmjs.org/eslint-scope/-/eslint-scope-8.4.0.tgz 156379ms (cache miss)
3330 http fetch GET 200 https://registry.npmjs.org/@types/estree/-/estree-1.0.9.tgz 156437ms (cache miss)
3331 http fetch GET 200 https://registry.npmjs.org/esquery/-/esquery-1.7.0.tgz 156446ms (cache miss)
3332 http fetch GET 200 https://registry.npmjs.org/@humanwhocodes/retry/-/retry-0.4.3.tgz 156610ms (cache miss)
3333 http fetch GET 200 https://registry.npmjs.org/@humanwhocodes/module-importer/-/module-importer-1.0.1.tgz 156610ms (cache miss)
3334 http fetch GET 200 https://registry.npmjs.org/@humanfs/node/-/node-0.16.8.tgz 156673ms (cache miss)
3335 http fetch GET 200 https://registry.npmjs.org/@eslint/core/-/core-0.17.0.tgz 156673ms (cache miss)
3336 http fetch GET 200 https://registry.npmjs.org/@eslint/js/-/js-9.39.5.tgz 156712ms (cache miss)
3337 http fetch GET 200 https://registry.npmjs.org/es-abstract/-/es-abstract-1.24.2.tgz 156722ms (cache miss)
3338 http fetch GET 200 https://registry.npmjs.org/@eslint/plugin-kit/-/plugin-kit-0.4.1.tgz 156841ms (cache miss)
3339 http fetch GET 200 https://registry.npmjs.org/ajv/-/ajv-6.15.0.tgz 156855ms (cache miss)
3340 http fetch GET 200 https://registry.npmjs.org/@eslint/config-helpers/-/config-helpers-0.4.2.tgz 156896ms (cache miss)
3341 http fetch GET 200 https://registry.npmjs.org/@eslint/config-array/-/config-array-0.21.2.tgz 156897ms (cache miss)
3342 http fetch GET 200 https://registry.npmjs.org/@eslint/eslintrc/-/eslintrc-3.3.6.tgz 156903ms (cache miss)
3343 http fetch GET 200 https://registry.npmjs.org/undici-types/-/undici-types-6.21.0.tgz 156904ms (cache miss)
3344 http fetch GET 200 https://registry.npmjs.org/@eslint-community/regexpp/-/regexpp-4.12.2.tgz 157146ms (cache miss)
3345 http fetch GET 200 https://registry.npmjs.org/@types/react-dom/-/react-dom-19.2.4.tgz 157226ms (cache miss)
3346 http fetch GET 200 https://registry.npmjs.org/csstype/-/csstype-3.2.3.tgz 157250ms (cache miss)
3347 http fetch GET 200 https://registry.npmjs.org/@eslint-community/eslint-utils/-/eslint-utils-4.10.1.tgz 157251ms (cache miss)
3348 http fetch GET 200 https://registry.npmjs.org/eslint-config-next/-/eslint-config-next-16.3.1.tgz 157329ms (cache miss)
3349 http fetch GET 200 https://registry.npmjs.org/balanced-match/-/balanced-match-4.0.4.tgz 157329ms (cache miss)
3350 http fetch GET 200 https://registry.npmjs.org/semver/-/semver-7.8.5.tgz 157336ms (cache miss)
3351 http fetch GET 200 https://registry.npmjs.org/react/-/react-19.2.8.tgz 157394ms (cache miss)
3352 http fetch GET 200 https://registry.npmjs.org/@types/react/-/react-19.2.18.tgz 157413ms (cache miss)
3353 http fetch GET 200 https://registry.npmjs.org/minimatch/-/minimatch-10.2.6.tgz 157710ms (cache miss)
3354 http fetch GET 200 https://registry.npmjs.org/semver/-/semver-7.8.5.tgz 157744ms (cache miss)
3355 http fetch GET 200 https://registry.npmjs.org/ignore/-/ignore-7.0.6.tgz 157752ms (cache miss)
3356 http fetch GET 200 https://registry.npmjs.org/brace-expansion/-/brace-expansion-5.0.9.tgz 157835ms (cache miss)
3357 http fetch GET 200 https://registry.npmjs.org/eslint-visitor-keys/-/eslint-visitor-keys-5.0.1.tgz 157836ms (cache miss)
3358 http fetch GET 200 https://registry.npmjs.org/debug/-/debug-3.2.7.tgz 157861ms (cache miss)
3359 http fetch GET 200 https://registry.npmjs.org/semver/-/semver-7.8.5.tgz 157865ms (cache miss)
3360 http fetch GET 200 https://registry.npmjs.org/json5/-/json5-1.0.2.tgz 157870ms (cache miss)
3361 http fetch GET 200 https://registry.npmjs.org/eslint/-/eslint-9.39.5.tgz 158060ms (cache miss)
3362 http fetch GET 200 https://registry.npmjs.org/glob-parent/-/glob-parent-5.1.2.tgz 158101ms (cache miss)
3363 http fetch GET 200 https://registry.npmjs.org/fdir/-/fdir-6.5.0.tgz 158118ms (cache miss)
3364 http fetch GET 200 https://registry.npmjs.org/debug/-/debug-3.2.7.tgz 158118ms (cache miss)
3365 http fetch GET 200 https://registry.npmjs.org/eslint-visitor-keys/-/eslint-visitor-keys-3.4.3.tgz 158187ms (cache miss)
3366 http fetch GET 200 https://registry.npmjs.org/debug/-/debug-3.2.7.tgz 158187ms (cache miss)
3367 http fetch GET 200 https://registry.npmjs.org/picomatch/-/picomatch-4.0.5.tgz 158187ms (cache miss)
3368 http fetch GET 200 https://registry.npmjs.org/eslint-visitor-keys/-/eslint-visitor-keys-3.4.3.tgz 158193ms (cache miss)
3369 http fetch GET 200 https://registry.npmjs.org/@types/node/-/node-20.19.43.tgz 158238ms (cache miss)
3370 http fetch GET 200 https://registry.npmjs.org/globals/-/globals-16.4.0.tgz 158329ms (cache miss)
3371 http fetch GET 200 https://registry.npmjs.org/@eslint-community/eslint-utils/-/eslint-utils-4.9.1.tgz 158442ms (cache miss)
3372 http fetch GET 200 https://registry.npmjs.org/react-dom/-/react-dom-19.2.8.tgz 158540ms (cache miss)
3373 http fetch GET 200 https://registry.npmjs.org/@img/sharp-libvips-darwin-arm64/-/sharp-libvips-darwin-arm64-1.3.2.tgz 158873ms (cache miss)
3374 http fetch GET 200 https://registry.npmjs.org/typescript/-/typescript-5.9.3.tgz 159351ms (cache miss)
3375 http fetch GET 200 https://registry.npmjs.org/@next/swc-darwin-arm64/-/swc-darwin-arm64-16.3.1.tgz 162220ms (cache miss)
3376 http fetch GET 200 https://registry.npmjs.org/next/-/next-16.3.1.tgz 163637ms (cache miss)
3377 info run unrs-resolver@1.12.2 postinstall node_modules/unrs-resolver node postinstall.js
3378 info run unrs-resolver@1.12.2 postinstall { code: 0, signal: null }
3379 silly ADD node_modules/is-weakset
3380 silly ADD node_modules/is-weakmap
3381 silly ADD node_modules/is-map
3382 silly ADD node_modules/generator-function
3383 silly ADD node_modules/async-function
3384 silly ADD node_modules/which-collection
3385 silly ADD node_modules/is-generator-function
3386 silly ADD node_modules/is-finalizationregistry
3387 silly ADD node_modules/is-async-function
3388 silly ADD node_modules/is-number-object
3389 silly ADD node_modules/is-boolean-object
3390 silly ADD node_modules/is-bigint
3391 silly ADD node_modules/isexe
3392 silly ADD node_modules/punycode
3393 silly ADD node_modules/escalade
3394 silly ADD node_modules/napi-postinstall
3395 silly ADD node_modules/@unrs/resolver-binding-darwin-arm64
3396 silly ADD node_modules/which-boxed-primitive
3397 silly ADD node_modules/has-bigints
3398 silly ADD node_modules/@typescript-eslint/tsconfig-utils
3399 silly ADD node_modules/@typescript-eslint/project-service
3400 silly ADD node_modules/@typescript-eslint/types
3401 silly ADD node_modules/ts-api-utils
3402 silly ADD node_modules/@typescript-eslint/visitor-keys
3403 silly ADD node_modules/@typescript-eslint/visitor-keys/node_modules/eslint-visitor-keys
3404 silly ADD node_modules/@typescript-eslint/type-utils
3405 silly ADD node_modules/@typescript-eslint/scope-manager
3406 silly ADD node_modules/@typescript-eslint/utils
3407 silly ADD node_modules/@typescript-eslint/typescript-estree
3408 silly ADD node_modules/@typescript-eslint/typescript-estree/node_modules/balanced-match
3409 silly ADD node_modules/@typescript-eslint/typescript-estree/node_modules/brace-expansion
3410 silly ADD node_modules/@typescript-eslint/typescript-estree/node_modules/semver
3411 silly ADD node_modules/@typescript-eslint/typescript-estree/node_modules/minimatch
3412 silly ADD node_modules/@typescript-eslint/parser
3413 silly ADD node_modules/@typescript-eslint/eslint-plugin
3414 silly ADD node_modules/@typescript-eslint/eslint-plugin/node_modules/ignore
3415 silly ADD node_modules/which-builtin-type
3416 silly ADD node_modules/reflect.getprototypeof
3417 silly ADD node_modules/for-each
3418 silly ADD node_modules/strip-bom
3419 silly ADD node_modules/minimist
3420 silly ADD node_modules/@types/json5
3421 silly ADD node_modules/is-number
3422 silly ADD node_modules/has-flag
3423 silly ADD node_modules/client-only
3424 silly ADD node_modules/side-channel-weakmap
3425 silly ADD node_modules/side-channel-map
3426 silly ADD node_modules/side-channel-list
3427 silly ADD node_modules/shebang-regex
3428 silly ADD node_modules/@emnapi/runtime
3429 silly ADD node_modules/@img/sharp-wasm32
3430 silly ADD node_modules/detect-libc
3431 silly ADD node_modules/@img/sharp-libvips-darwin-arm64
3432 silly ADD node_modules/@img/sharp-darwin-arm64
3433 silly ADD node_modules/@img/colour
3434 silly ADD node_modules/isarray
3435 silly ADD node_modules/queue-microtask
3436 silly ADD node_modules/supports-preserve-symlinks-flag
3437 silly ADD node_modules/path-parse
3438 silly ADD node_modules/node-exports-info
3439 silly ADD node_modules/scheduler
3440 silly ADD node_modules/react-is
3441 silly ADD node_modules/object-assign
3442 silly ADD node_modules/loose-envify
3443 silly ADD node_modules/source-map-js
3444 silly ADD node_modules/nanoid
3445 silly ADD node_modules/callsites
3446 silly ADD node_modules/yocto-queue
3447 silly ADD node_modules/p-limit
3448 silly ADD node_modules/word-wrap
3449 silly ADD node_modules/fast-levenshtein
3450 silly ADD node_modules/deep-is
3451 silly ADD node_modules/tslib
3452 silly ADD node_modules/styled-jsx
3453 silly ADD node_modules/sharp
3454 silly ADD node_modules/sharp/node_modules/semver
3455 silly ADD node_modules/postcss
3456 silly ADD node_modules/@swc/helpers
3457 silly ADD node_modules/@next/swc-darwin-arm64
3458 silly ADD node_modules/@next/env
3459 silly ADD node_modules/concat-map
3460 silly ADD node_modules/balanced-match
3461 silly ADD node_modules/brace-expansion
3462 silly ADD node_modules/to-regex-range
3463 silly ADD node_modules/fill-range
3464 silly ADD node_modules/picomatch
3465 silly ADD node_modules/braces
3466 silly ADD node_modules/yallist
3467 silly ADD node_modules/p-locate
3468 silly ADD node_modules/type-check
3469 silly ADD node_modules/prelude-ls
3470 silly ADD node_modules/language-subtag-registry
3471 silly ADD node_modules/json-buffer
3472 silly ADD node_modules/argparse
3473 silly ADD node_modules/set-function-name
3474 silly ADD node_modules/is-extglob
3475 silly ADD node_modules/side-channel
3476 silly ADD node_modules/resolve-from
3477 silly ADD node_modules/parent-module
3478 silly ADD node_modules/hermes-estree
3479 silly ADD node_modules/resolve-pkg-maps
3480 silly ADD node_modules/dunder-proto
3481 silly ADD node_modules/is-document.all
3482 silly ADD node_modules/functions-have-names
3483 silly ADD node_modules/keyv
3484 silly ADD node_modules/flatted
3485 silly ADD node_modules/path-exists
3486 silly ADD node_modules/locate-path
3487 silly ADD node_modules/flat-cache
3488 silly ADD node_modules/reusify
3489 silly ADD node_modules/run-parallel
3490 silly ADD node_modules/fastq
3491 silly ADD node_modules/@nodelib/fs.scandir
3492 silly ADD node_modules/micromatch
3493 silly ADD node_modules/merge2
3494 silly ADD node_modules/@nodelib/fs.walk
3495 silly ADD node_modules/@nodelib/fs.stat
3496 silly ADD node_modules/acorn-jsx
3497 silly ADD node_modules/acorn
3498 silly ADD node_modules/esrecurse
3499 silly ADD node_modules/update-browserslist-db
3500 silly ADD node_modules/node-releases
3501 silly ADD node_modules/electron-to-chromium
3502 silly ADD node_modules/caniuse-lite
3503 silly ADD node_modules/baseline-browser-mapping
3504 silly ADD node_modules/@jridgewell/resolve-uri
3505 silly ADD node_modules/@jridgewell/sourcemap-codec
3506 silly ADD node_modules/@babel/helper-string-parser
3507 silly ADD node_modules/@babel/helper-globals
3508 silly ADD node_modules/@babel/helper-module-imports
3509 silly ADD node_modules/lru-cache
3510 silly ADD node_modules/browserslist
3511 silly ADD node_modules/@babel/helper-validator-option
3512 silly ADD node_modules/@babel/compat-data
3513 silly ADD node_modules/jsesc
3514 silly ADD node_modules/@jridgewell/trace-mapping
3515 silly ADD node_modules/@jridgewell/gen-mapping
3516 silly ADD node_modules/picocolors
3517 silly ADD node_modules/js-tokens
3518 silly ADD node_modules/@babel/helper-validator-identifier
3519 silly ADD node_modules/json5
3520 silly ADD node_modules/gensync
3521 silly ADD node_modules/convert-source-map
3522 silly ADD node_modules/@jridgewell/remapping
3523 silly ADD node_modules/@babel/types
3524 silly ADD node_modules/@babel/traverse
3525 silly ADD node_modules/@babel/template
3526 silly ADD node_modules/@babel/helpers
3527 silly ADD node_modules/@babel/helper-module-transforms
3528 silly ADD node_modules/@babel/helper-compilation-targets
3529 silly ADD node_modules/@babel/generator
3530 silly ADD node_modules/@babel/code-frame
3531 silly ADD node_modules/zod-validation-error
3532 silly ADD node_modules/zod
3533 silly ADD node_modules/hermes-parser
3534 silly ADD node_modules/@babel/parser
3535 silly ADD node_modules/@babel/core
3536 silly ADD node_modules/iterator.prototype
3537 silly ADD node_modules/string.prototype.repeat
3538 silly ADD node_modules/string.prototype.matchall
3539 silly ADD node_modules/prop-types
3540 silly ADD node_modules/object.entries
3541 silly ADD node_modules/estraverse
3542 silly ADD node_modules/es-iterator-helpers
3543 silly ADD node_modules/array.prototype.tosorted
3544 silly ADD node_modules/array.prototype.findlast
3545 silly ADD node_modules/string.prototype.includes
3546 silly ADD node_modules/language-tags
3547 silly ADD node_modules/jsx-ast-utils
3548 silly ADD node_modules/emoji-regex
3549 silly ADD node_modules/damerau-levenshtein
3550 silly ADD node_modules/axobject-query
3551 silly ADD node_modules/axe-core
3552 silly ADD node_modules/ast-types-flow
3553 silly ADD node_modules/aria-query
3554 silly ADD node_modules/is-symbol
3555 silly ADD node_modules/is-date-object
3556 silly ADD node_modules/es-abstract-get
3557 silly ADD node_modules/has-tostringtag
3558 silly ADD node_modules/possible-typed-array-names
3559 silly ADD node_modules/which-typed-array
3560 silly ADD node_modules/unbox-primitive
3561 silly ADD node_modules/typed-array-length
3562 silly ADD node_modules/typed-array-byte-offset
3563 silly ADD node_modules/typed-array-byte-length
3564 silly ADD node_modules/typed-array-buffer
3565 silly ADD node_modules/string.prototype.trimstart
3566 silly ADD node_modules/string.prototype.trim
3567 silly ADD node_modules/stop-iteration-iterator
3568 silly ADD node_modules/set-proto
3569 silly ADD node_modules/safe-regex-test
3570 silly ADD node_modules/safe-push-apply
3571 silly ADD node_modules/safe-array-concat
3572 silly ADD node_modules/regexp.prototype.flags
3573 silly ADD node_modules/own-keys
3574 silly ADD node_modules/object.assign
3575 silly ADD node_modules/object-inspect
3576 silly ADD node_modules/is-weakref
3577 silly ADD node_modules/is-typed-array
3578 silly ADD node_modules/is-shared-array-buffer
3579 silly ADD node_modules/is-set
3580 silly ADD node_modules/is-regex
3581 silly ADD node_modules/is-negative-zero
3582 silly ADD node_modules/is-data-view
3583 silly ADD node_modules/is-callable
3584 silly ADD node_modules/is-array-buffer
3585 silly ADD node_modules/internal-slot
3586 silly ADD node_modules/has-symbols
3587 silly ADD node_modules/has-proto
3588 silly ADD node_modules/globalthis
3589 silly ADD node_modules/get-symbol-description
3590 silly ADD node_modules/get-proto
3591 silly ADD node_modules/function.prototype.name
3592 silly ADD node_modules/es-to-primitive
3593 silly ADD node_modules/es-set-tostringtag
3594 silly ADD node_modules/data-view-byte-offset
3595 silly ADD node_modules/data-view-byte-length
3596 silly ADD node_modules/data-view-buffer
3597 silly ADD node_modules/available-typed-arrays
3598 silly ADD node_modules/arraybuffer.prototype.slice
3599 silly ADD node_modules/array-buffer-byte-length
3600 silly ADD node_modules/gopd
3601 silly ADD node_modules/object-keys
3602 silly ADD node_modules/has-property-descriptors
3603 silly ADD node_modules/define-data-property
3604 silly ADD node_modules/function-bind
3605 silly ADD node_modules/set-function-length
3606 silly ADD node_modules/es-define-property
3607 silly ADD node_modules/call-bind-apply-helpers
3608 silly ADD node_modules/es-shim-unscopables
3609 silly ADD node_modules/es-errors
3610 silly ADD node_modules/math-intrinsics
3611 silly ADD node_modules/is-string
3612 silly ADD node_modules/get-intrinsic
3613 silly ADD node_modules/es-object-atoms
3614 silly ADD node_modules/es-abstract
3615 silly ADD node_modules/define-properties
3616 silly ADD node_modules/call-bound
3617 silly ADD node_modules/call-bind
3618 silly ADD node_modules/tsconfig-paths
3619 silly ADD node_modules/tsconfig-paths/node_modules/json5
3620 silly ADD node_modules/string.prototype.trimend
3621 silly ADD node_modules/semver
3622 silly ADD node_modules/object.values
3623 silly ADD node_modules/object.groupby
3624 silly ADD node_modules/object.fromentries
3625 silly ADD node_modules/hasown
3626 silly ADD node_modules/eslint-module-utils
3627 silly ADD node_modules/eslint-module-utils/node_modules/debug
3628 silly ADD node_modules/doctrine
3629 silly ADD node_modules/array.prototype.flatmap
3630 silly ADD node_modules/array.prototype.flat
3631 silly ADD node_modules/array.prototype.findlastindex
3632 silly ADD node_modules/array-includes
3633 silly ADD node_modules/@rtsao/scc
3634 silly ADD node_modules/unrs-resolver
3635 silly ADD node_modules/tinyglobby
3636 silly ADD node_modules/tinyglobby/node_modules/picomatch
3637 silly ADD node_modules/tinyglobby/node_modules/fdir
3638 silly ADD node_modules/stable-hash
3639 silly ADD node_modules/is-bun-module
3640 silly ADD node_modules/is-bun-module/node_modules/semver
3641 silly ADD node_modules/get-tsconfig
3642 silly ADD node_modules/@nolyfill/is-core-module
3643 silly ADD node_modules/resolve
3644 silly ADD node_modules/is-core-module
3645 silly ADD node_modules/fast-glob
3646 silly ADD node_modules/fast-glob/node_modules/glob-parent
3647 silly ADD node_modules/typescript-eslint
3648 silly ADD node_modules/eslint-plugin-react-hooks
3649 silly ADD node_modules/eslint-plugin-react
3650 silly ADD node_modules/eslint-plugin-jsx-a11y
3651 silly ADD node_modules/eslint-plugin-import
3652 silly ADD node_modules/eslint-plugin-import/node_modules/debug
3653 silly ADD node_modules/eslint-import-resolver-typescript
3654 silly ADD node_modules/eslint-import-resolver-node
3655 silly ADD node_modules/eslint-import-resolver-node/node_modules/debug
3656 silly ADD node_modules/@next/eslint-plugin-next
3657 silly ADD node_modules/@next/eslint-plugin-next/node_modules/eslint-visitor-keys
3658 silly ADD node_modules/@next/eslint-plugin-next/node_modules/@eslint-community/eslint-utils
3659 silly ADD node_modules/ms
3660 silly ADD node_modules/which
3661 silly ADD node_modules/shebang-command
3662 silly ADD node_modules/path-key
3663 silly ADD node_modules/color-name
3664 silly ADD node_modules/color-convert
3665 silly ADD node_modules/supports-color
3666 silly ADD node_modules/ansi-styles
3667 silly ADD node_modules/uri-js
3668 silly ADD node_modules/json-schema-traverse
3669 silly ADD node_modules/fast-json-stable-stringify
3670 silly ADD node_modules/@humanfs/types
3671 silly ADD node_modules/@humanfs/core
3672 silly ADD node_modules/levn
3673 silly ADD node_modules/strip-json-comments
3674 silly ADD node_modules/js-yaml
3675 silly ADD node_modules/import-fresh
3676 silly ADD node_modules/globals
3677 silly ADD node_modules/@types/json-schema
3678 silly ADD node_modules/@eslint/object-schema
3679 silly ADD node_modules/optionator
3680 silly ADD node_modules/natural-compare
3681 silly ADD node_modules/minimatch
3682 silly ADD node_modules/lodash.merge
3683 silly ADD node_modules/json-stable-stringify-without-jsonify
3684 silly ADD node_modules/is-glob
3685 silly ADD node_modules/imurmurhash
3686 silly ADD node_modules/ignore
3687 silly ADD node_modules/glob-parent
3688 silly ADD node_modules/find-up
3689 silly ADD node_modules/file-entry-cache
3690 silly ADD node_modules/fast-deep-equal
3691 silly ADD node_modules/esutils
3692 silly ADD node_modules/esquery
3693 silly ADD node_modules/espree
3694 silly ADD node_modules/eslint-visitor-keys
3695 silly ADD node_modules/eslint-scope
3696 silly ADD node_modules/escape-string-regexp
3697 silly ADD node_modules/debug
3698 silly ADD node_modules/cross-spawn
3699 silly ADD node_modules/chalk
3700 silly ADD node_modules/ajv
3701 silly ADD node_modules/@types/estree
3702 silly ADD node_modules/@humanwhocodes/retry
3703 silly ADD node_modules/@humanwhocodes/module-importer
3704 silly ADD node_modules/@humanfs/node
3705 silly ADD node_modules/@eslint/plugin-kit
3706 silly ADD node_modules/@eslint/js
3707 silly ADD node_modules/@eslint/eslintrc
3708 silly ADD node_modules/@eslint/core
3709 silly ADD node_modules/@eslint/config-helpers
3710 silly ADD node_modules/@eslint/config-array
3711 silly ADD node_modules/@eslint-community/regexpp
3712 silly ADD node_modules/@eslint-community/eslint-utils
3713 silly ADD node_modules/@eslint-community/eslint-utils/node_modules/eslint-visitor-keys
3714 silly ADD node_modules/csstype
3715 silly ADD node_modules/undici-types
3716 silly ADD node_modules/typescript
3717 silly ADD node_modules/react-dom
3718 silly ADD node_modules/react
3719 silly ADD node_modules/next
3720 silly ADD node_modules/eslint-config-next
3721 silly ADD node_modules/eslint-config-next/node_modules/globals
3722 silly ADD node_modules/eslint
3723 silly ADD node_modules/@types/react-dom
3724 silly ADD node_modules/@types/react
3725 silly ADD node_modules/@types/node
3726 verbose cwd /Users/chiragyogeshpednekar/Documents/0987654321/next-app
3727 verbose os Darwin 25.5.0
3728 verbose node v24.12.0
3729 verbose npm  v11.6.2
3730 verbose exit 0
3731 info ok
